gene_id	gene_name	status	log2FoldChange	padj	pvalue	baseMean	mean_MM1S_coculture	mean_MM1S_monoculture
ENSG00000281181	FP236383.3	up	10.280702860776291	0.00011110239360441589	6.5776089991365745e-09	310.7353612083405	621.470722416681	0.0
ENSG00000187908	DMBT1	up	5.434868688017216	0.0645452736812012	1.5285127862459583e-05	266.00190666793407	520.4604915330153	11.543321802852816
ENSG00000228253	MT-ATP8	up	5.257642890740974	0.06695178962453716	1.981877616024426e-05	19676.32419853751	38350.680395779076	1001.9680012959567
ENSG00000250420	AACSP1	up	2.803217890459118	0.08289598057121456	0.00669563512314367	22.594266870334934	39.90046483584213	5.288068904827732
ENSG00000251595	ABCA11P	up	1.299705218889004	0.08289598057121456	0.02679542998283319	40.841106927357494	58.297947344355826	23.384266510359172
ENSG00000118777	ABCG2	up	2.0392828732940846	0.08289598057121456	0.02405220519699228	8.958922110078577	14.716020251310388	3.2018239688467656
ENSG00000228532	AC005000.1	up	1.6707029785729897	0.08289598057121456	0.029632094187770002	8.422041438444676	13.078935703602363	3.7651471732869894
ENSG00000243004	AC005062.1	up	1.179702578095679	0.08289598057121456	0.02204619363294839	64.24395909402143	89.33217756574372	39.155740622299156
ENSG00000267243	AC005381.1	up	1.209371834434071	0.08289598057121456	0.030031776682067475	28.79046847712137	40.39542807946677	17.185508874775973
ENSG00000267192	AC006116.4	up	1.42431130512691	0.08289598057121456	0.02775400207347815	12.13461853016995	17.90979805630074	6.3594390040391575
ENSG00000279407	AC007191.1	up	1.0173798851134266	0.08289598057121456	0.02422864533497279	377.3930480154468	505.37661159866724	249.40948443222638
ENSG00000284681	AC007240.1	up	1.137475233454616	0.08289598057121456	0.024696559775878653	135.6737227756844	186.73772142786393	84.6097241235049
ENSG00000257221	AC007569.1	up	1.0622370426412675	0.08289598057121456	0.022033306177200222	94.113310824037	127.45188284194091	60.774738806133065
ENSG00000276663	AC009090.3	up	1.3351368522134568	0.08289598057121456	0.031733631175921796	10.765832479835508	15.636063916748682	5.895601042922331
ENSG00000233868	AC009302.1	up	2.5743864290190333	0.08289598057121456	0.016593808185243506	14.602246426693545	25.362381316262212	3.8421115371248766
ENSG00000258056	AC009779.2	up	1.087753050117866	0.08289598057121456	0.028144816237146732	84.57926086587001	115.21524266337144	53.94327906836859
ENSG00000259659	AC009996.1	up	1.362422132705999	0.08289598057121456	0.023132693692464613	17.899431432355517	25.99442047152395	9.804442393187092
ENSG00000270933	AC010719.1	up	1.3304019344342233	0.08289598057121456	0.019665706637921977	109.39965356490565	156.76264602923354	62.036661100577795
ENSG00000253854	AC010834.3	up	1.1421060465956383	0.08289598057121456	0.031205782051770593	23.334333456337266	32.304861050246565	14.363805862427961
ENSG00000267383	AC011447.3	up	1.6241470862377159	0.08289598057121456	0.021891145169969362	42.26221852320169	64.07590807764808	20.4485289687553
ENSG00000269397	AC011503.2	up	3.6850369416924655	0.08289598057121456	0.008130818531604238	8.705653197144121	16.583115715377986	0.8281906789102562
ENSG00000242575	AC012501.2	up	1.4023436172233648	0.08289598057121456	0.025027707895208355	31.5557963695816	46.01450173169598	17.097091007467228
ENSG00000226398	AC013480.1	up	1.6010099004739735	0.08289598057121456	0.03078838217282304	13.009906720010813	19.821055804438426	6.198757635583199
ENSG00000251405	AC016571.1	up	2.299136579033111	0.08289598057121456	0.02418466396515174	8.074978567470755	13.75380296551949	2.39615416942202
ENSG00000270820	AC016727.1	up	1.1136436506278786	0.08289598057121456	0.028396173456303814	63.81136174966863	87.4696925382584	40.15303096107885
ENSG00000267940	AC022762.2	up	1.9215599873843383	0.08289598057121456	0.01862374652967565	19.240872173158568	30.73632514693482	7.7454191993823125
ENSG00000269514	AC024257.3	up	2.5391427632302377	0.08289598057121456	0.009308964128761393	19.292133610325244	33.273677436337245	5.310589784313243
ENSG00000279551	AC025263.3	up	1.6203376810654209	0.08289598057121456	0.026223799906538232	19.8290886401272	30.17941235921369	9.478764921040712
ENSG00000234337	AC026462.1	up	1.4549318668084459	0.08289598057121456	0.02446692494115952	24.167517772684196	35.64891296747359	12.686122577894801
ENSG00000283341	AC068205.2	up	1.5325023775444706	0.08289598057121456	0.0231088241487487	46.66693923899927	69.60141361600748	23.732464861991062
ENSG00000275709	AC090527.3	up	4.519373802950877	0.08289598057121456	0.0075681067142749575	5.483331918006798	10.966663836013597	0.0
ENSG00000284783	AC091057.5	up	2.8304473363552245	0.08289598057121456	0.010106899731300308	12.905491521718398	23.006267222566976	2.804715820869824
ENSG00000284906	AC091057.6	up	1.0000571489103887	0.08289598057121456	0.023041505412813783	686.0823792880874	914.955260000912	457.2094985752629
ENSG00000272335	AC093297.2	up	1.1304843260962703	0.08289598057121456	0.02022848293542531	321.68055153484624	441.82410223917867	201.53700083051385
ENSG00000272308	AC104113.1	up	1.4289487409351689	0.08289598057121456	0.027715728321525742	15.59838106842781	22.977270425658478	8.219491711197142
ENSG00000280173	AC104447.1	up	1.1107207889347912	0.08289598057121456	0.02345607362980109	51.91773370904408	71.15480540931308	32.680662008775066
ENSG00000274653	AC106782.6	up	1.8648053454212834	0.08289598057121456	0.021938161991927725	13.76943740580254	21.89115405167459	5.6477207599304835
ENSG00000248632	AC106872.5	up	1.5081960206084732	0.08289598057121456	0.018180648116746113	80.59996245038906	119.51025574754271	41.689669153235414
ENSG00000270019	AC110769.2	up	1.1958223592899038	0.08289598057121456	0.03055586493544013	34.06828013133245	47.627221296233266	20.509338966431645
ENSG00000279864	AC124864.2	up	2.249240947140016	0.08289598057121456	0.010942037514836267	35.530507497088294	59.03808699150162	12.022928002674966
ENSG00000254701	AC138866.2	up	1.0352370052983686	0.08289598057121456	0.024053935589885937	89.20938075178582	120.08233402242543	58.33642748114618
ENSG00000276298	AC234782.4	up	1.8898839345585818	0.08289598057121456	0.024029895149858715	8.625682596569115	13.87309161713018	3.37827357600805
ENSG00000268355	AC243960.3	up	3.8497508227241095	0.08289598057121456	0.0063503756429764335	7.52329379182471	14.505785258694708	0.5408023249547133
ENSG00000285184	AC244033.2	up	1.4125135893292349	0.08289598057121456	0.028839410834283357	23.41182631256453	34.264237032733845	12.559415592395217
ENSG00000274422	AC245060.5	up	1.9085491698056534	0.08289598057121456	0.012446265332038848	160.03227710397974	253.03334355102845	67.03121065693101
ENSG00000120907	ADRA1A	up	2.006636960652679	0.08289598057121456	0.030855695095739114	9.038328617356115	14.775348022542067	3.3013092121701626
ENSG00000169252	ADRB2	up	1.3820919623489902	0.08289598057121456	0.0173662078484627	404.04753939553865	584.2490495867896	223.84602920428756
ENSG00000111863	ADTRP	up	3.044148516252089	0.08289598057121456	0.0031820407507985333	176.21130449668985	314.70895770140936	37.71365129197033
ENSG00000263335	AF001548.2	up	1.0178481069004814	0.08289598057121456	0.03514895566509089	62.06078115764199	83.2576459354131	40.86391637987088
ENSG00000226751	AF127936.1	up	1.7255394359206269	0.08289598057121456	0.016143185254021204	76.59232778380408	117.88634802327879	35.29830754432939
ENSG00000231125	AF129075.1	up	1.0979176124602608	0.08289598057121456	0.027834117072594936	44.89321744803744	61.37774800258514	28.408686893489733
ENSG00000272977	AL008721.2	up	1.3108528366435017	0.08289598057121456	0.022384131416413898	44.54837210901897	63.7134316862337	25.38331253180425
ENSG00000230424	AL035413.1	up	1.792459392121095	0.08289598057121456	0.024703711510823127	19.40894744465399	30.398213738691183	8.419681150616796
ENSG00000271789	AL080317.2	up	1.2551221684994964	0.08289598057121456	0.03261401368348686	8.583153032387777	12.302567050100953	4.863739014674603
ENSG00000216775	AL109918.1	up	1.1254091012327785	0.08289598057121456	0.01921098397130512	5789.646674242398	7940.061913769258	3639.231434715537
ENSG00000283930	AL117339.5	up	1.970340387937775	0.08289598057121456	0.016519247956444664	27.298849870314953	43.794150749378595	10.803548991251306
ENSG00000280129	AL132780.5	up	1.5476194603787987	0.08289598057121456	0.031061459690994782	11.16949596813967	16.89024166299565	5.44875027328369
ENSG00000227388	AL133410.1	up	1.2202841320157645	0.08289598057121456	0.027431512915813045	39.16453068706999	55.00599098891337	23.32307038522661
ENSG00000233589	AL138789.1	up	1.0992831260501303	0.08289598057121456	0.027903860958744663	49.597342999071685	67.81075349208606	31.383932506057302
ENSG00000224072	AL139811.1	up	1.586658201977672	0.08289598057121456	0.02685994771412655	11.894782522946286	18.097635352307712	5.691929693584858
ENSG00000284977	AL160272.1	up	1.894529063653927	0.08289598057121456	0.016744583670409673	23.533451239144796	37.37893251990409	9.687969958385507
ENSG00000203325	AL445248.1	up	2.2802263211636116	0.08289598057121456	0.02259425398160119	8.061897859941505	13.700419808284805	2.423375911598208
ENSG00000229052	AL449283.1	up	2.0558844426746874	0.08289598057121456	0.029249686484515352	6.3420015563707475	10.531028363620642	2.1529747491208515
ENSG00000218426	AL590867.2	up	2.1148826391123072	0.08289598057121456	0.010766602799113007	117.41275456042763	191.09341783783705	43.732091283018214
ENSG00000280099	AL603750.1	up	1.2464803070021115	0.08289598057121456	0.03434160037398939	17.349716539864477	24.614354973366503	10.085078106362449
ENSG00000272540	AL662797.1	up	1.2468929398514075	0.08289598057121456	0.032706264638929734	30.475817627145627	43.08633074027347	17.865304514017783
ENSG00000282886	AL691447.3	up	3.2437114199081267	0.08289598057121456	0.009780989169751113	7.78150177413897	14.481398898368516	1.0816046499094265
ENSG00000248546	ANP32C	up	2.2313754906336736	0.08289598057121456	0.030396233707327268	7.055426333916919	11.957877918712986	2.1529747491208515
ENSG00000143401	ANP32E	up	1.168609938715243	0.08289598057121456	0.01900900065028989	13617.245637419772	18849.550803055175	8384.94047178437
ENSG00000247137	AP000873.2	up	1.2097336205226248	0.08289598057121456	0.021204562707615122	101.08885514228307	141.3493608193973	60.8283494651688
ENSG00000254786	AP001636.1	up	1.8910202114472376	0.08289598057121456	0.029411413530698604	9.566331001860858	15.357280279736722	3.775381723984991
ENSG00000279900	AP001767.4	up	1.6495014288936887	0.08289598057121456	0.025972827480342343	27.015572504776614	41.22976894962971	12.801376059923525
ENSG00000135931	ARMC9	up	1.4928262829482166	0.08289598057121456	0.016508841095627738	191.03891099913895	282.1483865742178	99.92943542406012
ENSG00000244124	ATP1B3-AS1	up	2.0323616385211074	0.08289598057121456	0.0150388419124567	26.316323797673288	42.597312110645824	10.03533548470075
ENSG00000175866	BAIAP2	up	2.1605941395522033	0.08289598057121456	0.009646123043496619	290.21461481164766	474.65426133502666	105.77496828826877
ENSG00000237758	BANF1P3	up	3.0766815738244153	0.08289598057121456	0.011407711630451657	9.829131307768224	17.969125827532423	1.689136788004025
ENSG00000184515	BEX5	up	1.067146989773765	0.08289598057121456	0.02216746290785117	140.33775549628194	190.1740538635107	90.50145712905321
ENSG00000170819	BFSP2	up	1.4380495899396664	0.08289598057121456	0.020875150563050473	47.89411440881705	70.19654407380169	25.591684743832403
ENSG00000180828	BHLHE22	up	1.2126530298113183	0.08289598057121456	0.026688002069210823	98.92021100854289	138.40602434081322	59.43439767627259
ENSG00000159388	BTG2	up	1.1546781987958394	0.08289598057121456	0.018892708510572755	11584.411004873213	15987.87965045403	7180.942359292395
ENSG00000182993	C12orf60	up	1.3046612679756107	0.08289598057121456	0.030150867419578016	31.707844501050406	45.35346577952575	18.06222322257507
ENSG00000166845	C18orf54	up	1.1463351522714185	0.08289598057121456	0.020225154377214234	824.3767412600495	1135.8727665739145	512.8807159461843
ENSG00000237651	C2orf74	up	1.22228144347713	0.08289598057121456	0.02897433424090971	20.823098665060133	29.35164921219508	12.294548117925183
ENSG00000275356	C7orf77	up	2.7200016709495456	0.08289598057121456	0.03401410774447901	8.832391810386838	15.705245670292294	1.959537950481381
ENSG00000217241	CBX3P9	up	1.4540541769302737	0.08289598057121456	0.021471574171982945	33.01194828673122	48.60196091916547	17.42193565429696
ENSG00000176714	CCDC121	up	1.0234639445202571	0.08289598057121456	0.023270099489185955	59.19092074502287	79.5181900843928	38.86365140565294
ENSG00000242715	CCDC169	up	2.1474665842316374	0.08289598057121456	0.012762758972917388	36.274531844287964	59.50534103366789	13.043722654908047
ENSG00000122483	CCDC18	up	1.0773241212071665	0.08289598057121456	0.02072162886741249	592.7458981707484	804.4977343311084	380.9940620103883
ENSG00000188549	CCDC9B	up	1.8616163889745998	0.08289598057121456	0.02724466211061433	11.773557059575424	18.75010491761613	4.797009201534718
ENSG00000118971	CCND2	up	1.0028651972307865	0.08289598057121456	0.02015433470186709	24445.008952196305	32615.082062097204	16274.93584229541
ENSG00000138764	CCNG2	up	1.0315448209260096	0.08289598057121456	0.021207355639995196	595.0003003634498	799.2661527121136	390.7344480147862
ENSG00000121807	CCR2	up	2.8093306266761657	0.08289598057121456	0.00412636650050674	302.70303464077574	530.1960939371598	75.2099753443916
ENSG00000156535	CD109	up	1.4483466909089127	0.08289598057121456	0.01743248479847458	231.5315142218511	339.1143614499567	123.94866699374553
ENSG00000163606	CD200R1	up	1.676135325804574	0.08289598057121456	0.014688641579602809	458.89641016339095	699.3088135188519	218.48400680792983
ENSG00000120217	CD274	up	1.0829014573283386	0.08289598057121456	0.02361279956078987	93.29148377780496	126.92728969226046	59.655677863349446
ENSG00000114013	CD86	up	1.179651649239394	0.08289598057121456	0.019631140442782156	732.4896888342837	1016.5114545888473	448.46792307972004
ENSG00000138769	CDKL2	up	1.534553213745692	0.08289598057121456	0.02290948791733032	51.74782129364263	77.18117222332954	26.31447036395572
ENSG00000099954	CECR2	up	1.39290863795762	0.08289598057121456	0.030852540366371112	9.624724816538256	14.165052077586251	5.08439755549026
ENSG00000138778	CENPE	up	1.3634155907674934	0.08289598057121456	0.017437706528804227	3025.1728754050273	4357.183817725393	1693.1619330846618
ENSG00000102384	CENPI	up	1.1290076423819406	0.08289598057121456	0.019564056016610352	1019.7223167467342	1399.7212840400434	639.723349453425
ENSG00000138180	CEP55	up	1.1110543279354508	0.08289598057121456	0.02053909840550946	2345.6288864784387	3206.8822648941023	1484.375508062775
ENSG00000153140	CETN3	up	1.4822279777715852	0.08289598057121456	0.01638901961957511	586.7238612549103	864.3773226154464	309.07039989437396
ENSG00000143942	CHAC2	up	1.07995797525183	0.08289598057121456	0.020552193402945326	819.1288766264533	1112.3379792838502	525.9197739690563
ENSG00000110172	CHORDC1	up	1.0221978391395345	0.08289598057121456	0.020104813730875134	2612.047176712724	3500.7157950109086	1723.378558414539
ENSG00000169607	CKAP2L	up	1.0707238049691679	0.08289598057121456	0.019720717319390704	1985.923542618744	2690.984775955416	1280.8623092820724
ENSG00000268942	CKS1BP3	up	1.0290172592706899	0.08289598057121456	0.034497060397179195	61.82079579931483	83.14961340264905	40.491978195980614
ENSG00000155962	CLIC2	up	1.2782550102201917	0.08289598057121456	0.018876038495482906	236.4341476264789	335.0309389129712	137.8373563399866
ENSG00000164237	CMBL	up	1.024403009413067	0.08289598057121456	0.023297452410523143	92.2598740731026	123.87519823548952	60.64454991071566
ENSG00000116791	CRYZ	up	1.1806032354610192	0.08289598057121456	0.020214812639864424	345.02264228224107	479.00396272138454	211.04132184309745
ENSG00000169245	CXCL10	up	1.2306877382525716	0.08289598057121456	0.018215891563672596	639.4696349580713	897.0012026689583	381.9380672471843
ENSG00000165168	CYBB	up	1.0746032377480446	0.08289598057121456	0.02038425677097264	1507.237528720508	2044.1648665954187	970.3101908455974
ENSG00000001630	CYP51A1	up	1.0519465947160558	0.08289598057121456	0.022429612189632523	200.26230737121986	270.3763572877943	130.1482574546454
ENSG00000145358	DDIT4L	up	2.2550613097677283	0.08289598057121456	0.00971682427315889	85.69822086708609	142.03672521364663	29.35971652052554
ENSG00000024526	DEPDC1	up	1.0341347489443646	0.08289598057121456	0.02059437307989194	1943.4183685806865	2611.75165018989	1275.0850869714832
ENSG00000139734	DIAPH3	up	1.0803568785613693	0.08289598057121456	0.021350294961107776	666.6613672077958	905.408087486498	427.91464692909364
ENSG00000126787	DLGAP5	up	1.1666786334021197	0.08289598057121456	0.01928342348076154	2080.330030712891	2878.653581807244	1282.0064796185386
ENSG00000162616	DNAJB4	up	1.604783696346018	0.08289598057121456	0.01499850334089909	268.5911362054645	404.51832880025313	132.66394361067591
ENSG00000247400	DNAJC3-DT	up	1.4491477924796028	0.08289598057121456	0.01973974240485702	49.05516923522373	72.04252943671071	26.067809033736737
ENSG00000196205	EEF1A1P5	up	1.4183345347902678	0.08289598057121456	0.015862470585620198	8114.667297276575	11810.732911085526	4418.601683467626
ENSG00000128692	EIF2S2P4	up	1.4797572129269576	0.08289598057121456	0.016070760635583353	495.8735806634133	730.2407053621482	261.5064559646784
ENSG00000134531	EMP1	up	1.0634445090854547	0.08289598057121456	0.020306243530431752	604.443037546741	817.8264568748142	391.05961821866794
ENSG00000089048	ESF1	up	1.272514700968675	0.08289598057121456	0.018270144747991462	1497.9722154467636	2119.073292894558	876.8711379989687
ENSG00000196482	ESRRG	up	1.2687207748670313	0.08289598057121456	0.035113063188256625	32.12009471787167	45.60524128334669	18.63494815239665
ENSG00000006468	ETV1	up	1.1249950076648287	0.08289598057121456	0.030708063301188138	31.68672757617072	43.63664442769481	19.736810724646627
ENSG00000126860	EVI2A	up	1.201451993604807	0.08289598057121456	0.01875986118964044	2305.9229328361757	3214.390967625248	1397.454898047103
ENSG00000116903	EXOC8	up	1.042254439774756	0.08289598057121456	0.020530473139922532	2115.161466623365	2847.78606888651	1382.5368643602205
ENSG00000135063	FAM189A2	up	1.2134321648961781	0.08289598057121456	0.03041115809641353	21.958055017973283	30.882621931736523	13.033488104210045
ENSG00000188732	FAM221A	up	2.8894793643442176	0.08289598057121456	0.0060540340768968845	27.416171104848377	48.69356174647326	6.1387804632235
ENSG00000279516	FAM230C	up	1.473818471249186	0.08289598057121456	0.02207684952668521	58.52199176203021	86.29525159613434	30.748731927926084
ENSG00000172717	FAM71D	up	1.0871254469209999	0.08289598057121456	0.028893574901587955	64.92508879347967	88.4714616715371	41.37871591542226
ENSG00000026103	FAS	up	1.2075948131665517	0.08289598057121456	0.02018363408024167	436.46705443860327	609.3676100541009	263.56649882310575
ENSG00000204923	FBXO48	up	1.2309589391064162	0.08289598057121456	0.018488558296228856	608.3355532738829	853.3863442058804	363.28476234188537
ENSG00000139132	FGD4	up	1.2493629961815913	0.08289598057121456	0.01795415079563239	1818.2357092041882	2559.9565949845	1076.5148234238764
ENSG00000102678	FGF9	up	1.2998171906014266	0.08289598057121456	0.028377766874587658	65.00789202422693	92.67157246442385	37.344211584030006
ENSG00000127951	FGL2	up	1.9619935070368766	0.08289598057121456	0.012102362616770572	53.70039481693868	85.76010339587458	21.640686238002775
ENSG00000100442	FKBP3	up	1.1704549779524978	0.08289598057121456	0.020723173769280564	553.7734867682726	767.0423374385955	340.5046360979499
ENSG00000115414	FN1	up	1.0448499924426804	0.08289598057121456	0.02034901081127451	1331.4221116607605	1793.702633796138	869.1415895253831
ENSG00000137942	FNBP1L	up	1.0147516524215918	0.08289598057121456	0.02598679699779168	142.33882856900928	190.59978877162712	94.0778683663914
ENSG00000138759	FRAS1	up	1.1027144399186088	0.08289598057121456	0.026388389101160308	73.15728898332144	100.01214586418632	46.30243210245656
ENSG00000001036	FUCA2	up	3.4790601737888225	0.08289598057121456	0.002655661202793641	29.330750574986823	54.251365545717874	4.410135604255777
ENSG00000119125	GDA	up	1.6118329038626773	0.08289598057121456	0.017093570892379954	61.26705057081603	92.57997163711609	29.954129504515986
ENSG00000153982	GDPD1	up	1.6406651667375791	0.08289598057121456	0.015122696297667045	80.83611910683284	122.67042631904228	39.00181189462339
ENSG00000164949	GEM	up	1.0332463074931466	0.08289598057121456	0.023271464079065416	126.34297060777232	169.91806365494665	82.76787756059798
ENSG00000152661	GJA1	up	1.1912356907087505	0.08289598057121456	0.018430138673195547	1667.1241353173064	2318.9827414571996	1015.2655291774132
ENSG00000186469	GNG2	up	1.0595525111159099	0.08289598057121456	0.02221064996804925	217.34616955141996	293.93031259726416	140.7620265055758
ENSG00000103832	GOLGA8UP	up	1.956487581840877	0.08289598057121456	0.019045327762912394	25.237302674178157	40.42903531295756	10.045570035398752
ENSG00000115159	GPD2	up	1.317559464554341	0.08289598057121456	0.017320175448459752	324.5701470254938	463.4838898199235	185.65640423106413
ENSG00000279220	GPR1-AS	up	2.272767612505346	0.08289598057121456	0.024936243148703713	8.734455743816227	14.802356155733078	2.6665553318993767
ENSG00000147138	GPR174	up	1.5180433240107247	0.08289598057121456	0.017686119278684832	206.69091655644684	306.64080974595333	106.74102336694027
ENSG00000147697	GSDMC	up	1.1325310880463075	0.08289598057121456	0.020532280484505613	129.93714627122563	178.6577774083431	81.21651513410818
ENSG00000170899	GSTA4	up	1.3938209066678864	0.08289598057121456	0.02628631229353382	21.546230545845017	31.43820054204296	11.654260549647075
ENSG00000135077	HAVCR2	up	2.521154106524677	0.08289598057121456	0.00640786790333695	141.08908151147827	240.66616242965526	41.512000593301266
ENSG00000165259	HDX	up	1.0305748386786686	0.08289598057121456	0.0297799834901047	97.81666427390446	131.51164146402297	64.12168708378591
ENSG00000136929	HEMGN	up	1.4464938464974673	0.08289598057121456	0.01574019893781681	1234.7564971006786	1806.8679366755132	662.6450575258444
ENSG00000132967	HMGB1P5	up	1.1834435313365184	0.08289598057121456	0.01878994380569069	727.2293080912788	1010.0251125240762	444.43350365848147
ENSG00000230330	HMGN2P3	up	1.4248729724776499	0.08289598057121456	0.02080458120284856	47.697217722978394	69.73518806366786	25.659247382288935
ENSG00000234664	HMGN2P5	up	1.3742141603873888	0.08289598057121456	0.025590914574555427	63.29516861280306	91.57227926699586	35.01805795861025
ENSG00000198157	HMGN5	up	1.216626129300387	0.08289598057121456	0.019835680575235624	933.8801202451905	1306.0623778287725	561.6978626616086
ENSG00000072571	HMMR	up	1.1369586705450687	0.08289598057121456	0.019605775887724834	2545.178619187918	3499.394966358941	1590.9622720168943
ENSG00000214223	HNRNPA1P10	up	1.6014366080553648	0.08289598057121456	0.018219411535109913	142.545065501413	214.678383812742	70.41174719008401
ENSG00000257851	HNRNPA3P10	up	2.5951696823641313	0.08289598057121456	0.023799396314205606	6.937593813389651	12.263015202613166	1.6121724241661382
ENSG00000236565	HNRNPA3P5	up	2.4206196494704275	0.08289598057121456	0.010508918599908625	40.83179163175476	69.153910292776	12.509672970733519
ENSG00000213300	HNRNPA3P6	up	1.2413726093085204	0.08289598057121456	0.024889506921945265	87.14092434232657	122.68028030135422	51.60156838329895
ENSG00000080824	HSP90AA1	up	1.0457976288749358	0.08289598057121456	0.020357605413966938	29536.976562875265	39797.30860156825	19276.64452418228
ENSG00000138413	IDH1	up	1.0204429117257796	0.08289598057121456	0.020603132447793826	661.6091920007401	886.4721629690551	436.7462210324249
ENSG00000068885	IFT80	up	1.0326331778265765	0.08289598057121456	0.021244564158334506	1188.7495368605428	1597.0763483587953	780.4227253622904
ENSG00000211668	IGLV2-11	up	2.1564269486977534	0.08289598057121456	0.02267139146593487	12.405622052591033	20.582258970778245	4.228985134403817
ENSG00000211666	IGLV2-14	up	1.5494043361927488	0.08289598057121456	0.016858108483829255	1151.2637674711225	1716.4348575596478	586.0926773825977
ENSG00000226420	IGLV3-4	up	1.5260832793899133	0.08289598057121456	0.030933092084982614	14.424848034844727	21.65653269873272	7.193163370956737
ENSG00000254077	IGLV3-7	up	1.3266696767661652	0.08289598057121456	0.01778806372084694	203.0034499788829	290.4920167027091	115.5148832550567
ENSG00000109452	INPP4B	up	1.041422751825049	0.08289598057121456	0.023742646708806193	89.45024518422514	120.57596308863538	58.32452727981488
ENSG00000154721	JAM2	up	1.5989077782509853	0.08289598057121456	0.018704113398667708	44.2160869764784	66.7358252778288	21.696348675128007
ENSG00000153814	JAZF1	up	1.0218745307392398	0.08289598057121456	0.021001385908581888	572.1163111291636	766.8373536470167	377.39526861131066
ENSG00000183340	JRKL	up	1.0031963138123805	0.08289598057121456	0.026543249730663493	355.1044276207049	473.9892617772696	236.21959346414016
ENSG00000118193	KIF14	up	1.0247375577538604	0.08289598057121456	0.02016066911800671	4329.582425454907	5805.8470268383235	2853.31782407149
ENSG00000102271	KLHL4	up	1.342516181994805	0.08289598057121456	0.024701454300344167	51.05976099281036	73.45620216835896	28.663319817261765
ENSG00000153012	LGI2	up	1.0409619323584127	0.08289598057121456	0.02075539579093549	953.4986642703751	1283.4791848147997	623.5181437259506
ENSG00000113594	LIFR	up	1.4816394672578233	0.08289598057121456	0.023747044718451564	51.20998610293904	75.65151230404734	26.768459901830756
ENSG00000174405	LIG4	up	1.0847979209443515	0.08289598057121456	0.019978565832739836	625.7585435139605	850.708006636526	400.8090803913952
ENSG00000249550	LINC01234	up	2.477246584634354	0.08289598057121456	0.009367181120377545	34.50050678992999	58.84367197235033	10.157341607509657
ENSG00000253686	LINC01484	up	1.0728477104532688	0.08289598057121456	0.023260915901030247	60.33669772967119	81.96920646937254	38.70418898996984
ENSG00000196741	LINC01560	up	1.0431329602902393	0.08289598057121456	0.030255160991213264	46.66303059300001	63.007578963690605	30.318482222309417
ENSG00000260192	LINC02240	up	2.011773050465965	0.08289598057121456	0.03334783592402011	23.872364122841102	38.559271494060575	9.185456751621631
ENSG00000271601	LIX1L	up	1.1687302004036026	0.08289598057121456	0.02086836002094055	88.44386276774935	122.62165359838987	54.26607193710881
ENSG00000087253	LPCAT2	up	1.1463270399670624	0.08289598057121456	0.019471885744345867	435.2834959558566	599.8462161423532	270.72077576936
ENSG00000125872	LRRN4	up	1.9768231463075867	0.08289598057121456	0.03257929982105111	7.449833389079857	12.178667961907962	2.7209988162517527
ENSG00000183742	MACC1	up	1.2275130482613212	0.08289598057121456	0.018014675085281994	3033.864616378643	4252.130656296772	1815.5985764605132
ENSG00000165509	MAGEC3	up	1.0363389288080642	0.08289598057121456	0.029377151319676605	150.7992310901066	202.91889824061528	98.67956393959791
ENSG00000251562	MALAT1	up	1.2969845537397569	0.08289598057121456	0.017785145954424143	21184.884204986196	30114.278021336777	12255.490388635613
ENSG00000165072	MAMDC2	up	1.0191795959116507	0.08289598057121456	0.02181610413046577	415.7433087404074	556.9450077612929	274.5416097195218
ENSG00000204706	MAMDC2-AS1	up	1.4451217667973242	0.08289598057121456	0.03276278288515649	16.966754778746544	25.04999044575946	8.883519111733623
ENSG00000109339	MAPK10	up	2.195132370783749	0.08289598057121456	0.029857148533572107	8.73446532633667	14.658681143796192	2.8102495088771486
ENSG00000151376	ME3	up	1.5519472478571952	0.08289598057121456	0.031189283841740068	26.327442216493775	39.5096247566666	13.145259676320952
ENSG00000140259	MFAP1	up	1.045876534133678	0.08289598057121456	0.020694936064803812	1594.6771628517527	2148.826747330027	1040.5275783734783
ENSG00000238123	MID1IP1-AS1	up	1.5631406040428606	0.08289598057121456	0.028917087362180165	34.86623692737643	52.3479944933301	17.38447936142277
ENSG00000271605	MILR1	up	1.193140715020701	0.08289598057121456	0.032981478325838566	23.564352511565584	32.98433874874599	14.144366274385169
ENSG00000207954	MIR138-1	up	4.542942704282977	0.08289598057121456	0.0020223072817496563	12.151503895488206	23.762205466021697	0.5408023249547133
ENSG00000221275	MIR548I2	up	2.8537723914854007	0.08289598057121456	0.016457012979379466	6.803302647779172	12.331563847009447	1.2750414485488966
ENSG00000207561	MIR635	up	1.0834890633981358	0.08289598057121456	0.027132258326030032	37.63844121178608	51.32254006799258	23.95434235557958
ENSG00000150054	MPP7	up	1.1797141937462583	0.08289598057121456	0.02374027725753179	57.73685725962765	80.3037796110588	35.1699349081965
ENSG00000163319	MRPS18C	up	1.2883838296472536	0.08289598057121456	0.01785978713098462	623.2851174271284	884.6723461034354	361.89788875082127
ENSG00000235531	MSC-AS1	up	1.1843174417686682	0.08289598057121456	0.02907967569650022	44.34624719024513	61.785041164372394	26.907453216117858
ENSG00000052802	MSMO1	up	1.3594051296080367	0.08289598057121456	0.01704520848688303	1618.0297592949573	2328.750523753491	907.3089948364235
ENSG00000211459	MT-RNR1	up	1.1291546105872605	0.08289598057121456	0.022004285835364443	19776.39680030476	27143.502338926646	12409.291261682869
ENSG00000210164	MT-TG	up	2.3295232574860307	0.08289598057121456	0.007661179508107061	174.928552037579	292.13701315097614	57.720090924181896
ENSG00000210156	MT-TK	up	1.429689402973341	0.08289598057121456	0.025776872225222267	30.409176906539074	44.58304174002132	16.23531207305681
ENSG00000210174	MT-TR	up	2.958721587621044	0.08289598057121456	0.0036440729757060953	114.28578640862321	202.90762457226683	25.663948244979608
ENSG00000170873	MTSS1	up	1.181826396140725	0.08289598057121456	0.027827941188133754	137.34330873171064	190.84365237488907	83.84296508853221
ENSG00000128641	MYO1B	up	1.111683657925284	0.08289598057121456	0.022730696229364154	210.86574140468352	288.49704099535984	133.23444181400723
ENSG00000162825	NBPF20	up	2.127473205304824	0.08289598057121456	0.010634453003687032	208.44482005882116	339.56331349168744	77.3263266259549
ENSG00000273136	NBPF26	up	1.6142594827471763	0.08289598057121456	0.0225247108113352	611.5511220252114	922.2138552346222	300.8883888158005
ENSG00000184454	NCMAP	up	2.9015414561833692	0.08289598057121456	0.0067040362416881105	22.925558529360554	40.82116298758322	5.029954071137885
ENSG00000128609	NDUFA5	up	1.058932779269356	0.08289598057121456	0.020777682379828865	3619.5423902360635	4891.492164556889	2347.5926159152386
ENSG00000172260	NEGR1	up	1.7040414916725963	0.08289598057121456	0.033416738528279144	31.418326146579926	48.34492049245944	14.491731800700409
ENSG00000162599	NFIA	up	1.139306057770105	0.08289598057121456	0.019937522269769827	198.05218617062528	272.6158258798991	123.4885464613515
ENSG00000236859	NIFK-AS1	up	1.085306980710611	0.08289598057121456	0.02191915327568953	107.14630953031845	145.8289563175634	68.4636627430735
ENSG00000229417	NPM1P25	up	1.304568552589936	0.08289598057121456	0.02802721249382948	61.48711524122526	87.74780031181213	35.226430170638395
ENSG00000249353	NPM1P27	up	1.189035413743634	0.08289598057121456	0.020028613918113704	555.981942514443	773.1458872429899	338.8179977858958
ENSG00000247809	NR2F2-AS1	up	4.38748589022619	0.08289598057121456	0.011575420810464887	4.982447351367457	9.964894702734915	0.0
ENSG00000164346	NSA2	up	1.0601435706203841	0.08289598057121456	0.019965338217166225	2777.2277375127283	3754.240678145193	1800.2147968802637
ENSG00000162631	NTNG1	up	1.1045670607993805	0.08289598057121456	0.02965303231994849	215.1758585579843	293.9295901518413	136.42212696412727
ENSG00000143228	NUF2	up	1.1060375266817073	0.08289598057121456	0.019924671769894615	2878.074756241703	3930.4533722995925	1825.6961401838134
ENSG00000253738	OTUD6B-AS1	up	1.3583014317811195	0.08289598057121456	0.020070947804189953	335.94725799973264	483.582412633461	188.3121033660043
ENSG00000152782	PANK1	up	1.0032994101005182	0.08289598057121456	0.021157914250778034	286.0072308505951	381.80074577897466	190.21371592221553
ENSG00000124171	PARD6B	up	1.216059554174341	0.08289598057121456	0.023914836559345936	142.0764255160111	198.84390617225162	85.30894485977063
ENSG00000168078	PBK	up	1.0016295422588541	0.08289598057121456	0.02114531703144992	2164.6326120107515	2887.4301867086056	1441.835037312897
ENSG00000183036	PCP4	up	1.3199521841170792	0.08289598057121456	0.017160668608178033	2485.447643402555	3549.4636761315937	1421.4316106735168
ENSG00000152270	PDE3B	up	1.6233129760469285	0.08289598057121456	0.013827310695226209	937.339956613183	1415.5464805035565	459.13343272280935
ENSG00000184588	PDE4B	up	1.2991822165015638	0.08289598057121456	0.01818095168218729	396.74592825610824	564.4292134186813	229.06264309353523
ENSG00000113231	PDE8B	up	1.0069127096648103	0.08289598057121456	0.034011630069672665	88.33879738837065	118.14076667712	58.53682809962129
ENSG00000203362	POLH-AS1	up	1.1113754382540815	0.08289598057121456	0.029221245423133906	112.60651505385017	154.13829952145196	71.07473058624839
ENSG00000224897	POT1-AS1	up	1.4551963211660246	0.08289598057121456	0.018408491296183067	39.54045314828054	58.17999287015982	20.900913426401267
ENSG00000171497	PPID	up	1.3687539033753786	0.08289598057121456	0.01700842620458269	1705.425499085667	2458.9781788926603	951.872819278674
ENSG00000138398	PPIG	up	1.0445219028119472	0.08289598057121456	0.019918513238175357	4524.345257997366	6094.365797322141	2954.3247186725935
ENSG00000131013	PPIL4	up	1.2506154654554726	0.08289598057121456	0.01871784294724172	267.1378068958108	376.3832941505347	157.89231964108697
ENSG00000142875	PRKACB	up	1.2111629816088116	0.08289598057121456	0.01888736584951545	885.4129531307145	1236.8774645258684	533.9484417355606
ENSG00000166501	PRKCB	up	1.5440254668501354	0.08289598057121456	0.014952684946980552	519.651653063177	774.1534979321422	265.1498081942119
ENSG00000100764	PSMC1	up	1.1204884396994328	0.08289598057121456	0.019458012384673963	1303.8477854985792	1786.3535680351745	821.3420029619841
ENSG00000241506	PSMC1P1	up	1.2411317467941645	0.08289598057121456	0.022473034804461636	32.883945647606616	46.41917312061841	19.348718174594826
ENSG00000187514	PTMA	up	1.1059629579175412	0.08289598057121456	0.019588243620694043	39545.23928828285	54001.88716997631	25088.591406589385
ENSG00000214182	PTMAP5	up	2.136649886264694	0.08289598057121456	0.009709532868877083	285.23958761609566	465.0986660072983	105.38050922489299
ENSG00000164611	PTTG1	up	1.0931925241936324	0.08289598057121456	0.01965658350098958	1949.633477116824	2655.0497326003983	1244.2172216332492
ENSG00000100362	PVALB	up	2.2242082646624524	0.08289598057121456	0.02556534926370591	9.796782935240355	16.463172577464505	3.1303932930162035
ENSG00000166128	RAB8B	up	1.2372314132353315	0.08289598057121456	0.01840113888338587	2169.4002426503116	3046.7148836218403	1292.0856016787827
ENSG00000123094	RASSF8	up	1.0925656281524359	0.08289598057121456	0.02089627560287583	475.71570470802664	647.8859275641389	303.5454818519143
ENSG00000076053	RBM7	up	1.280877486223386	0.08289598057121456	0.020118268664754864	496.98739426329684	704.3834463108833	289.5913422157105
ENSG00000199331	RF00019	up	2.0298207390985556	0.08289598057121456	0.030910429284979474	6.312444475247496	10.444692459197952	2.180196491297039
ENSG00000090104	RGS1	up	1.073538860092393	0.08289598057121456	0.01969839111513321	2295.317904883696	3112.152576574366	1478.4832331930259
ENSG00000116741	RGS2	up	1.2210490444184765	0.08289598057121456	0.018936097600918387	894.9029495005984	1252.7138842481118	537.0920147530851
ENSG00000108370	RGS9	up	1.0847267959462525	0.08289598057121456	0.022448245893830456	196.46289548146603	267.2069192611656	125.71887170176647
ENSG00000072422	RHOBTB1	up	2.3607249835777995	0.08289598057121456	0.008463225807884611	63.05461400872715	105.89486287107502	20.214365146379272
ENSG00000117016	RIMS3	up	1.2989120228101558	0.08289598057121456	0.01857816946263638	322.2397390227043	458.44803984799273	186.031438197416
ENSG00000206702	RNU1-11P	up	3.592242497684311	0.08289598057121456	0.007728586108331121	9.000995581393243	17.047093498376643	0.9548976644098414
ENSG00000256393	RPL41P5	up	1.7643110116540552	0.08289598057121456	0.022029159704434004	35.312968074967486	54.83664202120016	15.789294128734818
ENSG00000186468	RPS23	up	1.1129695237898023	0.08289598057121456	0.019279104408452635	5866.216465628287	8023.23022171636	3709.202709540212
ENSG00000188856	RPSAP47	up	1.485656182795191	0.08289598057121456	0.018871552372815098	243.3669567201667	358.8979182020912	127.8359952382422
ENSG00000213621	RPSAP54	up	1.8929486598321705	0.08289598057121456	0.026448429711215478	10.230178830455163	16.407822133667793	4.052535527242533
ENSG00000248124	RRN3P1	up	1.2688140934211232	0.08289598057121456	0.03356845081570418	28.90027030006991	41.055129854222294	16.74541074591752
ENSG00000109929	SC5D	up	1.0246188422811935	0.08289598057121456	0.02203979873979982	454.8217951354495	610.0391078929212	299.6044823779777
ENSG00000196951	SCOC-AS1	up	1.3394702404244945	0.08289598057121456	0.03200645990687384	25.89288750639893	37.334770235834	14.45100477696385
ENSG00000169439	SDC2	up	2.2247108331234853	0.08289598057121456	0.008274207364369696	327.0249822525732	539.1058149722259	114.9441495329204
ENSG00000277406	SEC22B4P	up	1.0487399728520963	0.08289598057121456	0.03065484256855656	22.1120317517764	29.986964626624417	14.237098876928378
ENSG00000075213	SEMA3A	up	1.4406178086797528	0.08289598057121456	0.018164245711244892	98.19537451460987	143.74830301974794	52.64244600947182
ENSG00000124570	SERPINB6	up	1.0496198365295957	0.08289598057121456	0.021045851219730505	775.3119713441753	1045.7063955392089	504.91754714914197
ENSG00000149212	SESN3	up	1.1993214695097043	0.08289598057121456	0.019002576755065684	1061.0582085047465	1478.5288574975687	643.5875595119245
ENSG00000118473	SGIP1	up	1.7532461147652678	0.08289598057121456	0.023120912365369877	47.022355148683495	72.80113220734118	21.24357809002583
ENSG00000163535	SGO2	up	1.0718409052938584	0.08289598057121456	0.020733105370899015	2621.24195333081	3552.6901523967936	1689.7937542648262
ENSG00000126821	SGPP1	up	1.31966270677202	0.08289598057121456	0.01968897655794723	245.91556207410648	351.36424641109033	140.46687773712267
ENSG00000129450	SIGLEC9	up	1.661645859682539	0.08289598057121456	0.015242420995730544	116.32247148317775	177.03117995209433	55.61376301426114
ENSG00000182628	SKA2	up	1.0419405351569804	0.08289598057121456	0.02028033557214807	3146.344160289936	4235.751904985674	2056.936415594198
ENSG00000141469	SLC14A1	up	1.089596503624575	0.08289598057121456	0.026495244086701987	51.73473573093151	70.57285177496298	32.896619686900046
ENSG00000132874	SLC14A2	up	1.3124186926978922	0.08289598057121456	0.029963018614891014	39.63951516653032	56.73402187762637	22.545008455434267
ENSG00000174032	SLC25A30	up	1.1369639496923438	0.08289598057121456	0.019595396619346644	507.0548957681602	697.306409380003	316.80338215631747
ENSG00000181804	SLC9A9	up	1.1167960695199126	0.08289598057121456	0.019784579109628303	740.0003754363028	1013.1087797963097	466.89197107629576
ENSG00000173930	SLCO4C1	up	1.5117434463113173	0.08289598057121456	0.01670708227332782	163.2175094651147	241.92106262132504	84.51395630890433
ENSG00000214194	SMIM30	up	1.0849808267758603	0.08289598057121456	0.019738192473056162	856.6567122715927	1164.5911608221713	548.7222637210141
ENSG00000064692	SNCAIP	up	1.8733959231588377	0.08289598057121456	0.011256183392329555	646.216402555634	1015.6066016153796	276.8262034958883
ENSG00000221164	SNORA11F	up	1.3929579956983926	0.08289598057121456	0.02626571498770172	11.44647180006738	16.80390575857296	6.089037841561801
ENSG00000207313	SNORA2B	up	1.1028648115455644	0.08289598057121456	0.03530743143112684	9.218765692463386	12.762588882820099	5.6749425021066715
ENSG00000212232	SNORD17	up	1.4221336833176887	0.08289598057121456	0.016782650759759647	148.48108706024126	216.49013266066655	80.472041459816
ENSG00000086300	SNX10	up	1.6868303388617687	0.08289598057121456	0.021444615984002307	18.795441958075198	28.945010536710623	8.645873379439779
ENSG00000133104	SPART	up	2.0958580017905493	0.08289598057121456	0.01440744553796876	45.120233437224066	73.44305054972396	16.79741632472417
ENSG00000152253	SPC25	up	1.186197988499926	0.08289598057121456	0.019321948463577644	1182.034258518884	1642.5254350473745	721.5430819903933
ENSG00000163806	SPDYA	up	1.2851913273497855	0.08289598057121456	0.026965800060215317	38.258486743861106	54.464243688353825	22.052729799368393
ENSG00000172296	SPTLC3	up	1.6419378384654226	0.08289598057121456	0.01449268976584658	353.5599417010712	535.7814710196227	171.33841238251964
ENSG00000180581	SRP9P1	up	1.0491365591031974	0.08289598057121456	0.032373061442293065	30.360009785347994	41.1111347843218	19.608884786374183
ENSG00000138385	SSB	up	1.1180856766917475	0.08289598057121456	0.01905560941633435	4577.269860625952	6267.392146030615	2887.1475752212896
ENSG00000232150	ST13P4	up	1.8331872322844374	0.08289598057121456	0.014878374243211293	30.543114209920144	47.98047681448303	13.105751605357256
ENSG00000225259	ST13P6	up	1.7186483003135042	0.08289598057121456	0.030234087730160272	8.923335621878573	13.954817084970571	3.891854158786575
ENSG00000260589	STAM-AS1	up	2.2440095625110894	0.08289598057121456	0.01216707962522805	32.82626628961948	54.53475961931213	11.117772959926825
ENSG00000035720	STAP1	up	1.1908936942041033	0.08289598057121456	0.019711253923427017	241.06238743023337	335.46259705792926	146.66217780253757
ENSG00000138378	STAT4	up	1.5768276317126517	0.08289598057121456	0.014716875597669012	421.80506889493773	632.0633819059534	211.54675588392217
ENSG00000235238	SUMO2P1	up	1.5769358682278138	0.08289598057121456	0.020650073251402612	31.77871459459133	47.85063311229305	15.706796076889608
ENSG00000139351	SYCP3	up	1.6348545708562778	0.08289598057121456	0.01455658410985444	339.5950830940148	514.014895747253	165.17527044077653
ENSG00000117614	SYF2	up	1.0771042736293994	0.08289598057121456	0.02031773357197432	1544.4522230560926	2095.801221047604	993.1032250645816
ENSG00000172403	SYNPO2	up	1.0324869237852536	0.08289598057121456	0.035333598998023664	27.20281147396294	36.71328613115156	17.692336816774315
ENSG00000197780	TAF13	up	1.245631609330264	0.08289598057121456	0.018999684310906605	239.21775337744884	336.72140661791394	141.71410013698372
ENSG00000270647	TAF15	up	1.087097538094845	0.08289598057121456	0.019476678009432674	8867.336705980575	12058.780671096973	5675.892740864178
ENSG00000133138	TBC1D8B	up	1.128038123138873	0.08289598057121456	0.02330407160505822	171.8952146181288	236.05681639322833	107.73361284302928
ENSG00000285053	TBCE	up	1.0354470411833676	0.08289598057121456	0.02128622796462341	288.575864941582	388.07816565138916	189.07356423177467
ENSG00000196507	TCEAL3	up	1.331755691717784	0.08289598057121456	0.019597056162030006	244.16046514039638	349.69420911619426	138.62672116459854
ENSG00000133142	TCEAL4	up	1.5314749175433955	0.08289598057121456	0.01527293429048484	835.8659545796918	1242.313476269376	429.4184328900078
ENSG00000185222	TCEAL9	up	2.5065225765632735	0.08289598057121456	0.0074507495858449155	64.82090094423616	110.59192557130389	19.049876317168422
ENSG00000105967	TFEC	up	1.4255574068492018	0.08289598057121456	0.018194161628952155	235.1382334318287	342.9270054144183	127.34946144923909
ENSG00000136869	TLR4	up	1.633083272473187	0.08289598057121456	0.014580480794083184	1171.0989836553415	1771.4303599682469	570.767607342436
ENSG00000164124	TMEM144	up	1.2709875079714108	0.08289598057121456	0.01789140839675435	565.2006353434048	799.4296074754479	330.97166321136183
ENSG00000173530	TNFRSF10D	up	1.1001843035708476	0.08289598057121456	0.020966592075261584	126.4854264026713	172.68671445615874	80.28413834918386
ENSG00000117586	TNFSF4	up	1.529287130905022	0.08289598057121456	0.024953406052788663	13.783605908441352	20.71671310955053	6.8504987073321715
ENSG00000137364	TPMT	up	1.1425427243321888	0.08289598057121456	0.020310959173913415	476.41290201259727	655.9705499793621	296.8552540458324
ENSG00000211802	TRAV22	up	1.5767446979303261	0.08289598057121456	0.025640260185603978	10.621216424527294	16.158035293564325	5.08439755549026
ENSG00000227986	TRIM60P18	up	1.0243541433935817	0.08289598057121456	0.029288595858542387	52.07071889764513	69.98759667663614	34.15384111865411
ENSG00000183439	TRIM61	up	1.063765836638364	0.08289598057121456	0.031472640978869565	56.76290309609464	76.96700648524347	36.55879970694582
ENSG00000185880	TRIM69	up	1.0105383157357317	0.08289598057121456	0.020382648172459765	758.6868403205275	1014.2108054800334	503.1628751610214
ENSG00000177238	TRIM72	up	2.2840759790821292	0.08289598057121456	0.008461731451382026	111.13415586224767	184.7361970298332	37.53211469466215
ENSG00000170315	UBB	up	1.0203024008755548	0.08289598057121456	0.02014318671921837	5059.912738839734	6778.292592922368	3341.5328847570986
ENSG00000214832	UPF3AP2	up	1.2655394072391333	0.08289598057121456	0.02443859082898515	76.85843277559431	108.76765821389169	44.94920733729692
ENSG00000156467	UQCRB	up	1.2284697144335983	0.08289598057121456	0.018492084317258895	2355.6026355935974	3302.2086683083726	1408.9966028788215
ENSG00000268357	VN1R81P	up	1.1088226227121616	0.08289598057121456	0.028361859342086154	36.30856054547619	49.79617778503344	22.82094330591895
ENSG00000162843	WDR64	up	1.4443535170067052	0.08289598057121456	0.026322623349171945	41.300158875618855	60.635619691721864	21.964698059515857
ENSG00000152422	XRCC4	up	1.0719884831975002	0.08289598057121456	0.01982103105541596	352.2685390790827	477.615334664019	226.92174349414643
ENSG00000224861	YBX1P1	up	1.3530016666275764	0.08289598057121456	0.019873455744623368	254.2441306247226	365.64933096286546	142.83893028657965
ENSG00000179456	ZBTB18	up	1.0562003253441947	0.08289598057121456	0.020091152753282503	807.7027989988314	1091.004442915818	524.4011550818449
ENSG00000186130	ZBTB6	up	1.2858725847187011	0.08289598057121456	0.01915633215927451	860.3157461787965	1220.4090193702116	500.2224729873815
ENSG00000155329	ZCCHC10	up	1.0604695558250952	0.08289598057121456	0.020329408974080955	791.2435056307198	1069.802616717301	512.6843945441386
ENSG00000197056	ZMYM1	up	1.2062747013787443	0.08289598057121456	0.0203628823586753	332.26501542319085	463.80613467273815	200.7238961736435
ENSG00000197020	ZNF100	up	1.349044564514001	0.08289598057121456	0.01754265164456392	342.2593187554418	491.77509661391105	192.74354089697272
ENSG00000179909	ZNF154	up	1.0207874683224847	0.08289598057121456	0.03440249675758466	40.15520127804289	53.96665867186437	26.343743884221414
ENSG00000204789	ZNF204P	up	1.3952107227012007	0.08289598057121456	0.021162520693347505	47.1616286792109	68.5653575581261	25.757899800295686
ENSG00000159905	ZNF221	up	2.2303470650348682	0.08289598057121456	0.01194678274416723	23.738019644363277	39.46021892686688	8.015820361859669
ENSG00000256771	ZNF253	up	1.1853589199037884	0.08289598057121456	0.019000005583402396	549.3634216430173	763.3503064089646	335.3765368770699
ENSG00000197134	ZNF257	up	1.4067737532974203	0.08289598057121456	0.02249029072597668	73.36101596336648	106.76615519301636	39.955876733716586
ENSG00000254004	ZNF260	up	1.662441230677917	0.08289598057121456	0.014062313680810179	285.20268210695116	433.7302337459817	136.6751304679207
ENSG00000185947	ZNF267	up	1.1317841630187877	0.08289598057121456	0.01930543408063467	1395.0743368874448	1916.0356772189	874.1129965559895
ENSG00000198039	ZNF273	up	1.0257470888161735	0.08289598057121456	0.020843535902207416	334.87549308853437	449.31949222864006	220.43149394842865
ENSG00000197935	ZNF311	up	2.653204604069827	0.08289598057121456	0.013953016805686806	23.395272514034374	40.735481569463325	6.055063458605428
ENSG00000130844	ZNF331	up	2.824314236434441	0.08289598057121456	0.015143922790676587	9.018886749178913	16.18242165389052	1.8553518444673072
ENSG00000176222	ZNF404	up	1.2398363709344216	0.08289598057121456	0.026026993008329252	39.21807571140919	55.306517836231244	23.129633586587143
ENSG00000198521	ZNF43	up	1.3223236439257704	0.08289598057121456	0.023531491673609062	70.2289576580842	100.54928272816358	39.90863258800482
ENSG00000180855	ZNF443	up	1.003564242864986	0.08289598057121456	0.0221400792518712	215.24669803172762	287.39906059819106	143.0943354652641
ENSG00000256229	ZNF486	up	3.6753815674319035	0.08289598057121456	0.003892852182477137	20.509204025076688	38.46832515305559	2.550082897097793
ENSG00000229676	ZNF492	up	3.7921880255577873	0.08289598057121456	0.009329690399563483	6.288798907100748	12.163502474746368	0.4140953394551281
ENSG00000196268	ZNF493	up	1.0903892364141392	0.08289598057121456	0.024048794298399	271.0047408719527	368.9860361295608	173.0234456143446
ENSG00000186446	ZNF501	up	1.0634493238599017	0.08289598057121456	0.025070788349106435	184.1560275664124	249.29058623603146	119.02146889679341
ENSG00000081665	ZNF506	up	1.269585643290986	0.08289598057121456	0.018478571132102235	241.13545756533574	341.08759394699996	141.18332118367155
ENSG00000167555	ZNF528	up	5.066145549199771	0.08289598057121456	0.00018069240330516908	39.27326776857995	76.7409263143543	1.8056092228056084
ENSG00000269834	ZNF528-AS1	up	4.628415685197099	0.08289598057121456	0.006384044785131698	5.933465788854	11.866931577708	0.0
ENSG00000186020	ZNF529	up	2.5285116135568257	0.08289598057121456	0.007936108403657676	58.51734584572549	100.09911487775635	16.93557681369462
ENSG00000180479	ZNF571	up	1.4078600914089123	0.08289598057121456	0.018574443366515665	60.940266700153984	88.74626798111409	33.13426541919389
ENSG00000180938	ZNF572	up	1.3328803487563978	0.08289598057121456	0.03487790037946535	19.458398327069858	28.07373959192471	10.843057062215005
ENSG00000189144	ZNF573	up	1.44783669022266	0.08289598057121456	0.017675912616976153	96.30560475603546	141.17668901055194	51.43452050151902
ENSG00000196967	ZNF585A	up	1.856683642789578	0.08289598057121456	0.016461723405231603	50.90502663734941	80.06518093068196	21.74487234401685
ENSG00000176024	ZNF613	up	1.3236412881152064	0.08289598057121456	0.025658941509317683	45.17158315222972	64.76724979933238	25.575916505127072
ENSG00000160229	ZNF66	up	1.2452247680637127	0.08289598057121456	0.0259173054467621	52.94242367910878	74.67349642194752	31.211350936270048
ENSG00000196172	ZNF681	up	1.9261283731738046	0.08289598057121456	0.013712934738775842	149.09212080374104	236.35860180353356	61.82563980394849
ENSG00000197472	ZNF695	up	1.2077540984376725	0.08289598057121456	0.026573723521235194	40.51595969574356	56.74719870107049	24.284720690416638
ENSG00000182141	ZNF708	up	1.1145269447339927	0.08289598057121456	0.0194304115293458	293.6062532862729	401.87746507839347	185.33504149415225
ENSG00000250312	ZNF718	up	5.239500960825661	0.08289598057121456	9.380699646669414e-05	46.66102415349415	91.3897320986831	1.9323162083051935
ENSG00000182903	ZNF721	up	1.158454913131958	0.08289598057121456	0.01923054427385937	764.8990319977034	1056.686776143885	473.11128785152204
ENSG00000196081	ZNF724	up	1.4252751786984161	0.08289598057121456	0.023451263613591768	72.38827093136986	105.724154521138	39.05238734160173
ENSG00000213967	ZNF726	up	2.366289084227302	0.08289598057121456	0.008130972363223396	57.67345573663774	96.94755727508317	18.39935419819231
ENSG00000237440	ZNF737	up	4.316414537675374	0.08289598057121456	0.0007654019821378634	28.237947076773043	54.22896784910916	2.2469263044369243
ENSG00000214189	ZNF788P	up	2.0140965556244543	0.08289598057121456	0.0106907831647948	118.80174400891462	190.75471990241067	46.8487681154186
ENSG00000197933	ZNF823	up	1.107154093193818	0.08289598057121456	0.02086235763865427	221.0178591807647	302.07686317942836	139.958855182101
ENSG00000231205	ZNF826P	up	3.0554817109167356	0.08289598057121456	0.0034855838025069957	82.721983335901	148.0729925919396	17.3709740798624
ENSG00000105750	ZNF85	up	2.7221095638360984	0.08289598057121456	0.005661004779686273	46.93144950642583	81.87826012836754	11.984638884484133
ENSG00000167232	ZNF91	up	1.3440418218996995	0.08289598057121456	0.02633294443741806	87.72162219237573	126.08101683979264	49.36222754495885
ENSG00000146757	ZNF92	up	1.1628026794232225	0.08289598057121456	0.019406562525866904	655.2118589568031	906.028287823384	404.3954300902222
ENSG00000184635	ZNF93	up	1.3213977567816346	0.08289598057121456	0.018384971920779432	248.67389509122174	355.42531783343156	141.92247234901185
ENSG00000197360	ZNF98	up	1.9072861312321612	0.08289598057121456	0.014423708344040546	48.47779088790915	76.83781726935626	20.11776450646203
ENSG00000235109	ZSCAN31	up	1.2420508907897678	0.08289598057121456	0.020292603815223634	66.77769255547913	94.0727480637399	39.4826370472184
ENSG00000231407	AL354732.1	up	1.761674744414526	0.08293670717941487	0.035385952312037346	13.613184365351847	21.298012257597854	5.9283564731058425
ENSG00000200591	RF00019	up	1.4653105468028478	0.08305283679972213	0.03586151999352786	8.891511652545946	13.289170696218044	4.493852608873849
ENSG00000271524	BNIP3P17	up	2.181262880416025	0.0830890922515026	0.036152978132932556	11.151878527500218	18.59388619138247	3.709870863617967
ENSG00000273173	SNURF	up	1.003698770408889	0.0830890922515026	0.03618125155964459	26.745086713544595	35.857813782674576	17.632359644414617
ENSG00000214192	UBE2V1P2	up	1.1335578836535434	0.08324319397422933	0.03643334115900028	42.66191702378916	58.796887915415425	26.526946132162887
ENSG00000259563	AC025430.1	up	1.638255216443889	0.08326510776033233	0.03673059704996716	10.881717162430457	16.728779391032358	5.034654933828562
ENSG00000215246	AC116351.1	up	1.2232714113086707	0.08329279743135352	0.03682664258136878	17.868100559517895	25.220040481740025	10.516160637295764
ENSG00000260927	AC009107.2	up	1.2302639611955615	0.08329843442388397	0.03688936582558708	10.3950216365654	14.777969795406884	6.012073477723914
ENSG00000230445	LRRC37A6P	up	1.9756863769792203	0.08329843442388397	0.03687361647192331	6.900569096129182	11.300797916822269	2.500340275436095
ENSG00000273319	AC058791.1	up	1.0793080911934405	0.08341023281192912	0.03703757416781374	12.712599009910484	17.436599400137485	7.988598619683482
ENSG00000248477	AC139495.1	up	1.5976774864605692	0.08349110303417995	0.037243871022800544	12.779162922822772	19.462535363303562	6.095790482341985
ENSG00000232445	AC006329.1	up	1.02238058123166	0.08363485840924521	0.03844855741658527	35.15596779784894	47.286488115124804	23.025447480573067
ENSG00000255308	AC009652.2	up	1.2533407529209697	0.08363485840924521	0.0375494493829473	19.231654391142005	27.301326888702807	11.1619818935812
ENSG00000261542	AC011978.2	up	1.6536931606362142	0.08363485840924521	0.0381933209330297	11.110209186775405	17.120252579355224	5.100165794195586
ENSG00000176244	ACBD7	up	1.3907970087364112	0.08363485840924521	0.038584994084436344	26.338523341437774	38.358282579418606	14.318764103456942
ENSG00000173401	GLIPR1L1	up	1.036595931331314	0.08363485840924521	0.03781677904998064	47.598165674907726	64.17083174608803	31.02549960372741
ENSG00000151689	INPP1	up	1.0913388116159888	0.08363485840924521	0.03826008456682702	56.58207161449616	77.19832637420863	35.96581685478369
ENSG00000164764	SBSPON	up	1.1168810179789803	0.08363485840924521	0.03811670333373034	36.767919362130606	50.51387315360595	23.021965570655254
ENSG00000268696	ZNF723	up	1.0284100909654137	0.08363485840924521	0.03809499238051277	75.50984361850192	101.50951135023696	49.510175886766866
ENSG00000085276	MECOM	up	1.2054757954450153	0.08376456901513044	0.03879157253826192	16.550847545013024	23.287018146140955	9.814676943885093
ENSG00000229980	TOB1-AS1	up	1.492138456638355	0.08380265839885839	0.03886671752305657	13.145140208562081	19.633218508431458	6.657061908692701
ENSG00000234848	AC008758.2	up	1.7074156324629162	0.08394698816886752	0.039346889191458415	8.290550024150445	12.959647051991672	3.621452996309218
ENSG00000273373	AL355488.1	up	1.0891305437888146	0.08405961698361566	0.03963258863135023	97.7449923296212	133.1626039034425	62.327380755799936
ENSG00000230155	FO393401.1	up	1.3834072892474611	0.08405961698361566	0.0396185525154566	13.31040054993945	19.467145799885863	7.15365529999304
ENSG00000227400	AC012501.1	up	1.309851144725311	0.0841557574653294	0.03975862557417137	30.837952917107724	44.16123757737527	17.51466825684017
ENSG00000279722	AC007342.7	up	1.0315930044079646	0.08425737449976448	0.0398590199958875	38.50387423699093	51.8833836011841	25.124364872797756
ENSG00000276900	AC023157.3	up	1.1576661865737896	0.0842630813601365	0.03991001134494588	16.093717082179314	22.41574720135505	9.77168696300358
ENSG00000166349	RAG1	up	1.6519722708526239	0.0842630813601365	0.039906573870589206	9.843840976464897	15.193829344055944	4.493852608873849
ENSG00000204176	SYT15	up	1.5135903607377708	0.08455748692913988	0.040278695833169106	15.978222466859625	23.90786914167607	8.048575792043183
ENSG00000232591	AL139125.1	up	1.1707632244491664	0.0846061010159038	0.04043190484206513	24.498307144294383	34.11922784338227	14.877386445206492
ENSG00000256185	AC055720.2	up	1.0125748704277528	0.08474571845951674	0.0406144270054879	24.141404417758633	32.450524725900934	15.83228410961633
ENSG00000279518	AC083843.3	up	1.0092675527422634	0.08474571845951674	0.040625210780429806	47.89120970016498	64.15962220920595	31.62279719112401
ENSG00000118432	CNR1	up	1.1512118962058602	0.08475707372690804	0.04071384368817998	31.57190423368957	43.72957943241729	19.414229034961853
ENSG00000251429	AC098679.2	up	1.3774486865713467	0.08494837870262968	0.04100145172146275	29.175237902209318	42.35545854825684	15.995017256161796
ENSG00000239219	AC008040.1	up	1.699061113313734	0.08508552717670122	0.04122046467864224	13.138529751617336	20.354236718136153	5.922822785098518
ENSG00000199719	RN7SKP74	up	1.2611421547539416	0.08526847221932364	0.04141005728583931	12.528027093722889	17.885411695974547	7.170642491471227
ENSG00000197180	CH17-340M24.3	up	1.135278446265527	0.08530171844647469	0.041471654246785276	17.654864669303027	24.450904037685728	10.85882530092033
ENSG00000254399	GLYATL1P4	up	1.6666935540794936	0.08547163695393928	0.041612162420639365	14.104459084534481	21.71253762883222	6.496380540236744
ENSG00000226477	AC245028.1	up	1.3206161289273133	0.08556900499255563	0.041748734053587686	20.486945729320947	29.473559636670586	11.5003318219713
ENSG00000232884	AF127936.2	up	1.1126352310512206	0.08572450131295	0.04195707970420487	14.467679208268223	19.96934125295761	8.966017163578835
ENSG00000225578	NCBP2-AS1	up	1.1104060104396123	0.08577813737142731	0.04203770140906338	25.690825615593578	35.300267885806115	16.081383345381038
ENSG00000248791	AC010627.1	up	1.5221091716235884	0.08590322485821784	0.04214427639642358	12.707721291377185	19.093459871589403	6.321982711164968
ENSG00000137843	PAK6	up	1.148259807251846	0.08590322485821784	0.04216643914020738	28.697258098463152	39.73963567302617	17.65488052390013
ENSG00000197162	ZNF785	up	1.2105511870905536	0.08590733344926538	0.04229491945841649	10.583753499871582	14.978983914857963	6.1885230848851975
ENSG00000184786	TCTE3	up	1.0548332043512187	0.08591138356726641	0.04232547645372554	41.256840439096216	55.876628824551936	26.637052053640502
ENSG00000154025	SLC5A10	up	1.0677844770309306	0.08593708823847374	0.04239617289036775	12.434639872296176	17.014140751188645	7.855138993403712
ENSG00000226167	AP4B1-AS1	up	1.181186402567548	0.08594977642991887	0.04242155745528554	28.78114338298303	40.1403511116691	17.42193565429696
ENSG00000200170	RF00019	up	1.163877809546035	0.08616778602939162	0.042962470434584114	19.032284027181742	26.509792748039803	11.554775306323677
ENSG00000132530	XAF1	up	1.3150122245111704	0.08616778602939162	0.04290100210415625	21.512316381232463	30.903052341783205	12.121580420681719
ENSG00000181381	DDX60L	up	1.1233964496193132	0.08622243941843824	0.043028923526550286	36.132204308504555	49.71508542634038	22.54932319066873
ENSG00000257647	AC124312.2	up	1.2515352530953678	0.08628182622059014	0.04308216934133309	35.184556266962254	49.759902196713256	20.60921033721126
ENSG00000237350	CDC42P6	up	1.118919475140119	0.08653683123475614	0.04348103053042303	31.116794416462415	42.79767174379412	19.435917089130715
ENSG00000169760	NLGN1	up	1.0498748667013118	0.08696282568105465	0.0439116041617149	35.85071099213878	48.52287860134536	23.17854338293219
ENSG00000269925	Z98884.2	up	1.000448729937312	0.08767922399795412	0.04469351243990202	43.19602707614654	57.76740958067837	28.624644571614713
ENSG00000162944	RFTN2	up	1.014263908971549	0.08769529145072041	0.04472766182274326	27.377553214111675	36.79236844897168	17.96273797925167
ENSG00000188501	LCTL	up	1.1589736152588581	0.0876983755715888	0.04473442685008639	26.687835081399857	37.05664108512483	16.319029077674884
ENSG00000198134	AC007537.1	up	1.074866393535784	0.08779295454802494	0.04482964996099402	33.77936891219733	45.98948226222245	21.569255562172206
ENSG00000271327	AC010201.2	up	1.3261116863000189	0.08834371362965127	0.04540697188992005	15.691393180984898	22.649714067994136	8.733072293975665
ENSG00000284703	AL805961.2	up	2.1026949990643984	0.08834774320409819	0.04542656738663151	11.055603851870037	18.24657528712969	3.864632416610387
ENSG00000249119	MTND6P4	up	2.071993691699922	0.08857463676955481	0.04564527519095383	6.518979883439173	10.84077608410312	2.1971836827752256
ENSG00000226233	Z82188.1	up	1.3351555985007932	0.08951207508312886	0.046524687714142754	17.12714721162882	24.747474934724096	9.506819488533546
ENSG00000171817	ZNF540	up	1.6606475138422507	0.08968848391907809	0.046750143055710444	6.249089702928248	9.754659710119233	2.743519695737263
ENSG00000274026	FAM27E3	up	1.4466170842640829	0.08988176629182551	0.04696569561600727	16.51597037820998	24.39752088045104	8.634419875968916
ENSG00000230536	AL360268.1	up	2.0583670533424514	0.09001837839137222	0.04710688060705109	8.875755626521046	14.62111796002589	3.1303932930162035
ENSG00000077264	PAK3	up	2.3141769189028567	0.09016196790318302	0.04731488268863977	8.792159161545662	14.97303930086097	2.6112790222303537
ENSG00000206384	COL6A6	up	1.5371581645020562	0.09021713477826919	0.04736499587448633	6.786580015030824	10.338580631031371	3.234579399030278
ENSG00000266017	MIR4477B	up	1.0084178152408185	0.0906660577798065	0.047802783822767494	19.21486982936084	25.837568636142958	12.59217102257873
ENSG00000215414	PSMA6P1	up	1.2549019489021491	0.0906660577798065	0.047804861203419376	7.842873546101814	11.258624296469668	4.427122795733964
ENSG00000260490	MYL12BP1	up	1.6712733879505173	0.09153814355909706	0.04858814637925492	7.558241009977789	11.765430186123716	3.351051833831862
ENSG00000202019	RF00019	up	1.0083941617152712	0.09169375146232624	0.04878544508928092	28.116202750614036	37.72886519702168	18.503540304206386
ENSG00000224973	LARGE-AS1	up	1.6565084334562101	0.09200391392652744	0.049134505963131785	7.953942329119633	12.336174283591745	3.5717103746475196
ENSG00000253092	RF01241	up	1.3584054204446088	0.09200391392652744	0.04913665902144362	30.22563383013515	43.70912764521515	16.742140015055153
ENSG00000184100	BRD7P2	up	1.2611838179126915	0.0921663335807169	0.049341966534841686	41.07367083420231	58.170092305883315	23.977249362521306
ENSG00000260401	AP002761.4	up	1.202752149064647	0.09223743213594539	0.049444209180923404	21.69635559127383	30.447640945646356	12.945070236901296
ENSG00000226937	CEP164P1	up	1.2274819522933442	0.09227203462543267	0.04949137258462175	19.370492965366285	27.348110945637714	11.392874985094858
ENSG00000147509	RGS20	up	1.0041443041317677	0.09240597651194123	0.04967963250872881	28.22670601323421	37.83893297546778	18.614479051000643
ENSG00000203416	FAM32BP	up	1.024761934049209	0.09244671810411083	0.04975626749656453	20.437671489715992	27.576154575435265	13.299188403996725
ENSG00000232499	AL391058.1	up	1.1258274230666436	0.09246116833020933	0.049780466804506755	30.399312236356213	41.878937050961405	18.91968742175102
ENSG00000258704	SRP54-AS1	up	1.2262439455718777	0.09246116833020933	0.04977183533734759	13.976620855101784	19.783492620668124	8.169749089535442
ENSG00000260947	AL356489.2	up	1.0401909546739132	0.09261943515703028	0.04989857675264789	12.472700131678964	16.956801643674442	7.988598619683482
ENSG00000141431	ASXL3	up	1.5961150487210387	0.09297045421547916	0.0501748408759806	18.62870360447396	28.248400064487573	9.009007144460346
ENSG00000200879	SNORD14E	up	1.5524064101535824	0.09297045421547916	0.050181258130514675	14.326129772123194	21.613024900965417	7.039234643280964
ENSG00000259169	GNRHR2P1	up	1.3880832080579986	0.09306781299893223	0.05025584763266004	9.878644182652424	14.518962082138815	5.238326283166033
ENSG00000276203	ANKRD20A3	up	1.3702794779524778	0.09314875732038165	0.05037124796426298	18.849866598429575	27.40545005315191	10.294283143707245
ENSG00000285928	AC103591.4	up	1.3299528254320896	0.09331758219562404	0.05057303578347892	11.058774966408718	16.038746641953633	6.0788032908637994
ENSG00000164440	TXLNB	up	1.2305846163539642	0.09336727104731654	0.05061654733173155	22.001207877786353	31.0552937405819	12.947122014990804
ENSG00000233912	AC026202.2	up	1.356839065582509	0.09342789478175728	0.05066047530081789	14.288729962544627	20.77206355334724	7.805396371742013
ENSG00000152939	MARVELD2	up	1.1861916263187489	0.0934654077984681	0.050730617411423574	29.061275270154194	40.57268894773898	17.549861592569403
ENSG00000284602	AL031432.4	up	1.8252797705231265	0.09349017978386054	0.05082044797149308	12.035471328652333	19.053274914954287	5.017667742350375
ENSG00000255474	GAU1	up	1.2358296830247575	0.09349017978386054	0.05080958808045713	9.517307524708452	13.563343896647703	5.471271152769201
ENSG00000231609	AC007098.1	up	1.2002792056806937	0.09361204426210055	0.050926592547773486	20.304233681141145	28.491587804291257	12.116879557991039
ENSG00000182508	LHFPL1	up	1.6304894483022774	0.09402075413871996	0.05129573643075113	12.03362779950921	18.44758940658077	5.6196661924376485
ENSG00000038945	MSR1	up	1.0317436529141661	0.09402075413871996	0.051308353623727675	62.182500862620714	83.68738337577362	40.67761834946781
ENSG00000091181	IL5RA	up	1.2946259474472606	0.09409954533676788	0.05137564425408048	17.34996840837431	24.861520040605157	9.838416776143463
ENSG00000229922	LINC02528	up	1.300057894482921	0.09457005703326216	0.051789297706333254	20.825579196064545	29.83273456410824	11.818423828020848
ENSG00000107562	CXCL12	up	1.5562713984740049	0.09460971439488428	0.051822217605912574	12.180150411929043	18.425191709972058	5.9351091138860275
ENSG00000283429	MIR1244-3	up	1.1419177625582522	0.09517102618185047	0.05228743845643079	20.57136116084814	28.500808677455854	12.641913644240427
ENSG00000261451	AC104964.2	up	1.233695006107534	0.09520202325683261	0.05231574091941983	14.324837015231504	20.303475333766283	8.346198696696726
ENSG00000171217	CLDN20	up	1.1747270327421093	0.09597097072709539	0.05310614905977695	9.997858763570946	14.050373862557862	5.94534366458403
ENSG00000232028	AC007391.1	up	1.243850968968471	0.096163882705696	0.053240102433161546	17.502316652597056	24.815369092817587	10.189264212376523
ENSG00000236337	FMR1-IT1	up	1.2277775447230668	0.09631315917075522	0.05341673962571288	20.674155890987816	29.17698873963222	12.171323042343417
ENSG00000087128	TMPRSS11E	up	1.4221413957778346	0.09675798236241194	0.05382959536817869	9.450164108534924	13.992380268740874	4.907947948328977
ENSG00000279557	AC010435.1	up	1.475077779275728	0.09703466656350852	0.05405240528660539	13.142458280788963	19.56665852775266	6.718258033825262
ENSG00000228218	ATF4P3	up	1.2694098198837471	0.09713347041431775	0.0541706998580826	13.138320315457547	18.779101714524625	7.497538916390467
ENSG00000236358	AL355472.3	up	1.2515834158783847	0.09737887767675378	0.054410840791329525	15.950187314893446	22.669489991738022	9.230884638048865
ENSG00000260644	HERC2P5	up	2.3269949625777753	0.0975126140658411	0.05452930641762313	14.691797121996222	24.834465325449575	4.549128918542871
ENSG00000273723	AL139089.1	up	1.8193023164488955	0.09839423858913227	0.05534273547328893	10.034745048595695	15.91746932662546	4.1520207705659296
ENSG00000171346	KRT15	up	1.2226134208069956	0.09849357322385309	0.055481850202914	11.46725451837226	16.25492624856631	6.6795827881782115
ENSG00000236618	PITPNA-AS1	up	1.263285878822229	0.09861275317041569	0.055624896495027304	16.738523240952777	23.837986319865095	9.639060162040456
ENSG00000173077	1-Dec	up	2.210516870031762	0.0986662167567166	0.05566805077801842	8.300153046117726	13.973258831299772	2.62704726093568
ENSG00000278916	CEP83-DT	up	1.0998572719709154	0.09874735843330608	0.055750238896768924	24.763855269109687	33.95315513483668	15.574555403382698
ENSG00000280224	AL008636.1	up	1.5047732134953746	0.09912727844855503	0.0560514259938517	9.030469423407942	13.594307980118222	4.466630866697661
ENSG00000170345	FOS	down	-5.695208404552207	0.04002800900698272	5.28845940499862e-06	1071.4965620065252	40.09686851871091	2102.8962554943396
ENSG00000125740	FOSB	down	-6.6844233535128	0.04002800900698272	7.109349773308162e-06	523.0163391122298	9.581987901273855	1036.4506903231859
ENSG00000109576	AADAT	down	-1.2337045563016082	0.08289598057121456	0.03002934096264202	15.706711738648572	9.170738789207093	22.242684688090048
ENSG00000129673	AANAT	down	-1.314241881835305	0.08289598057121456	0.026698765810637553	26.686478381616496	15.094316616189147	38.27864014704385
ENSG00000107331	ABCA2	down	-2.2629960942500422	0.08289598057121456	0.008517115232199736	166.34855753427013	57.03524979321162	275.66186527532864
ENSG00000167972	ABCA3	down	-1.360847882607978	0.08289598057121456	0.027975373753699868	82.92653343343908	46.259023648914344	119.59404321796377
ENSG00000150967	ABCB9	down	-1.043437272387581	0.08289598057121456	0.020947037387062745	254.75379161192328	166.27082036322602	343.23676286062056
ENSG00000101986	ABCD1	down	-1.3058413302013165	0.08289598057121456	0.023866870390166765	65.50563806656645	37.51863020440601	93.49264592872687
ENSG00000160179	ABCG1	down	-3.0397562437335885	0.08289598057121456	0.0035739567673685898	96.64128086815396	20.563817224449046	172.7187445118589
ENSG00000129968	ABHD17A	down	-1.1611687102767927	0.08289598057121456	0.019053869484256834	3781.1548923641917	2336.4621628974514	5225.847621830932
ENSG00000114626	ABTB1	down	-1.5409103656764698	0.08289598057121456	0.014835150173033548	588.8208435014898	300.9598040991295	876.6818829038501
ENSG00000260793	AC003102.1	down	-1.6430071162540485	0.08289598057121456	0.017801230798095695	33.923423183961624	16.197587141052114	51.64925922687113
ENSG00000196656	AC004057.1	down	-1.7074134852357954	0.08289598057121456	0.01375900684262973	565.3010897645665	264.7763760405434	865.8258034885897
ENSG00000239556	AC004951.2	down	-1.3118495204415068	0.08289598057121456	0.034301436127405174	29.037938683431012	16.463172577464505	41.61270478939752
ENSG00000248015	AC005329.1	down	-1.2190754030727649	0.08289598057121456	0.02588788710983241	36.07319513679507	21.479250453305042	50.66713982028511
ENSG00000257135	AC007249.2	down	-1.438917307639792	0.08289598057121456	0.02144837842613149	40.0960585460279	21.37774906172076	58.81436803033504
ENSG00000233762	AC007969.1	down	-2.081786189565602	0.08289598057121456	0.010331912975824484	207.1710586520239	78.86508740993705	335.4770298941108
ENSG00000269688	AC008982.2	down	-1.4436257785481548	0.08289598057121456	0.01855694950277223	135.59378229573	72.66799086882811	198.5195737226319
ENSG00000260778	AC009065.4	down	-1.326224761757928	0.08289598057121456	0.025763144909187373	30.865790484256646	17.385204906620285	44.346376061893004
ENSG00000238045	AC009133.1	down	-1.0685296673836515	0.08289598057121456	0.022453192128854705	309.4801475581493	199.66186191892288	419.29843319737574
ENSG00000255753	AC009533.2	down	-1.1917912897564857	0.08289598057121456	0.02174733255018066	67.56248440783928	40.9463962531909	94.17857256248766
ENSG00000272264	AC009686.2	down	-1.461925680447673	0.08289598057121456	0.02624578420021548	26.420648139131387	13.83948438363939	39.00181189462339
ENSG00000254027	AC009902.2	down	-1.8154106806548336	0.08289598057121456	0.0201695480626027	21.528190595446777	9.247853820465183	33.80852737042837
ENSG00000234936	AC010883.1	down	-1.5147416407422643	0.08289598057121456	0.028451359826933798	10.468273539369775	5.186761020968429	15.74978605777112
ENSG00000254363	AC011379.2	down	-1.9920557915403927	0.08289598057121456	0.015196395154020666	23.449239568145444	9.121966068554707	37.77651306773618
ENSG00000267769	AC011498.6	down	-1.2241249220021615	0.08289598057121456	0.033546024969236934	26.729385940801787	15.823901212755652	37.634870668847924
ENSG00000272667	AC012306.2	down	-1.1598118248708824	0.08289598057121456	0.02336580170692606	28.498562031309394	17.431988963555188	39.5651350990636
ENSG00000268670	AC016586.1	down	-1.3697362497410748	0.08289598057121456	0.030883375899600864	33.572008591140396	18.51216072354208	48.6318564587387
ENSG00000230715	AC018638.2	down	-1.4447765764136664	0.08289598057121456	0.01698085194956366	594.3163596503133	319.1041593769057	869.5285599237209
ENSG00000243302	AC018638.4	down	-1.1092451469273812	0.08289598057121456	0.020249238065161344	1379.316828577614	873.5410155230647	1885.0926416321633
ENSG00000243679	AC018638.5	down	-1.8979281854027408	0.08289598057121456	0.011044149399980696	795.4523488256642	336.28444462341355	1254.620253027915
ENSG00000237039	AC018738.1	down	-3.0880194580230764	0.08289598057121456	0.008147335626879922	17.283252929670173	3.2425505256427414	31.3239553336976
ENSG00000276533	AC018926.2	down	-1.6700043409785235	0.08289598057121456	0.03219596248165214	23.10697471127723	10.789381590585919	35.42456783196854
ENSG00000236760	AC019118.2	down	-1.3166838811826085	0.08289598057121456	0.02738229841413806	51.10457659221536	29.064953674624103	73.14419950980663
ENSG00000265511	AC020558.2	down	-1.3520051190191613	0.08289598057121456	0.020648388656640766	39.63122058621385	22.092168171125675	57.170273001302036
ENSG00000263843	AC022211.2	down	-1.4183789922177013	0.08289598057121456	0.024140644444017336	43.544959929587485	23.484076315312524	63.60584354386244
ENSG00000244313	AC024293.1	down	-1.0869812238387437	0.08289598057121456	0.023093900896555764	458.889032869917	293.57572672925335	624.2023390105807
ENSG00000272086	AC025181.2	down	-1.7486646749974177	0.08289598057121456	0.016356558241000442	36.966536712437524	16.684617106962268	57.24845631791279
ENSG00000276853	AC026124.2	down	-1.0425556978203119	0.08289598057121456	0.035096369888752886	43.892571590494356	28.515952787461988	59.26919039352672
ENSG00000280138	AC027290.2	down	-1.1393849593540926	0.08289598057121456	0.019655178553735927	434.2156498371315	270.95374323987306	597.47755643439
ENSG00000267317	AC027307.2	down	-1.0984751572218048	0.08289598057121456	0.021508780037384937	66.33228460106217	42.050954373504	90.61361482862033
ENSG00000260005	AC027601.1	down	-1.1926333779780594	0.08289598057121456	0.022683814284219915	75.25366374465982	45.61118589734369	104.89614159197595
ENSG00000279187	AC027601.5	down	-1.0767440517895528	0.08289598057121456	0.030524308691137807	15.964803176989156	10.090782454645387	21.83882389933292
ENSG00000260018	AC040169.1	down	-1.6392680473501868	0.08289598057121456	0.029682252135158023	8.843935403032413	4.04131687575286	13.646553930311967
ENSG00000213862	AC044787.1	down	-1.6458584721963745	0.08289598057121456	0.01601726739528933	73.83893689781563	35.50523795553671	112.17263584009454
ENSG00000264187	AC055811.2	down	-1.985193005239419	0.08289598057121456	0.020771518239646687	12.685616714670147	4.817685529254271	20.553547900086024
ENSG00000258415	AC060814.1	down	-2.872910215232441	0.08289598057121456	0.010044809449746865	13.863794705834595	2.9505900651866717	24.776999346482516
ENSG00000274272	AC069281.2	down	-1.0282191622047658	0.08289598057121456	0.03172783917372058	60.75849974237598	39.80820569457791	81.70879379017406
ENSG00000273142	AC073335.2	down	-1.2541976305298297	0.08289598057121456	0.021076199318098083	208.56062392885107	123.00921741839782	294.1120304393043
ENSG00000242299	AC073861.1	down	-1.0340775488402705	0.08289598057121456	0.023591334116777295	398.8248811427386	261.5410615520015	536.1087007334758
ENSG00000265690	AC074143.1	down	-2.0220881839547125	0.08289598057121456	0.02266425142588226	12.521290557364814	4.645013720408893	20.397567394320742
ENSG00000272849	AC084018.1	down	-1.4829193269839755	0.08289598057121456	0.03331823036026039	53.9620091229915	28.20094014409442	79.72307810188859
ENSG00000255182	AC084125.2	down	-1.8360014110801293	0.08289598057121456	0.0218846861656942	83.322094588518	36.18209388117132	130.46209529586469
ENSG00000262580	AC087741.1	down	-1.0453842897110286	0.08289598057121456	0.020368389659013823	352.77899388732953	230.1061838510907	475.4518039235683
ENSG00000243979	AC087752.1	down	-2.3032434586456545	0.08289598057121456	0.013751510370668496	23.30341957130653	7.520477418054959	39.0863617245581
ENSG00000285766	AC092042.4	down	-1.5283297367990163	0.08289598057121456	0.03325627366106129	12.014658402779693	5.943353750725946	18.08596305483344
ENSG00000284669	AC092053.3	down	-2.7587500188905247	0.08289598057121456	0.011725586697386726	29.346402163414165	7.184354673528804	51.50844965329952
ENSG00000261512	AC092368.3	down	-1.069894446153591	0.08289598057121456	0.0243095313287418	94.75191933820308	60.96713199966572	128.53670667674044
ENSG00000261840	AC093249.6	down	-1.0359878721683822	0.08289598057121456	0.028553324838501544	21.385486366536124	13.848705256803989	28.92226747626826
ENSG00000279520	AC093525.8	down	-1.04339543839673	0.08289598057121456	0.03225212715151463	88.75808238511054	57.81817096504824	119.69799380517286
ENSG00000279693	AC099521.2	down	-1.5300422371019402	0.08289598057121456	0.015420940816722186	162.2725646029218	83.23197197963675	241.3131572262068
ENSG00000234287	AC099560.2	down	-1.6965882080572547	0.08289598057121456	0.014571624059743294	85.99219143782209	40.28536030102067	131.6990225746235
ENSG00000265982	AC103810.3	down	-1.8841456415554496	0.08289598057121456	0.01416828814881792	36.84128048925777	15.41922982383322	58.26333115468233
ENSG00000273345	AC104109.4	down	-1.2433384409394945	0.08289598057121456	0.0334049935450628	12.92995054673593	7.4763151339848735	18.383585959486982
ENSG00000267501	AC104365.2	down	-1.773730246755256	0.08289598057121456	0.017908302276205792	28.98672660251825	12.84431435066049	45.129138854376016
ENSG00000285793	AC125232.2	down	-1.1322441672700094	0.08289598057121456	0.02281684198978094	155.2595218718084	97.09385405988486	213.425189683732
ENSG00000205746	AC126755.1	down	-1.5387732917149677	0.08289598057121456	0.020670875397870426	334.9994856522516	171.30989011816533	498.6890811863379
ENSG00000279283	AC131009.4	down	-2.0212892943688874	0.08289598057121456	0.026824469299347117	10.819935984836095	3.9747568950740644	17.665115074598127
ENSG00000265749	AC135178.3	down	-1.2744571761436285	0.08289598057121456	0.0192967764663026	149.10458644858747	87.01165936925675	211.19751352791818
ENSG00000270441	AC135506.1	down	-1.5426080850843085	0.08289598057121456	0.02742651439273009	28.851349165436957	14.501174822112405	43.201523508761504
ENSG00000272434	AC137630.3	down	-3.1152838234978844	0.08289598057121456	0.009857758137462697	9.184664838493676	1.5039645863504338	16.865365090636917
ENSG00000256092	AC137767.1	down	-1.1422642119905606	0.08289598057121456	0.03165151311248865	21.052659012408604	12.939871128247779	29.16544689656943
ENSG00000260279	AC137932.1	down	-1.0477546015410524	0.08289598057121456	0.022080009745886604	122.21325123361122	79.51360102496596	164.91290144225647
ENSG00000182376	AC138028.1	down	-1.6150531973423772	0.08289598057121456	0.024207784912805428	14.886701208603306	7.073632408779921	22.699770008426686
ENSG00000183458	AC138932.1	down	-1.4973259000364039	0.08289598057121456	0.015382589770689849	466.3527563389213	243.72162330952293	688.9838893683196
ENSG00000227827	AC138969.1	down	-1.4346838159811977	0.08289598057121456	0.017704609643954997	98.95519559276609	53.21268771497168	144.69770347056053
ENSG00000229848	AC139149.1	down	-2.2459072592350187	0.08289598057121456	0.016545162844346217	14.865302388082997	4.850638276442273	24.879966499723725
ENSG00000275807	AC145285.6	down	-1.4622549107155127	0.08289598057121456	0.02176525890724005	30.114149270029646	15.80412528901176	44.424173251047534
ENSG00000230312	AC234782.1	down	-2.498277732558649	0.08289598057121456	0.013330565156086304	12.805391650360542	3.501558238910808	22.109225061810278
ENSG00000225603	AC244394.1	down	-1.0251924469608222	0.08289598057121456	0.028066696371236394	72.0485057816377	47.304275375151214	96.79273618812418
ENSG00000280195	AC245140.2	down	-1.9185817032901653	0.08289598057121456	0.013199978623186264	101.33063521098605	42.10239544898577	160.55887497298636
ENSG00000281538	AC254562.3	down	-1.4097235073957557	0.08289598057121456	0.032727853971182184	16.2640506555411	8.668543336135343	23.859557974946863
ENSG00000122971	ACADS	down	-1.5797580242877658	0.08289598057121456	0.023789154029974672	91.9162600986021	45.833263535988785	137.9992566612154
ENSG00000131584	ACAP3	down	-1.2532673495521993	0.08289598057121456	0.018380743584711663	2051.252313554831	1212.1887850724652	2890.315842037197
ENSG00000162390	ACOT11	down	-3.0958559274250885	0.08289598057121456	0.006511896828014346	28.481431996850144	5.569667822429487	51.3931961712708
ENSG00000142513	ACP4	down	-1.9080742774898074	0.08289598057121456	0.014900569600333998	29.925799953078684	12.302567050100953	47.549032856056414
ENSG00000182584	ACTL10	down	-1.6447331980937359	0.08289598057121456	0.02292917731954668	78.69754335244528	37.88112797297584	119.51395873191473
ENSG00000073670	ADAM11	down	-1.5886419760727966	0.08289598057121456	0.0228838313301721	39.41173219759939	19.417718592930687	59.40574580226809
ENSG00000151651	ADAM8	down	-1.6539673648945086	0.08289598057121456	0.013595967170997817	9012.655134821203	4346.353948070341	13678.956321572063
ENSG00000138316	ADAMTS14	down	-1.4635270160716864	0.08289598057121456	0.023939151207639956	24.739892703053155	12.933272027947993	36.546513378158316
ENSG00000185761	ADAMTSL5	down	-2.144769058940575	0.08289598057121456	0.014474789850581858	23.47425610707579	8.342975642188481	38.60553657196309
ENSG00000213638	ADAT3	down	-1.324946743978879	0.08289598057121456	0.02321725188626055	159.52652711793777	90.80712397803018	228.24593025784534
ENSG00000181790	ADGRB1	down	-2.8764300683919357	0.08289598057121456	0.010139467434825036	12.473246563742167	2.6098568840782157	22.33663624340612
ENSG00000121753	ADGRB2	down	-1.5335820161162979	0.08289598057121456	0.014857394072631357	647.1178609201178	332.03485621395345	962.200865626282
ENSG00000272734	ADIRF-AS1	down	-1.9470085924240585	0.08289598057121456	0.0271092140011363	55.011701102171024	22.36435270783785	87.65904949650421
ENSG00000224420	ADM5	down	-2.8222078818367984	0.08289598057121456	0.0049824241721845575	82.71471426981262	20.116993592329468	145.31243494729577
ENSG00000169692	AGPAT2	down	-3.2293103360660784	0.08289598057121456	0.002765033147524319	51.51888191194127	9.52464879375966	93.51311503012288
ENSG00000188157	AGRN	down	-1.9958885307638525	0.08289598057121456	0.021571701351181433	25.785156149677658	10.038053783713492	41.53225851564182
ENSG00000063438	AHRR	down	-1.429189342709192	0.08289598057121456	0.026935532395749986	34.857451636191705	18.64860352603185	51.066299746351554
ENSG00000280604	AJ239328.1	down	-1.2400909138434364	0.08289598057121456	0.019615377176134347	130.59581069548116	77.4836877343649	183.70793365659742
ENSG00000232434	AJM1	down	-1.1221881903655053	0.08289598057121456	0.02009176763121589	256.2089359995618	161.11637898029826	351.3014930188253
ENSG00000263535	AK4P1	down	-1.0067156033450657	0.08289598057121456	0.027954103429628438	48.44090690935735	32.026098790390066	64.85571502832465
ENSG00000151320	AKAP6	down	-1.6275228668528998	0.08289598057121456	0.01609232587269008	132.41442518339514	64.49768703548501	200.33116333130525
ENSG00000053371	AKR7A2	down	-1.0477324982492564	0.08289598057121456	0.020474633394502114	886.163292600913	577.6433936655989	1194.6831915362272
ENSG00000162482	AKR7A3	down	-1.5546509880411405	0.08289598057121456	0.02552287567241778	22.999571068657946	11.435906541897344	34.563235595418554
ENSG00000230149	AL021707.3	down	-1.6497946711222824	0.08289598057121456	0.023808812592484005	34.902663519282214	16.61145802598369	53.19386901258074
ENSG00000272669	AL021707.6	down	-1.0641121444482764	0.08289598057121456	0.0251606477901479	97.96194665731333	63.211214856006485	132.7126784586202
ENSG00000273137	AL022328.2	down	-1.7434343623902795	0.08289598057121456	0.019516084108499303	55.342001104969945	25.184444584531747	85.49955762540816
ENSG00000273188	AL022328.3	down	-1.3556303048533571	0.08289598057121456	0.018513937713157624	77.42036334970352	43.286690373421756	111.5540363259853
ENSG00000228201	AL022341.1	down	-2.24448363920455	0.08289598057121456	0.03188690881624829	13.17732024531388	4.266717355530134	22.08792313509763
ENSG00000261207	AL031717.1	down	-1.064042883913183	0.08289598057121456	0.03432549010474963	29.868171301472035	19.1507989791036	40.58554362384047
ENSG00000226396	AL031727.1	down	-1.246477257619949	0.08289598057121456	0.025842642731947012	40.806917682631216	23.99549264154888	57.61834272371354
ENSG00000261798	AL033527.3	down	-1.2153538596196005	0.08289598057121456	0.032119223417100974	26.264616589391196	15.613666220139974	36.915566958642415
ENSG00000285905	AL033527.6	down	-1.305442037498985	0.08289598057121456	0.026231685294186707	43.13807327689522	24.640075511107394	61.63607104268305
ENSG00000234832	AL096677.1	down	-1.8254018323871795	0.08289598057121456	0.023386347596693512	15.717732692132742	6.637996936386966	24.79746844787852
ENSG00000271895	AL109811.3	down	-1.210639528347581	0.08289598057121456	0.025260107318458222	65.26996735937855	39.18737990385191	91.3525548149052
ENSG00000259529	AL136295.5	down	-1.047863404719193	0.08289598057121456	0.03365062592427902	17.7923496868249	11.426685668732745	24.158013704917053
ENSG00000272269	AL138724.1	down	-1.6198856471393683	0.08289598057121456	0.028255997768507242	80.74415390704854	39.38904850960578	122.0992593044913
ENSG00000228606	AL139011.1	down	-1.5784903059128308	0.08289598057121456	0.015200301142106404	118.42338944127671	59.16198607969461	177.68479280285882
ENSG00000259118	AL139022.1	down	-1.2559427763278106	0.08289598057121456	0.03232499050633321	23.511400973548007	13.673411675093796	33.349390272002225
ENSG00000272449	AL139246.5	down	-1.5138617123556517	0.08289598057121456	0.02936006611338768	20.343274991295832	10.311572497840361	30.374977484751298
ENSG00000254419	AL139349.1	down	-1.7742190793755994	0.08289598057121456	0.027117159702198933	29.125588279969445	12.903642121892169	45.34753443804672
ENSG00000233290	AL157944.1	down	-1.5645962218904457	0.08289598057121456	0.018129214869523017	140.64301517547975	70.82132581480721	210.4647045361523
ENSG00000217653	AL353692.1	down	-2.5593015261259966	0.08289598057121456	0.018161281390628777	7.925465518708506	1.944210495325688	13.906720542091323
ENSG00000226332	AL354836.1	down	-1.4045199349447044	0.08289598057121456	0.023752083518742823	81.69158639019896	44.56986491657722	118.81330786382073
ENSG00000275964	AL355001.2	down	-2.2068371990920546	0.08289598057121456	0.034001560069021025	25.875524758068533	8.891955152195132	42.85909436394193
ENSG00000279838	AL356273.3	down	-1.4395476224280026	0.08289598057121456	0.01893548306406845	85.57255530451592	45.87082671975909	125.27428388927278
ENSG00000280758	AL356481.3	down	-1.1008233840062078	0.08289598057121456	0.031222289591403773	13.704040186920134	8.533434711060268	18.87464566278
ENSG00000279607	AL358613.2	down	-1.258546484073781	0.08289598057121456	0.02835033492304023	14.222842126319094	8.179524706507703	20.266159546130478
ENSG00000273058	AL359921.2	down	-1.1526840764560458	0.08289598057121456	0.025105419509794513	51.05349835519695	31.488307440110038	70.61868927028387
ENSG00000272068	AL365181.2	down	-1.3695603960413472	0.08289598057121456	0.01718086207151329	732.4920806064089	408.5450957484899	1056.439065464328
ENSG00000217801	AL390719.1	down	-2.3592122683011016	0.08289598057121456	0.025266258426031366	20.38316558564674	6.312429242440104	34.45390192885338
ENSG00000233825	AL391839.2	down	-2.463758705260861	0.08289598057121456	0.014317878351404025	16.515055724530228	4.722128751666982	28.307982697393474
ENSG00000240710	AL512306.3	down	-1.9369337594664915	0.08289598057121456	0.01978442434090925	18.742520831666813	7.4697160336850885	30.015325629648544
ENSG00000116883	AL591845.1	down	-2.9764778093370867	0.08289598057121456	0.009852829020228092	18.139717194289545	3.702572358361889	32.5768620302172
ENSG00000228477	AL663070.1	down	-1.3578881521713635	0.08289598057121456	0.032466819732490444	23.410928264786758	12.921429381918578	33.90042714765494
ENSG00000161618	ALDH16A1	down	-1.1898876078175857	0.08289598057121456	0.018842214026487055	1486.58149421228	905.8840377672253	2067.278950657335
ENSG00000118514	ALDH8A1	down	-1.512948267747067	0.08289598057121456	0.031876136638338555	44.51254540783225	22.85931595146248	66.16577486420202
ENSG00000238278	ALG1L6P	down	-1.0738322396722095	0.08289598057121456	0.031185634459580856	144.82201223413514	93.10463274591659	196.5393917223537
ENSG00000178038	ALS2CL	down	-1.4080172976143324	0.08289598057121456	0.02821747943273081	25.45061645834244	13.705030244867103	37.19620267181778
ENSG00000104899	AMH	down	-2.0500607242930626	0.08289598057121456	0.009727660857639235	661.3108080310385	256.95212454846575	1065.6694915136113
ENSG00000116337	AMPD2	down	-1.0277778492123824	0.08289598057121456	0.02057903498138545	947.7546694497914	623.5813959256822	1271.9279429739008
ENSG00000176248	ANAPC2	down	-1.1131955152147706	0.08289598057121456	0.019798386225708176	2114.49824497051	1336.7342653380986	2892.2622246029205
ENSG00000198720	ANKRD13B	down	-1.097943891875666	0.08289598057121456	0.021253696784303784	564.779144346906	359.49375738346015	770.0645313103519
ENSG00000134461	ANKRD16	down	-1.4827464609454275	0.08289598057121456	0.016082095067553547	391.4020923459309	206.0467530017278	576.757431690134
ENSG00000189127	ANKRD34B	down	-1.742470589702882	0.08289598057121456	0.021174128929166973	13.17942537649539	5.7950683022067615	20.56378245078402
ENSG00000156381	ANKRD9	down	-1.0991879360058463	0.08289598057121456	0.02156040706054012	255.85500815989917	162.66181611873392	349.0482002010644
ENSG00000165138	ANKS6	down	-1.1406954854723605	0.08289598057121456	0.019313131776493412	945.9180689268886	590.1119227108144	1301.7242151429627
ENSG00000237276	ANO7L1	down	-1.4037816766359748	0.08289598057121456	0.0338925889937	14.754237280155257	7.86778832230774	21.640686238002775
ENSG00000185101	ANO9	down	-1.9155840216617674	0.08289598057121456	0.011784367519196873	214.17611395036963	89.460687090519	338.8915408102202
ENSG00000166825	ANPEP	down	-2.5328409577558326	0.08289598057121456	0.0289177535119303	7.5015671336119745	1.857874590902999	13.145259676320952
ENSG00000138772	ANXA3	down	-2.845057514938909	0.08289598057121456	0.027579719414764777	13.187854827609703	2.8444782370200894	23.53123141819931
ENSG00000248409	AP000344.2	down	-3.1306697404020514	0.08289598057121456	0.009892825039991343	14.490357809789854	2.572293700307913	26.40842191927179
ENSG00000273295	AP000350.6	down	-1.0329105915785084	0.08289598057121456	0.035109170320910495	60.12247926971994	39.302712605183096	80.94224593425679
ENSG00000184441	AP001062.1	down	-1.356983673899672	0.08289598057121456	0.019861802460107273	150.26477347476762	84.16385829110448	216.36568865843074
ENSG00000223901	AP001469.1	down	-1.2373920126354792	0.08289598057121456	0.030651387822440406	48.948422933234035	28.953576923572427	68.94326894289564
ENSG00000260808	AP003096.1	down	-1.1662305760141793	0.08289598057121456	0.030120032081408298	27.353123261979025	16.67078579721537	38.035460726742684
ENSG00000245330	AP005717.1	down	-1.4066283531708328	0.08289598057121456	0.020000421384867014	49.72186056651018	27.01002091454953	72.43370021847083
ENSG00000242802	AP5Z1	down	-1.1398324834760296	0.08289598057121456	0.020324677994969016	1268.696435817171	791.8676613329613	1745.5252103013806
ENSG00000034053	APBA2	down	-2.0345648650683676	0.08289598057121456	0.009996222058939226	569.4387717468638	223.13732909306268	915.740214400665
ENSG00000113108	APBB3	down	-1.2436460800413505	0.08289598057121456	0.019033542072805644	302.5556441073876	179.46380117270942	425.6474870420657
ENSG00000115266	APC2	down	-1.6882624359322054	0.08289598057121456	0.01414747129156275	150.3647036914572	70.95442439900934	229.77498298390506
ENSG00000105290	APLP1	down	-1.5500972731134157	0.08289598057121456	0.023090175682201616	25.463427511368085	12.718426598750014	38.208428423986156
ENSG00000204444	APOM	down	-1.4574390329768507	0.08289598057121456	0.020379407420759447	63.59358575975836	33.71787929559201	93.46929222392471
ENSG00000198931	APRT	down	-1.4403158422633555	0.08289598057121456	0.016523452372810932	1356.1014331170036	730.072698227157	1982.13016800685
ENSG00000128805	ARHGAP22	down	-1.234719284807061	0.08289598057121456	0.019068544375822213	218.51936387751664	130.1269869064387	306.91174084859455
ENSG00000159314	ARHGAP27	down	-1.009198021637417	0.08289598057121456	0.02054771960331598	2835.222007288119	1881.9546143970856	3788.489400179153
ENSG00000004777	ARHGAP33	down	-1.02438631658689	0.08289598057121456	0.021128357117106474	976.7582300974085	643.6845543806112	1309.831905814206
ENSG00000089820	ARHGAP4	down	-1.0342532829634192	0.08289598057121456	0.020184754166960084	4528.8259399157905	2971.446648536083	6086.205231295498
ENSG00000074964	ARHGEF10L	down	-2.2853744327071843	0.08289598057121456	0.011628659159339975	28.737875459526578	9.453478376498564	48.022272542554596
ENSG00000142632	ARHGEF19	down	-1.3386649064809126	0.08289598057121456	0.02048785816478497	214.95966264680303	121.60211858224024	308.3172067113658
ENSG00000213465	ARL2	down	-1.2823187223984085	0.08289598057121456	0.023947168655641716	184.2880278260162	107.17604875051298	261.40000690151936
ENSG00000140691	ARMC5	down	-1.4080020634942432	0.08289598057121456	0.017068536458339997	890.6977225276423	487.3337944002453	1294.0616506550389
ENSG00000105676	ARMC6	down	-1.049395787684867	0.08289598057121456	0.020319587672501624	2485.7287066813055	1619.3708511049383	3352.086562257673
ENSG00000197070	ARRDC1	down	-1.1671431357990718	0.08289598057121456	0.02090996515322533	852.6967201497242	525.2452961018553	1180.1481441975932
ENSG00000105643	ARRDC2	down	-2.8684580757852	0.08289598057121456	0.0040421477717632985	142.38469368529528	33.918260305895764	250.85112706469477
ENSG00000281357	ARRDC3-AS1	down	-1.4472265831931612	0.08289598057121456	0.03533565615361242	22.73018078993572	11.966444305574797	33.49391727429664
ENSG00000100299	ARSA	down	-1.22617674962425	0.08289598057121456	0.019982818936346698	546.743546230141	327.2435457087429	766.2435467515389
ENSG00000183876	ARSI	down	-1.5463703787327188	0.08289598057121456	0.0192742329887316	130.54735934632478	66.34702044433531	194.74769824831424
ENSG00000099889	ARVCF	down	-2.034251259539318	0.08289598057121456	0.011743945789813921	130.67150673413434	50.979163736863846	210.36384973140483
ENSG00000196372	ASB13	down	-1.5322686548052238	0.08289598057121456	0.018078704213272363	213.01374509495233	109.20792932767604	316.8195608622286
ENSG00000110881	ASIC1	down	-2.1019208131805702	0.08289598057121456	0.015930795498934485	18.39001477576755	6.637996936386966	30.142032615148135
ENSG00000213199	ASIC3	down	-1.7772592231417097	0.08289598057121456	0.025541937372946355	27.191075235973983	12.007984816780068	42.3741656551679
ENSG00000236017	ASMTL-AS1	down	-1.0537651718022272	0.08289598057121456	0.024054747188359902	95.44152634329392	61.88191074221893	129.00114194436892
ENSG00000169696	ASPSCR1	down	-1.1801263241120123	0.08289598057121456	0.020992760668509122	618.5483291824688	378.5904721370616	858.5061862278761
ENSG00000169136	ATF5	down	-1.0152633610418238	0.08289598057121456	0.023833675245069404	626.1576371213099	414.3303566503493	837.9849175922703
ENSG00000110046	ATG2A	down	-1.0002671932986777	0.08289598057121456	0.020357279121141384	1207.1624943846555	804.5089263184886	1609.816062450822
ENSG00000260442	ATP2A1-AS1	down	-1.303456083283594	0.08289598057121456	0.027827637324439606	34.97184347478533	19.95550994321071	49.988177006359955
ENSG00000099624	ATP5F1D	down	-1.5089698177061177	0.08289598057121456	0.015342575728691696	2390.432848471602	1242.813032400081	3538.0526645431223
ENSG00000119986	AVPI1	down	-1.5738476328525757	0.08289598057121456	0.017127637100959256	60.805721859836154	30.330319580597692	91.28112413907462
ENSG00000126895	AVPR2	down	-1.4840945880288394	0.08289598057121456	0.019973267079540453	105.30509702083117	55.22479236839086	155.38540167327147
ENSG00000160862	AZGP1	down	-1.870192061483167	0.08289598057121456	0.023742619805155695	12.491228010569449	5.080649192801847	19.90180682833705
ENSG00000176022	B3GALT6	down	-1.2161310344998866	0.08289598057121456	0.022139903111653696	459.92970859202575	276.59783636157573	643.2615808224756
ENSG00000177191	B3GNT8	down	-2.552658252584016	0.08289598057121456	0.01547932569376017	10.506017628657302	2.7054136616655047	18.306621595649098
ENSG00000123810	B9D2	down	-1.1345077473267466	0.08289598057121456	0.027536877306117084	170.61463138262937	106.59938141620343	234.6298813490553
ENSG00000007516	BAIAP3	down	-1.5846637992688122	0.08289598057121456	0.019111707871084512	41.08205159910227	20.29425446060168	61.869848737602865
ENSG00000105327	BBC3	down	-1.38850466590063	0.08289598057121456	0.017719038249075107	306.49160661204115	169.19901273180398	443.78420049227833
ENSG00000103507	BCKDK	down	-1.0551469240882692	0.08289598057121456	0.02098359701513121	1159.2041420467465	753.0611354353867	1565.3471486581063
ENSG00000069399	BCL3	down	-1.036796636860606	0.08289598057121456	0.021950574173264983	446.13613198322446	292.21615960026264	600.0561043661863
ENSG00000161940	BCL6B	down	-1.6158714705837647	0.08289598057121456	0.022812033359726917	15.496057774235654	7.370203305818291	23.62191224265302
ENSG00000180535	BHLHA15	down	-1.5626151601953395	0.08289598057121456	0.015256171559009922	287.56597637423323	145.21276234057515	429.91919040789134
ENSG00000100290	BIK	down	-1.6836395647030409	0.08289598057121456	0.019169902147808043	25.485993674464897	11.837934780799506	39.13405256813029
ENSG00000136717	BIN1	down	-1.1022644619493347	0.08289598057121456	0.021500541486170907	187.6891279016364	119.10232947660812	256.2759263266646
ENSG00000135441	BLOC1S1	down	-1.3828701219511612	0.08289598057121456	0.02079673766750718	182.49118137774352	100.94010143018363	264.0422613253034
ENSG00000183682	BMP8A	down	-1.0408777269815708	0.08289598057121456	0.028688129786204702	354.58296466220463	231.77172525048903	477.39420407392026
ENSG00000261236	BOP1	down	-1.0943500768994294	0.08289598057121456	0.02088688176167374	4722.5859564642515	3012.4708318563366	6432.701081072166
ENSG00000106009	BRAT1	down	-1.1630434434696053	0.08289598057121456	0.01863331104461144	1619.7145593083394	999.8506663474913	2239.578452269187
ENSG00000164061	BSN	down	-1.1445588042857189	0.08289598057121456	0.031588683763977665	40.24690932434093	24.881274587193587	55.61254406148827
ENSG00000284976	BX255925.3	down	-1.1067279730004707	0.08289598057121456	0.02162701993912101	811.3584753911174	514.3827126759799	1108.334238106255
ENSG00000187479	C11orf96	down	-1.3832593903146	0.08289598057121456	0.027942092899848163	56.84975537415222	31.285304656941474	82.41420609136297
ENSG00000111678	C12orf57	down	-1.47479622517559	0.08289598057121456	0.016073569490403877	1014.047526230432	536.3766266822262	1491.7184257786378
ENSG00000167173	C15orf39	down	-1.1743848015167508	0.08289598057121456	0.018787646546831484	7418.680385823013	4555.384201130134	10281.976570515893
ENSG00000189227	C15orf61	down	-1.106609558449128	0.08289598057121456	0.03003330082043612	226.28712239393727	143.3370325305257	309.23721225734886
ENSG00000159761	C16orf86	down	-1.2406289490968327	0.08289598057121456	0.029253488772736435	67.33286529977643	39.84050395546311	94.82522664408975
ENSG00000228300	C19orf24	down	-1.4966639678668598	0.08289598057121456	0.015908721496236032	1988.9379133271361	1040.5742625166142	2937.3015641376583
ENSG00000132016	C19orf57	down	-2.6983663371851896	0.08289598057121456	0.007283278463791735	77.03095522372841	20.20068634673188	133.86122410072497
ENSG00000130813	C19orf66	down	-1.1369316723071101	0.08289598057121456	0.021641504406759354	286.29787377373424	178.79752167480956	393.79822587265903
ENSG00000133466	C1QTNF6	down	-1.4034421170584972	0.08289598057121456	0.0196719904523333	131.6363640253002	71.99644644804317	191.27628160255722
ENSG00000197982	C1orf122	down	-1.395392774265211	0.08289598057121456	0.01655151037523338	582.4126790186695	320.6107923180855	844.2145657192535
ENSG00000215910	C1orf167	down	-1.7023806395052392	0.08289598057121456	0.015916927462352935	70.25084096728249	32.76027244638342	107.74140948818156
ENSG00000203724	C1orf53	down	-1.5171312069758838	0.08289598057121456	0.01716622749947916	62.87639562409447	32.31869235999347	93.43409888819548
ENSG00000101220	C20orf27	down	-1.1303114175068603	0.08289598057121456	0.019506214126591124	1252.9472645479866	785.5920224192505	1720.302506676723
ENSG00000169314	C22orf15	down	-1.7418338209310809	0.08289598057121456	0.03064742199314084	27.983883503510356	12.612314770583431	43.35545223643728
ENSG00000284308	C2orf81	down	-1.087420932787555	0.08289598057121456	0.03387623449193747	21.30054066849503	13.45262163189882	29.14845970509124
ENSG00000243449	C4orf48	down	-1.7918089754804405	0.08289598057121456	0.01493445058984697	236.40464025338807	105.67604011444206	367.13324039233413
ENSG00000160345	C9orf116	down	-2.5580665655568127	0.08289598057121456	0.009586084957191066	21.678828152433294	5.938743314143646	37.41891299072294
ENSG00000171159	C9orf16	down	-1.0263866730565507	0.08289598057121456	0.02068945820758228	687.4826872735399	452.5797872599982	922.3855872870816
ENSG00000160325	CACFD1	down	-1.0759085458499917	0.08289598057121456	0.021369701532111193	96.18901744340856	61.71845980653814	130.65957508027896
ENSG00000151067	CACNA1C	down	-2.8554006324883456	0.08289598057121456	0.004212267681168908	194.93367850236152	46.95237923912526	342.91497776559777
ENSG00000151062	CACNA2D4	down	-1.5736167111563035	0.08289598057121456	0.03243581403913302	33.9831263074271	16.84345760606075	51.122795008793446
ENSG00000226800	CACTIN-AS1	down	-1.7302836721051795	0.08289598057121456	0.034301767629212526	41.966674770093285	19.169920416544702	64.76342912364187
ENSG00000042493	CAPG	down	-1.3804579804775197	0.08289598057121456	0.019229539674705077	100.32283517348166	55.45812612588261	145.18754422108069
ENSG00000103326	CAPN15	down	-1.0269174272729151	0.08289598057121456	0.020431630531470946	4138.1470630388785	2724.3863993552673	5551.907726722488
ENSG00000139899	CBLN3	down	-1.0850844878693582	0.08289598057121456	0.022833121635437867	184.61607410178183	118.10713806647375	251.12501013708993
ENSG00000173894	CBX2	down	-2.0234302570008125	0.08289598057121456	0.01076693630624371	158.4473283781081	62.256905643120966	254.6377511130952
ENSG00000248712	CCDC153	down	-1.2372840498723692	0.08289598057121456	0.032909659701524915	30.023046517792377	17.681775803658653	42.36431723192611
ENSG00000187860	CCDC157	down	-1.5801643418863092	0.08289598057121456	0.02238805444054768	65.21588319106236	32.43996967532164	97.99179670680307
ENSG00000228544	CCDC183-AS1	down	-1.2370701323479465	0.08289598057121456	0.025423477747356343	53.716507440720015	31.798709646895315	75.63430523454473
ENSG00000101997	CCDC22	down	-1.0676863908794922	0.08289598057121456	0.020494772153145654	345.3269781452698	222.89744281723566	467.75651347330387
ENSG00000159214	CCDC24	down	-1.067031422898293	0.08289598057121456	0.02353555268835648	94.27319669375122	60.74044392443832	127.8059494630641
ENSG00000162004	CCDC78	down	-2.5097897888408256	0.08289598057121456	0.006310977624258096	288.95567584545273	85.96441897930238	491.946932711603
ENSG00000175602	CCDC85B	down	-1.914840052127492	0.08289598057121456	0.011176937854739824	894.2939619056656	374.61903808311973	1413.9688857282115
ENSG00000277632	CCL3	down	-1.0279837679169785	0.08289598057121456	0.023739236846383842	8638.193495311185	5684.398580173758	11591.988410448612
ENSG00000255920	CCND2-AS1	down	-1.0572225383066651	0.08289598057121456	0.031835129926394756	50.303625432941544	32.479500145653965	68.12775072022912
ENSG00000152669	CCNO	down	-1.5189710878565112	0.08289598057121456	0.017618914982420113	131.5541745580256	67.81803228349776	195.2903168325535
ENSG00000122223	CD244	down	-1.0588193402045418	0.08289598057121456	0.02901586028510436	50.759205085307066	32.75037188210691	68.76803828850723
ENSG00000110448	CD5	down	-1.8189207391220905	0.08289598057121456	0.028961112757506118	11.93959675092858	4.994313288379158	18.884880213478002
ENSG00000105369	CD79A	down	-1.1502877921800316	0.08289598057121456	0.033570092174611564	19.009269861334335	11.619133401322015	26.399406321346657
ENSG00000099834	CDHR5	down	-1.0848006657542868	0.08289598057121456	0.028971297749247754	37.65219564160972	23.94805409831119	51.35633718490826
ENSG00000117266	CDK18	down	-1.5539541453348327	0.08289598057121456	0.017156719715050856	118.36596400396989	59.896181112843415	176.83574689509638
ENSG00000167797	CDK2AP2	down	-1.0315172899115383	0.08289598057121456	0.022920633610156112	1055.7464853947606	693.4464276915401	1418.046543097981
ENSG00000250506	CDK3	down	-1.7177710534079529	0.08289598057121456	0.02703518663863574	17.816204924601728	8.040460131153118	27.59194971805034
ENSG00000129757	CDKN1C	down	-1.5867083941652593	0.08289598057121456	0.01865498504733596	53.8391071296408	26.64490137311488	81.03331288616671
ENSG00000109089	CDR2L	down	-1.723818389393878	0.08289598057121456	0.02819838770675056	22.523386659887453	10.20085023309148	34.84592308668343
ENSG00000167513	CDT1	down	-1.0355284825320505	0.08289598057121456	0.020825889780572426	1496.610391922155	981.255378019574	2011.9654058247359
ENSG00000172216	CEBPB	down	-1.026490850905468	0.08289598057121456	0.02108665906459184	648.2789527471801	426.7409737827161	869.8169317116443
ENSG00000181800	CELF2-AS1	down	-1.1205637627589673	0.08289598057121456	0.019497683002125035	382.9878815941701	241.11897725773642	524.8567859306037
ENSG00000143126	CELSR2	down	-1.0245678358342598	0.08289598057121456	0.02228487073740249	245.86325827639777	161.88289365148773	329.84362290130775
ENSG00000008300	CELSR3	down	-1.1127003570270637	0.08289598057121456	0.030229817774152738	103.94914025652645	65.55478523540495	142.34349527764792
ENSG00000184524	CEND1	down	-1.1345346756529109	0.08289598057121456	0.023227587699753263	749.5007741899904	468.91391419512297	1030.0876341848577
ENSG00000099814	CEP170B	down	-1.2429017030514005	0.08289598057121456	0.019200273391287912	705.0500047929703	418.62938981626644	991.470619769674
ENSG00000167123	CERCAM	down	-1.6101145165673028	0.08289598057121456	0.01509852651295205	120.09867723195451	59.01433374032276	181.18302072358628
ENSG00000172828	CES3	down	-2.084302326238757	0.08289598057121456	0.01897474015896388	32.10425969722113	11.942712431551394	52.26580696289088
ENSG00000160226	CFAP410	down	-1.2152900609860715	0.08289598057121456	0.018790579645747395	701.9582022094979	422.42878899816395	981.487615420832
ENSG00000197766	CFD	down	-2.3334712700411777	0.08289598057121456	0.020037750965706976	38.698246045069624	12.47919480922584	64.91729728091342
ENSG00000123989	CHPF	down	-1.8286639026544667	0.08289598057121456	0.01168109117465808	2013.9579739827907	884.571510681115	3143.3444372844665
ENSG00000136213	CHST12	down	-1.2400109777897608	0.08289598057121456	0.018159575931120015	4086.284450104944	2430.660287800347	5741.908612409541
ENSG00000169105	CHST14	down	-1.1591883733416664	0.08289598057121456	0.020337496648888724	375.7892126707267	232.25735307986443	519.321072261589
ENSG00000175040	CHST2	down	-1.3826500514701976	0.08289598057121456	0.033241276502191504	18.619591230379076	10.100003327809988	27.13917913294816
ENSG00000127586	CHTF18	down	-1.1970938126848318	0.08289598057121456	0.01873068378200616	2196.9902527375193	1334.2351597512322	3059.7453457238066
ENSG00000277972	CISD3	down	-1.1376639436256608	0.08289598057121456	0.019578661890113036	796.5523584671959	497.61964253269116	1095.4850744017006
ENSG00000140104	CLBA1	down	-1.546254058066764	0.08289598057121456	0.02055667083517778	19.922509204069907	9.918110645800011	29.9269077623398
ENSG00000114859	CLCN2	down	-1.2381501318414427	0.08289598057121456	0.020640510033083027	279.03695765175144	165.94263089641433	392.1312844070885
ENSG00000158258	CLSTN2	down	-1.188083750705139	0.08289598057121456	0.035093241297833595	46.75973412459829	28.330104155172503	65.18936409402407
ENSG00000132361	CLUH	down	-1.0306383899940301	0.08289598057121456	0.021134177430881754	6036.859680640093	3967.6251704911188	8106.0941907890665
ENSG00000174871	CNIH2	down	-1.541147142779246	0.08289598057121456	0.03171514754365355	35.28995743848497	17.805674891851645	52.77423998511829
ENSG00000182871	COL18A1	down	-2.780186281588893	0.08289598057121456	0.005740424306650786	62.728760830024164	15.569503936069887	109.88801772397845
ENSG00000049089	COL9A2	down	-1.0842153993057386	0.08289598057121456	0.02094651261478787	425.90466149869945	272.8168652041593	578.9924577932396
ENSG00000093010	COMT	down	-1.0050347482428699	0.08289598057121456	0.020867452024512772	421.24528073111657	280.00976105974087	562.4808004024924
ENSG00000165644	COMTD1	down	-1.3349015749537358	0.08289598057121456	0.01734600448802434	1147.1091361100068	651.0725701512649	1643.1457020687485
ENSG00000105669	COPE	down	-1.1384303274163152	0.08289598057121456	0.01948914032286906	2523.102022020733	1576.0547423581284	3470.1493016833374
ENSG00000163050	COQ8A	down	-1.0317964290166346	0.08289598057121456	0.020805139401979252	3477.2711068555304	2284.074026201797	4670.468187509262
ENSG00000172725	CORO1B	down	-1.4547317812536746	0.08289598057121456	0.018133146507886437	154.64980932465764	82.44439378925327	226.85522486006198
ENSG00000167549	CORO6	down	-1.5576847079185878	0.08289598057121456	0.017745745911679277	152.23548499626517	76.95579694836138	227.51517304416896
ENSG00000262246	CORO7	down	-1.6335895293158882	0.08289598057121456	0.013724084171912908	687.1511629762455	334.70735988274186	1039.594966069749
ENSG00000160471	COX6B2	down	-1.8971657774257422	0.08289598057121456	0.016551407393799695	24.32663440220757	10.009056986805	38.64421181761014
ENSG00000124772	CPNE5	down	-1.4670198324547459	0.08289598057121456	0.015764700347162666	627.691856010434	333.2449610124058	922.138751008462
ENSG00000143320	CRABP2	down	-2.1039350465717956	0.08289598057121456	0.014944180788126996	25.085025862158087	9.156907479460195	41.01314424485597
ENSG00000177685	CRACR2B	down	-1.4776846751062003	0.08289598057121456	0.016277205664307248	527.6240896130464	278.56056039000435	776.6876188360884
ENSG00000095321	CRAT	down	-1.1297197369423737	0.08289598057121456	0.02060743682100279	295.04002975121824	184.89836037006387	405.18169913237256
ENSG00000148204	CRB2	down	-1.4688403510507304	0.08289598057121456	0.03277786064595618	10.410005851186494	5.290884185417528	15.529127516955462
ENSG00000146592	CREB5	down	-1.6322661819615663	0.08289598057121456	0.01985656337493516	61.90901998668363	29.943456828857126	93.87458314451014
ENSG00000105662	CRTC1	down	-1.511326793071287	0.08289598057121456	0.01725618495261649	328.33946656149516	170.29371686980514	486.3852162531851
ENSG00000164400	CSF2	down	-1.763130190087468	0.08289598057121456	0.028425091833591848	27.82778926934861	12.392858904803154	43.26271963389407
ENSG00000114646	CSPG5	down	-1.1750478173233294	0.08289598057121456	0.029472962254505828	54.15344390193457	33.050265620277465	75.25662218359169
ENSG00000144655	CSRNP1	down	-1.6571727993654293	0.08289598057121456	0.017729468362444663	308.3213302459939	148.18701632066518	468.4556441713226
ENSG00000101439	CST3	down	-1.2704921675862935	0.08289598057121456	0.01864575795481228	931.8287041495454	545.9296002370896	1317.727808062001
ENSG00000085733	CTTN	down	-1.6546893992811949	0.08289598057121456	0.01982190886674946	87.62988423752176	41.98703754284547	133.27273093219807
ENSG00000142544	CTU1	down	-1.1117797419974935	0.08289598057121456	0.021539486923213873	409.9009512874188	259.15533892940584	560.6465636454318
ENSG00000178531	CTXN1	down	-1.7118902340635578	0.08289598057121456	0.016232122664994273	50.45969975056072	23.335790866793346	77.5836086343281
ENSG00000114395	CYB561D2	down	-1.2530657789332622	0.08289598057121456	0.019122294873810494	706.243056756388	417.26180007328577	995.2243134394903
ENSG00000051523	CYBA	down	-1.2500566299296871	0.08289598057121456	0.018623602772025093	7165.126182831573	4241.388460451301	10088.863905211845
ENSG00000111012	CYP27B1	down	-1.414743457761724	0.08289598057121456	0.017769372248474198	114.03353753555405	61.982099333543964	166.08497573756415
ENSG00000205702	CYP2D7	down	-1.4982505991217763	0.08289598057121456	0.02695566532464473	51.99317757807481	26.947416884150243	77.03893827199937
ENSG00000180902	D2HGDH	down	-1.5551754510930065	0.08289598057121456	0.02176201524141189	184.51492839496817	93.44733321358706	275.5825235763493
ENSG00000232093	DCST1-AS1	down	-1.4961857393421116	0.08289598057121456	0.02225503128507079	29.917162181291797	15.421218487550702	44.41310587503289
ENSG00000181418	DDN	down	-1.135209456283575	0.08289598057121456	0.021654553560166614	397.04503695327907	248.23735465011546	545.8527192564426
ENSG00000204580	DDR1	down	-1.145319168291152	0.08289598057121456	0.03510603328437806	43.28775846031085	26.765524202140266	59.80999271848143
ENSG00000236397	DDX11L2	down	-1.0998196129067015	0.08289598057121456	0.021692364567594356	250.88210286546123	159.44896345826703	342.31524227265544
ENSG00000177030	DEAF1	down	-1.2976201783466468	0.08289598057121456	0.017394103210273897	1477.8062432591553	854.4495229380374	2101.1629635802733
ENSG00000242612	DECR2	down	-1.1313437399437614	0.08289598057121456	0.03088448715792997	166.11263386157574	103.93880972971992	228.28645799343158
ENSG00000184014	DENND5A	down	-1.091152948240405	0.08289598057121456	0.023115899218624256	67.28075963653643	42.8042708440939	91.75724842897897
ENSG00000185000	DGAT1	down	-1.0713782714016569	0.08289598057121456	0.020386442608117308	917.3616373726641	591.3938524128306	1243.3294223324976
ENSG00000128185	DGCR6L	down	-1.1298473041239445	0.08289598057121456	0.02114810226303415	925.3595128884823	580.2755337052012	1270.4434920717633
ENSG00000162496	DHRS3	down	-1.5407984344349128	0.08289598057121456	0.019155647586482055	109.88154065783154	55.96757516555693	163.79550615010615
ENSG00000140323	DISP2	down	-2.1958321213309757	0.08289598057121456	0.019861934720434883	10.531312141593762	3.4527855182584215	17.609838764929105
ENSG00000204624	DISP3	down	-2.6107837612638476	0.08289598057121456	0.0059888598018954485	84.74365685373026	23.484076315312524	146.00323739214798
ENSG00000116544	DLGAP3	down	-1.8933568816929183	0.08289598057121456	0.02245931688585598	15.18578981030919	6.153588743341626	24.21799087727675
ENSG00000128917	DLL4	down	-1.4657562769916705	0.08289598057121456	0.0231065812566926	90.92189807036459	48.10175412981121	133.742042010918
ENSG00000104936	DMPK	down	-1.1198538804982554	0.08289598057121456	0.019511647346276716	645.6601296512532	406.754524960844	884.5657343416624
ENSG00000158856	DMTN	down	-1.4098573805699985	0.08289598057121456	0.023898525861665663	49.769850021701615	26.99157916822033	72.5481208751829
ENSG00000154099	DNAAF1	down	-1.6236107019886012	0.08289598057121456	0.031294333329296355	35.24562789346171	17.016129414906125	53.47512637201729
ENSG00000114841	DNAH1	down	-1.3434686435861738	0.08289598057121456	0.017923748966945284	878.3432975671993	496.3575101315742	1260.3290850028245
ENSG00000213221	DNLZ	down	-1.7021719429470255	0.08289598057121456	0.023912340932462743	17.9090663063031	8.155138346181511	27.662994266424686
ENSG00000182397	DNM1P46	down	-1.4971659658007	0.08289598057121456	0.027240053695667486	20.289076801154753	10.376143814801674	30.202009787507833
ENSG00000231793	DOC2GP	down	-1.502766173261721	0.08289598057121456	0.019480067182774695	76.31946788074325	39.57426403274794	113.06467172873853
ENSG00000146094	DOK3	down	-1.040085137349209	0.08289598057121456	0.0232439113579184	152.99437648170957	99.94296411064272	206.04578885277638
ENSG00000108963	DPH1	down	-1.0892175959339023	0.08289598057121456	0.022631211435650552	1070.8165751971062	684.5756467719699	1457.0575036222428
ENSG00000179085	DPM3	down	-1.1875858339615784	0.08289598057121456	0.02026314747782808	540.9299266325609	329.87057429320197	751.9892789719197
ENSG00000176978	DPP7	down	-1.537525388029177	0.08289598057121456	0.015142476237606218	2720.5005836473797	1393.8261569982108	4047.1750102965493
ENSG00000113657	DPYSL3	down	-1.4444886223349296	0.08289598057121456	0.01705575355696738	526.0975920398893	282.4904501050873	769.7047339746913
ENSG00000169718	DUS1L	down	-1.0007050086214666	0.08289598057121456	0.020910948676782715	5718.159477244298	3810.697724038175	7625.621230450419
ENSG00000120129	DUSP1	down	-2.41707801585009	0.08289598057121456	0.007350322871779364	783.6523832065286	246.83227351013818	1320.472492902919
ENSG00000158050	DUSP2	down	-2.004501626384833	0.08289598057121456	0.011442108532955249	214.25400055428952	85.18737063468909	343.3206304738899
ENSG00000158716	DUSP23	down	-1.2618530904895517	0.08289598057121456	0.019809471348230353	671.8325452293468	395.21836186850163	948.4467285901919
ENSG00000184545	DUSP8	down	-1.1998671192230879	0.08289598057121456	0.01923894696314827	356.02113108293565	215.75787970927067	496.28438245660067
ENSG00000235316	DUSP8P5	down	-2.02663892478581	0.08289598057121456	0.013825503855426854	84.18134264658995	32.87495066141181	135.48773463176812
ENSG00000107404	DVL1	down	-1.2241954969442457	0.08289598057121456	0.01841890784378181	1233.5170657737185	739.2626477900807	1727.771483757356
ENSG00000167967	E4F1	down	-1.226941249817637	0.08289598057121456	0.018730311708768783	1171.6825812308628	701.2582500104055	1642.1069124513197
ENSG00000088881	EBF4	down	-1.5794257349275111	0.08289598057121456	0.028505918593572568	24.747711100841816	12.160226215578762	37.33519598610487
ENSG00000104823	ECH1	down	-1.2348429710226139	0.08289598057121456	0.023546113673450605	439.2098212649077	261.73486483916093	616.6847776906545
ENSG00000134463	ECHDC3	down	-1.8772206305110004	0.08289598057121456	0.03490387428914401	9.383824152607673	3.729580491552898	15.03806781366245
ENSG00000236991	EDRF1-AS1	down	-1.3155491170467473	0.08289598057121456	0.021152986709784567	58.42572455274303	33.27828787291955	83.5731612325665
ENSG00000284753	EEF1AKMT4	down	-1.7078811035650658	0.08289598057121456	0.014059914211425488	271.1724654538257	126.84228796525247	415.50264294239895
ENSG00000115380	EFEMP1	down	-1.0797842489705423	0.08289598057121456	0.030285553671984638	44.70048223723678	28.533106938341067	60.8678575361325
ENSG00000172638	EFEMP2	down	-1.3701107248496651	0.08289598057121456	0.01888924356782127	115.94146984961078	64.4621125154322	167.42082718378938
ENSG00000120738	EGR1	down	-2.617589153978207	0.08289598057121456	0.012498266034243135	35.22712104609821	9.511471970315549	60.94277012188087
ENSG00000161960	EIF4A1	down	-1.8388503450770501	0.08289598057121456	0.013076310465344413	1078.5029314013602	470.9635568275033	1686.0423059752175
ENSG00000237977	EIF4HP2	down	-1.729313748266797	0.08289598057121456	0.027231473007197506	12.960085868102487	5.737729194692566	20.18244254151241
ENSG00000163435	ELF3	down	-2.0859040752085654	0.08289598057121456	0.02361732987038458	8.822965136829788	3.05471322963577	14.591217044023807
ENSG00000197774	EME2	down	-1.6125545819528295	0.08289598057121456	0.01402024748110307	1260.308332005714	620.9049324789606	1899.7117315324674
ENSG00000167136	ENDOG	down	-1.9110992056832754	0.08289598057121456	0.01121144249686861	241.07005264646185	100.97965327767143	381.1604520152523
ENSG00000108515	ENO3	down	-1.0988941482839227	0.08289598057121456	0.020650483899815334	551.9421714595129	351.16070368270357	752.7236392363224
ENSG00000183317	EPHA10	down	-1.8148233706711585	0.08289598057121456	0.01468379480648793	151.869246944524	66.94739444785917	236.79109944118886
ENSG00000133216	EPHB2	down	-3.3838883118139518	0.08289598057121456	0.0020085830154346835	72.49324633920071	12.262360716310376	132.72413196209104
ENSG00000196411	EPHB4	down	-2.827282854326506	0.08289598057121456	0.02488028436261886	15.815781406485675	3.5299005495165106	28.101662263454838
ENSG00000178752	ERFE	down	-1.4308283804950186	0.08289598057121456	0.03374759421940853	47.37790947878048	25.407856400591537	69.34796255696942
ENSG00000105755	ETHE1	down	-1.12697606134115	0.08289598057121456	0.023518365247914813	116.33929112070292	72.89140268488791	159.787179556518
ENSG00000142459	EVI5L	down	-1.0890862773423295	0.08289598057121456	0.02330908222218312	403.9226553292704	258.1324848997777	549.7128257587632
ENSG00000178896	EXOSC4	down	-1.1608996228536335	0.08289598057121456	0.0201594501735393	384.1890090648526	237.25821888657882	531.1197992431263
ENSG00000131187	F12	down	-1.9557107884105593	0.08289598057121456	0.020434433586814592	50.21066771442082	20.287022251154568	80.13431317768709
ENSG00000103089	FA2H	down	-1.6594674635962443	0.08289598057121456	0.02377357411361235	17.73818999680037	8.270471047512693	27.205908946088044
ENSG00000117480	FAAH	down	-1.108836335573701	0.08289598057121456	0.019309959954814562	1610.568848301352	1020.224546898785	2200.9131497039198
ENSG00000185504	FAAP100	down	-1.2733633463412757	0.08289598057121456	0.01746020917990799	1959.9384478768513	1146.879712358146	2772.997183395557
ENSG00000221968	FADS3	down	-1.7408648312917907	0.08289598057121456	0.0159582637394706	52.71988212783382	24.011992306125165	81.42777194954249
ENSG00000130054	FAM155B	down	-1.0959866025129075	0.08289598057121456	0.024872130652878147	74.87876416179698	47.548797292369585	102.20873103122436
ENSG00000158863	FAM160B2	down	-1.0531353022534162	0.08289598057121456	0.020219964876687802	815.3093905845698	530.1017858283653	1100.5169953407742
ENSG00000161682	FAM171A2	down	-1.932106477899065	0.08289598057121456	0.017825421186838906	26.49980971370802	10.71226655932783	42.28735286808822
ENSG00000103254	FAM173A	down	-2.0234017253875787	0.08289598057121456	0.010412775590621906	527.094041814549	207.81237227902025	846.3757113500777
ENSG00000164556	FAM183BP	down	-1.6291999203100986	0.08289598057121456	0.021125330889980178	70.70618901323887	34.290612056777526	107.12176596970022
ENSG00000104059	FAM189A1	down	-1.4510952680805271	0.08289598057121456	0.016816283196048783	309.2597610909163	165.40619510070448	453.1133270811281
ENSG00000219438	FAM19A5	down	-1.175562212342817	0.08289598057121456	0.01886426151668901	1234.2802178349575	757.3107589438505	1711.2496767260645
ENSG00000204860	FAM201A	down	-1.4041125102334848	0.08289598057121456	0.018222447721346083	210.99617851447	115.4979822506629	306.49437477827706
ENSG00000124103	FAM209A	down	-2.103039605668739	0.08289598057121456	0.020977609461845063	14.991758563076973	5.350211956649208	24.63330516950474
ENSG00000139438	FAM222A	down	-1.3590282250792187	0.08289598057121456	0.01968836008099031	99.77154489214227	55.7513741817888	143.79171560249574
ENSG00000167930	FAM234A	down	-1.4941688579857633	0.08289598057121456	0.016465769145238972	372.0167873482103	194.68732838194123	549.3462463144793
ENSG00000215374	FAM66B	down	-1.5475209549846538	0.08289598057121456	0.0293200551923485	27.355146661139205	13.700419808284805	41.009873513993604
ENSG00000165716	FAM69B	down	-2.485401175850672	0.08289598057121456	0.007635762148701008	102.37388750584257	30.674375602838325	174.07339940884685
ENSG00000180921	FAM83H	down	-2.4117980235669205	0.08289598057121456	0.006778781516590898	223.23278198892572	70.28615623739199	376.1794077404595
ENSG00000253540	FAM86HP	down	-1.2018531904405738	0.08289598057121456	0.022660238125496408	79.61330053864877	48.04837097257653	111.17823010472101
ENSG00000176973	FAM89B	down	-1.15178406282779	0.08289598057121456	0.021145218568767263	167.17583609994315	103.58555421147014	230.76611798841623
ENSG00000169710	FASN	down	-1.059336982663693	0.08289598057121456	0.020088878653256825	8532.421752216018	5533.21911326949	11531.624391162544
ENSG00000112787	FBRSL1	down	-1.1410052784063858	0.08289598057121456	0.022184744452972745	546.6470634751296	340.89652697379	752.3975999764693
ENSG00000107872	FBXL15	down	-1.6022963384325988	0.08289598057121456	0.01458132537245301	387.7753849457192	191.89354357017098	583.6572263212674
ENSG00000182325	FBXL6	down	-1.585656819986216	0.08289598057121456	0.01490985913059297	859.8482030977483	429.51884928474647	1290.1775569107501
ENSG00000135722	FBXL8	down	-1.5467492369748064	0.08289598057121456	0.015466276436466144	233.32887673560103	118.75235404517962	347.90539942602237
ENSG00000163013	FBXO41	down	-1.4892429847050377	0.08289598057121456	0.015308538042955835	1300.5924582566497	682.9516497114305	1918.2332668018691
ENSG00000159069	FBXW5	down	-1.3665893696729625	0.08289598057121456	0.01693231893259841	3340.9107249483027	1866.9389042849646	4814.882545611642
ENSG00000132004	FBXW9	down	-1.132059357653127	0.08289598057121456	0.021310711182461972	234.2453361265619	146.59673720704754	321.8939350460763
ENSG00000163534	FCRL1	down	-1.3721666975497486	0.08289598057121456	0.03146905171620156	71.56581177072285	39.663854819182774	103.46776872226293
ENSG00000141965	FEM1A	down	-1.288603549428331	0.08289598057121456	0.018400289035173097	182.65990083396187	105.89816050739807	259.4216411605257
ENSG00000068078	FGFR3	down	-2.664840396341072	0.08289598057121456	0.011997791980333865	26.195609750499994	6.772451075159252	45.61876842584073
ENSG00000179431	FJX1	down	-1.0562488485496198	0.08289598057121456	0.021023224308834316	399.1715218352221	259.0676222656039	539.2754214048401
ENSG00000237753	FLJ42351	down	-1.0243450780498373	0.08289598057121456	0.02611968135815133	47.26297165921782	30.984777809623598	63.54116550881205
ENSG00000160973	FOXH1	down	-2.3763860575601923	0.08289598057121456	0.01889425740341238	9.410237844327542	2.7008032250832046	16.119672463571877
ENSG00000073910	FRY	down	-1.3916173886326948	0.08289598057121456	0.017527893844716657	214.44058588681074	118.12958234504704	310.75158942857445
ENSG00000186765	FSCN2	down	-1.822962305452439	0.08289598057121456	0.016633199071981544	32.74561262378611	14.151875254142142	51.33934999343008
ENSG00000155760	FZD7	down	-1.4456802087945688	0.08289598057121456	0.016008248739472847	313.8375973785473	168.32116406387374	459.35403069322075
ENSG00000171298	GAA	down	-2.232219217956939	0.08289598057121456	0.008597660093326246	140.74047924087594	49.07057051590189	232.41038796585
ENSG00000108479	GALK1	down	-1.236317461737638	0.08289598057121456	0.02255793536695611	628.8400177131346	374.557675066206	883.1223603600632
ENSG00000110328	GALNT18	down	-1.317741722604547	0.08289598057121456	0.02506426754405362	62.85867268220502	35.7800442651137	89.93730109929633
ENSG00000130005	GAMT	down	-1.0731908429817254	0.08289598057121456	0.020807203619043785	1004.3599668354501	646.9442415076311	1361.7756921632692
ENSG00000185340	GAS2L1	down	-1.0244956158326777	0.08289598057121456	0.020517018292076715	227.46837722261594	149.7635068788469	305.17324756638504
ENSG00000100116	GCAT	down	-1.4632874946310337	0.08289598057121456	0.018354304481623045	82.42605709465329	43.64060037797432	121.21151381133224
ENSG00000127554	GFER	down	-1.0200437483949008	0.08289598057121456	0.022547070918285686	412.52878535173096	272.30809202794325	552.7494786755187
ENSG00000134864	GGACT	down	-1.004044535439747	0.08289598057121456	0.024326917995631664	113.57559124677435	75.40832456424364	151.74285792930505
ENSG00000123159	GIPC1	down	-1.209413996159409	0.08289598057121456	0.018958157222919717	305.3343099384769	184.15819551810895	426.51042435884483
ENSG00000250571	GLI4	down	-1.7287099241451989	0.08289598057121456	0.014629730187925395	304.9383177647077	141.09302146095862	468.7836140684567
ENSG00000278175	GLIDR	down	-1.194878767296192	0.08289598057121456	0.034338005216501974	16.405206683241015	9.779046070445425	23.031367296036606
ENSG00000174332	GLIS1	down	-1.2875709598396727	0.08289598057121456	0.027770564148119892	65.86793071044097	38.07292121926232	93.66294020161963
ENSG00000168237	GLYCTK	down	-1.195651282779974	0.08289598057121456	0.019269007237809083	432.05423745889624	262.41237907875194	601.6960958390404
ENSG00000137198	GMPR	down	-1.4000633410839805	0.08289598057121456	0.01844711897437738	60.454553719877175	32.99950423590759	87.90960320384677
ENSG00000128266	GNAZ	down	-1.0683336083318875	0.08289598057121456	0.021851854059591776	257.0413059802029	165.8161062077029	348.2665057527029
ENSG00000185838	GNB1L	down	-1.6562778140050798	0.08289598057121456	0.013939707480137715	330.16171045582337	158.77741903748208	501.54600187416463
ENSG00000172354	GNB2	down	-1.011816088167378	0.08289598057121456	0.02061148811183701	3216.737452148143	2132.6298414688536	4300.845062827432
ENSG00000127588	GNG13	down	-1.697242756800397	0.08289598057121456	0.030263607922693895	22.374188915558268	10.282575700931869	34.46580213018466
ENSG00000176533	GNG7	down	-1.6287919094782726	0.08289598057121456	0.015113762431229857	252.86425776851857	123.31763096146561	382.4108845755715
ENSG00000197858	GPAA1	down	-1.1044335367828353	0.08289598057121456	0.019490783926403916	5271.946651508266	3346.931749117263	7196.961553899269
ENSG00000186281	GPAT2	down	-1.057226295853978	0.08289598057121456	0.023778680456131903	906.3699168232323	588.1994025720356	1224.5404310744289
ENSG00000063660	GPC1	down	-1.8114611770795155	0.08289598057121456	0.01435946401566527	107.896959944616	47.569860811563615	168.2240590776684
ENSG00000173264	GPR137	down	-1.1911914840284032	0.08289598057121456	0.019359884413975688	1193.6393182629006	726.8769783404138	1660.4016581853873
ENSG00000158292	GPR153	down	-2.367455525019547	0.08289598057121456	0.012599250201485451	32.23690992245405	10.128345638415693	54.34547420649242
ENSG00000180758	GPR157	down	-1.4585379768792126	0.08289598057121456	0.02203258557253409	35.69857253584478	18.814676234577444	52.58246883711212
ENSG00000111291	GPRC5D	down	-1.0358545143769977	0.08289598057121456	0.02034071415102646	3019.519358732392	1979.62781021265	4059.4109072521337
ENSG00000167701	GPT	down	-2.487906069685709	0.08289598057121456	0.007609191051514317	97.42027867456717	29.129571573549985	165.71098577558436
ENSG00000141738	GRB7	down	-1.1169748266955015	0.08289598057121456	0.021848194189499674	247.4450469584566	155.9856694713939	338.9044244455193
ENSG00000215045	GRID2IP	down	-2.1189082202612806	0.08289598057121456	0.026118603618101543	25.160690265088977	9.104178808528298	41.21720172164966
ENSG00000161509	GRIN2C	down	-1.88973401968979	0.08289598057121456	0.02105644411587654	41.08159995463182	17.17298125028712	64.99021865897652
ENSG00000105464	GRIN2D	down	-2.0533309559223243	0.08289598057121456	0.011549177638627483	56.26980466673748	21.54382177026635	90.9957875632086
ENSG00000116032	GRIN3B	down	-1.1427445388863366	0.08289598057121456	0.028398424651096252	43.34394418560807	26.834072846536547	59.8538155246796
ENSG00000178605	GTPBP6	down	-1.153823086420407	0.08289598057121456	0.018852757365010017	988.6862664982544	612.9436401742495	1364.4288928222593
ENSG00000101890	GUCY2F	down	-1.4299110184532187	0.08289598057121456	0.02654075320828025	11.242368602323168	5.857017846303257	16.627719358343075
ENSG00000184897	H1FX	down	-1.2644314871659765	0.08289598057121456	0.018301536139145987	6516.70284212557	3830.5287072004653	9202.876977050673
ENSG00000206417	H1FX-AS1	down	-1.4885977476563679	0.08289598057121456	0.017989722453512824	187.61954287075173	98.35002046984931	276.88906527165415
ENSG00000188486	H2AFX	down	-1.031897458892635	0.08289598057121456	0.02010182181209251	4730.129785929383	3106.9401859406985	6353.319385918066
ENSG00000049239	H6PD	down	-1.9764491268792772	0.08289598057121456	0.011266888181104764	310.89561133412957	125.69286649260194	496.0983561756572
ENSG00000103253	HAGHL	down	-1.8953737246427365	0.08289598057121456	0.01098272449190684	731.2384091636442	309.54660441792254	1152.9302139093659
ENSG00000244734	HBB	down	-1.3634530098994706	0.08289598057121456	0.01735602609425578	121.57258541933506	67.83052941582996	175.31464142284017
ENSG00000103145	HCFC1R1	down	-1.1460316728735793	0.08289598057121456	0.020584266433244687	277.80449134422673	172.73419958136105	382.8747831070925
ENSG00000100429	HDAC10	down	-1.3769903892639992	0.08289598057121456	0.025116219699679188	105.16570920674882	58.24788702825331	152.0835313852443
ENSG00000130589	HELZ2	down	-1.4152964568128281	0.08289598057121456	0.015973665074674022	1061.4117539545625	578.6489828309169	1544.1745250782078
ENSG00000144485	HES6	down	-1.6384088041868554	0.08289598057121456	0.014100759317152746	1055.4953881688505	512.9637498166375	1598.0270265210636
ENSG00000169660	HEXDC	down	-1.2040072770578554	0.08289598057121456	0.018873519084672	1139.3348344303074	689.517163430297	1589.1525054303174
ENSG00000164683	HEY1	down	-1.1482790392102624	0.08289598057121456	0.02390840363294612	109.96152159242867	68.18443942038253	151.7386037644748
ENSG00000146066	HIGD2A	down	-1.282271631787089	0.08289598057121456	0.017606349321401645	1099.4190231852735	640.4380265275335	1558.4000198430138
ENSG00000127946	HIP1	down	-1.2499665916148293	0.08289598057121456	0.021632360779875928	115.33447065436725	68.07439684674553	162.594544461989
ENSG00000204257	HLA-DMA	down	-1.2568442038260563	0.08289598057121456	0.018398153869081363	1244.0600696229544	733.8134416736274	1754.306697572281
ENSG00000196126	HLA-DRB1	down	-1.1319538284474573	0.08289598057121456	0.022085924431410144	227.3249152579851	142.26741582111813	312.38241469485206
ENSG00000204642	HLA-F	down	-1.1586675453360897	0.08289598057121456	0.021479061052401036	420.1420117608095	259.75709369230896	580.5269298293101
ENSG00000103942	HOMER2	down	-1.1007253923994327	0.08289598057121456	0.020990803532106247	870.1271846822473	553.2240150337573	1187.030354330737
ENSG00000186603	HPDL	down	-1.6426149750636967	0.08289598057121456	0.019806164298009306	144.23313627103673	69.71938946735894	218.74688307471456
ENSG00000167733	HSD11B1L	down	-1.845110635315239	0.08289598057121456	0.015267875160649983	38.19549135434624	16.350483026153597	60.04049968253887
ENSG00000176387	HSD11B2	down	-1.3410054707092665	0.08289598057121456	0.01957208460539508	70.00911968198535	39.41144620621449	100.60679315775621
ENSG00000102878	HSF4	down	-1.554869431001112	0.08289598057121456	0.017578792954780226	277.6190895485035	140.74634366585317	414.4918354311538
ENSG00000133265	HSPBP1	down	-1.0593908324685621	0.08289598057121456	0.02260702255984224	1633.412789991756	1059.088573026923	2207.737006956589
ENSG00000142798	HSPG2	down	-1.304630027730898	0.08289598057121456	0.019453079662510742	761.7194602434365	438.7937830251763	1084.6451374616965
ENSG00000148680	HTR7	down	-2.057009307313623	0.08289598057121456	0.019420779361854313	15.939013265562203	5.870194669747367	26.00783186137704
ENSG00000068001	HYAL2	down	-1.0756736335203707	0.08289598057121456	0.028588695852650028	364.1507774926922	234.1752099283019	494.12634505708246
ENSG00000186792	HYAL3	down	-1.0102816630748412	0.08289598057121456	0.029978635058457544	64.10458063849303	42.36533390772423	85.84382736926182
ENSG00000160888	IER2	down	-1.0255624429798669	0.08289598057121456	0.0250982012032615	175.34449364210863	115.34901711103184	235.33997017318538
ENSG00000188483	IER5L	down	-2.0663690930564655	0.08289598057121456	0.010746380504110135	72.35099566632509	27.582732298579586	117.11925903407058
ENSG00000187535	IFT140	down	-1.11900816191903	0.08289598057121456	0.022884293099019355	304.65890779963286	191.9093421664799	417.40847343278574
ENSG00000099769	IGFALS	down	-1.1936454214870809	0.08289598057121456	0.033796675240065	46.24638528080962	27.94059825341166	64.55217230820757
ENSG00000141753	IGFBP4	down	-3.1810979044647003	0.08289598057121456	0.004899061926784769	29.62598881924931	5.483331918006798	53.768645720491826
ENSG00000211895	IGHA1	down	-3.2842102550373626	0.08289598057121456	0.010953264321154267	26.871777435481235	4.596240999756506	49.14731387120597
ENSG00000211890	IGHA2	down	-2.6591957164676434	0.08289598057121456	0.007360214447772818	58.72514336090504	15.68879258768058	101.7614941341295
ENSG00000211896	IGHG1	down	-1.3077262448086766	0.08289598057121456	0.01738593435164667	10174.473071977121	5854.738927732668	14494.207216221577
ENSG00000211893	IGHG2	down	-2.048096524777199	0.08289598057121456	0.010365284865434468	634.7911246924815	246.90679580099425	1022.6754535839688
ENSG00000211897	IGHG3	down	-1.0528573298636383	0.08289598057121456	0.028615561368121448	179.11343274021877	116.33562458480255	241.89124089563495
ENSG00000211892	IGHG4	down	-1.3856479789888128	0.08289598057121456	0.016934581848396187	624.6556799609973	345.56931402712354	903.7420458948709
ENSG00000253755	IGHGP	down	-1.7948752166742223	0.08289598057121456	0.015564866531513481	197.82180264044834	88.23747342774254	307.40613185315414
ENSG00000242766	IGKV1D-17	down	-2.9955301953451614	0.08289598057121456	0.013213907890199663	8.513733994595098	1.5085750229327337	15.51889296625746
ENSG00000211677	IGLC2	down	-1.516632780163143	0.08289598057121456	0.02866223875460603	64.59317847782005	33.21633832882305	95.97001862681702
ENSG00000254030	IGLC5	down	-3.464718254954851	0.08289598057121456	0.00939839951785008	9.314589338094411	1.1302786580539754	17.498900018134844
ENSG00000162729	IGSF8	down	-1.3221288024302587	0.08289598057121456	0.017892561286700533	1299.7231332905365	742.4108184201554	1857.0354481609174
ENSG00000095752	IL11	down	-2.2255125820990314	0.08289598057121456	0.022268708201664433	13.142043208318968	4.30626920301792	21.977817213620014
ENSG00000137070	IL11RA	down	-1.043000415731322	0.08289598057121456	0.020679282186544162	228.56096408777623	149.188173721952	307.93375445360044
ENSG00000124391	IL17C	down	-2.5098695475749637	0.08289598057121456	0.010742235809001369	18.308892246057198	5.118212376572149	31.49957211554224
ENSG00000172458	IL17D	down	-1.2244334419376048	0.08289598057121456	0.023695248540984315	99.6410818157122	59.52516353937636	139.75700009204806
ENSG00000104998	IL27RA	down	-1.262088966028557	0.08289598057121456	0.01802142307498447	846.1165350008864	497.74012944347646	1194.4929405582964
ENSG00000226942	IL9RP3	down	-2.2554390412771648	0.08289598057121456	0.01045558518875505	73.29961331770231	25.05921131892406	121.54001531648056
ENSG00000106348	IMPDH1	down	-1.0017104478002339	0.08289598057121456	0.020548154754835398	2259.0967670208406	1504.7074311513004	3013.4861028903815
ENSG00000257704	INAFM1	down	-1.3262937338811143	0.08289598057121456	0.02745537868193022	94.6138131063373	53.73335011918173	135.49427609349286
ENSG00000203485	INF2	down	-1.1687892964230786	0.08289598057121456	0.019432432708622514	821.549197169285	505.65216938612986	1137.4462249524402
ENSG00000185133	INPP5J	down	-1.8505139788381926	0.08289598057121456	0.031392645547005965	35.77115825563186	15.248546678705324	56.29376983255839
ENSG00000164880	INTS1	down	-1.0380180801981638	0.08289598057121456	0.020927430953194492	3949.678245843048	2586.892417443058	5312.464074243038
ENSG00000124313	IQSEC2	down	-1.1814978931700733	0.08289598057121456	0.026270882635556946	41.513040520423125	25.210819608575424	57.81526143227082
ENSG00000170604	IRF2BP1	down	-1.0040634716709653	0.08289598057121456	0.02384893505345832	531.561285818825	353.5417944915614	709.5807771460887
ENSG00000185507	IRF7	down	-1.3581062468480452	0.08289598057121456	0.0190706664617156	518.1595971180533	290.596862312581	745.7223319235255
ENSG00000213928	IRF9	down	-1.1040271860959743	0.08289598057121456	0.03055337228839477	42.94234756183916	27.086481459504828	58.798213664173495
ENSG00000172183	ISG20	down	-1.075742779916046	0.08289598057121456	0.019658681258438105	1059.2576246707283	681.497061922417	1437.0181874190394
ENSG00000105655	ISYNA1	down	-2.802422799705394	0.08289598057121456	0.007229881473167538	23.21205288540972	5.445768734236496	40.97833703658295
ENSG00000005884	ITGA3	down	-1.4818796359103863	0.08289598057121456	0.015269233083820938	917.2723012982143	483.4136792253933	1351.1309233710354
ENSG00000132470	ITGB4	down	-1.3922072533467984	0.08289598057121456	0.019804321904183922	584.1161840231234	322.06469658833345	846.1676714579135
ENSG00000137825	ITPKA	down	-1.8280588760758516	0.08289598057121456	0.013185075764301153	146.97953690930345	64.31776164003706	229.64131217856985
ENSG00000096433	ITPR3	down	-1.0096252464352076	0.08289598057121456	0.020126296001578198	6355.57494193884	4218.0572296114715	8493.09265426621
ENSG00000184916	JAG2	down	-1.7692242734393513	0.08289598057121456	0.023258575879917354	39.31609988911671	17.56248715204796	61.06971262618544
ENSG00000161677	JOSD2	down	-1.1635327159921056	0.08289598057121456	0.024851771229517882	204.51555994747517	126.05075382458948	282.9803660703609
ENSG00000167476	JSRP1	down	-1.139402781623755	0.08289598057121456	0.020891133494459535	2191.6578015734344	1368.3588972119603	3014.9567059349083
ENSG00000177606	JUN	down	-1.337354915326218	0.08289598057121456	0.017222197626618932	1642.9150415433085	931.4380687562266	2354.39201433039
ENSG00000130522	JUND	down	-1.001234606704125	0.08289598057121456	0.021456705806636587	1561.1640246227337	1040.0154717786065	2082.312577466861
ENSG00000173801	JUP	down	-1.1405018697737823	0.08289598057121456	0.019931085074172388	1040.6887048449823	649.3135033923078	1432.063906297657
ENSG00000116396	KCNC4	down	-1.2390722449597382	0.08289598057121456	0.019583748283663154	188.57338049809354	112.02804258152541	265.1187184146617
ENSG00000055118	KCNH2	down	-1.1058085253368721	0.08289598057121456	0.02212653315527999	456.4314112452841	289.41320049729234	623.4496219932757
ENSG00000187486	KCNJ11	down	-1.083106044687219	0.08289598057121456	0.02363328018907489	341.2656908579582	218.67945542804705	463.8519262878694
ENSG00000099337	KCNK6	down	-1.0761819758794282	0.08289598057121456	0.02691631118911345	84.3961751132777	54.122856020942585	114.66949420561282
ENSG00000104783	KCNN4	down	-1.507228668912043	0.08289598057121456	0.02081716056397523	165.44198963419555	85.8688622017151	245.01511706667597
ENSG00000100379	KCTD17	down	-1.5458927002491598	0.08289598057121456	0.015620116114889887	231.4753341759118	117.85938647205235	345.0912818797712
ENSG00000175707	KDF1	down	-1.2687179160148725	0.08289598057121456	0.0189596523227219	348.8765620988188	204.4445846601162	493.3085395375214
ENSG00000117139	KDM5B	down	-1.057434071445368	0.08289598057121456	0.02767545831409548	92.61519776244582	59.940343396913505	125.29005212797811
ENSG00000132510	KDM6B	down	-1.1494873589723336	0.08289598057121456	0.023078610946341303	366.84841372550954	227.78365561373076	505.9131718372884
ENSG00000167702	KIFC2	down	-1.8469191464546817	0.08289598057121456	0.011930610599819093	906.3330356422417	394.0057925925799	1418.6602786919038
ENSG00000127528	KLF2	down	-2.5486382400632426	0.08289598057121456	0.005621941448050719	1780.7832366769246	519.5206291895223	3042.0458441643277
ENSG00000136826	KLF4	down	-2.035970508602223	0.08289598057121456	0.016988141821954992	152.26585159189068	59.39660743263649	245.13509575114486
ENSG00000187961	KLHL17	down	-1.3745448658959425	0.08289598057121456	0.01838575122946047	468.19274422221747	260.40224171189476	675.9832467325401
ENSG00000119771	KLHL29	down	-2.4870320072728487	0.08289598057121456	0.009789463565998916	22.842555424275417	6.566826519125872	39.11828432942497
ENSG00000118162	KPTN	down	-1.0911448309841278	0.08289598057121456	0.02045142603313004	181.3681140389651	115.69368486526433	247.0425432126658
ENSG00000133619	KRBA1	down	-1.3446903793011118	0.08289598057121456	0.01734143956118694	561.6157712897954	317.1013473834248	806.1301951961658
ENSG00000196976	LAGE3	down	-1.0724568080709576	0.08289598057121456	0.020769259274266923	482.2139823856716	310.62612169160667	653.8018430797365
ENSG00000130702	LAMA5	down	-1.5721811356924076	0.08289598057121456	0.01457536680608614	2878.1304273406654	1448.3999460692942	4307.860908612035
ENSG00000196878	LAMB3	down	-1.8432318832804822	0.08289598057121456	0.011867447436177648	513.9007570475226	223.73115057825126	804.0703635167938
ENSG00000125869	LAMP5	down	-1.0251969488961252	0.08289598057121456	0.02042559629800433	9359.959203423574	6167.360085985645	12552.558320861499
ENSG00000225988	LAMP5-AS1	down	-1.0447279762940929	0.08289598057121456	0.021926701567552484	433.01476919984447	282.5675651363454	583.4619732633436
ENSG00000165905	LARGE2	down	-2.174510713524161	0.08289598057121456	0.009038163890616636	105.1576515393532	37.82114571544137	172.494157363265
ENSG00000213398	LCAT	down	-1.3793806244133728	0.08289598057121456	0.02146832628341131	143.67734849094708	79.56368654587759	207.79101043601656
ENSG00000111716	LDHB	down	-1.2350244200424922	0.08289598057121456	0.02032012809229796	754.5748532013031	449.77303332979767	1059.3766730728087
ENSG00000182195	LDOC1	down	-1.0151159642882117	0.08289598057121456	0.023105696450996277	140.70566992973173	92.98071228056813	188.43062757889538
ENSG00000167615	LENG8	down	-1.21324743370108	0.08289598057121456	0.018743662321991997	9099.598388654942	5483.816946425876	12715.379830884005
ENSG00000106003	LFNG	down	-2.4031761878213937	0.08289598057121456	0.017139274035925	15.033550034626897	4.439389164375513	25.62771090487828
ENSG00000107902	LHPP	down	-1.141929212828294	0.08289598057121456	0.025075385148279557	152.27410774242495	94.78255673656251	209.76565874828736
ENSG00000203896	LIME1	down	-1.1816559847383539	0.08289598057121456	0.02880413464281274	120.91176376899962	73.7949932677145	168.02853427028478
ENSG00000229520	LINC00404	down	-1.4792626812279648	0.08289598057121456	0.023078770141635195	34.338805857539256	17.893999459991814	50.783612255086695
ENSG00000258441	LINC00641	down	-1.0786419966070948	0.08289598057121456	0.026441140072840482	569.9177872139104	366.0868619350468	773.7487124927742
ENSG00000235314	LINC00957	down	-1.1094553531888	0.08289598057121456	0.031657547998379845	56.27609723533669	35.46107567146662	77.09111879920677
ENSG00000212694	LINC01089	down	-1.559533911015207	0.08289598057121456	0.016674158343017605	165.95459456480995	83.83234598316062	248.07684314645928
ENSG00000279873	LINC01126	down	-1.9349618982158978	0.08289598057121456	0.026960396409187754	30.30301316130779	12.271581589474977	48.3344447331406
ENSG00000236423	LINC01134	down	-1.0823411900489122	0.08289598057121456	0.021763918699730003	78.5435150695675	50.21004866996501	106.87698146916999
ENSG00000253734	LINC01289	down	-1.7263964000934835	0.08289598057121456	0.028254233747543496	28.488893491622747	12.955036615409371	44.022750367836124
ENSG00000241636	LINC01323	down	-4.761646449951313	0.08289598057121456	0.0005055064979413855	26.876163320073513	1.446625478836238	52.305701161310786
ENSG00000241767	LINC01324	down	-5.572489808412402	0.08289598057121456	6.704899694530341e-05	48.295125425039515	1.5085750229327337	95.0816758271463
ENSG00000280587	LINC01348	down	-1.3433882033056903	0.08289598057121456	0.02883236862476364	21.65938046393437	12.028393849671291	31.29036707819745
ENSG00000225762	LINC01389	down	-1.3899330937356915	0.08289598057121456	0.033076418416899706	15.07682311420884	8.1043983389671	22.04924788945058
ENSG00000232645	LINC01431	down	-1.1686093478661834	0.08289598057121456	0.03012855267568325	14.924618892550642	8.998066980361715	20.851170804739567
ENSG00000205786	LINC01531	down	-1.4653613546643676	0.08289598057121456	0.03226179504115143	18.714916707217657	9.71709652634893	27.712736888086386
ENSG00000220008	LINGO3	down	-1.5386402116215767	0.08289598057121456	0.019215817994787335	59.9271707153222	30.446986459343567	89.40735497130083
ENSG00000175536	LIPT2	down	-1.1921699001902724	0.08289598057121456	0.03396758467227744	31.911367207720485	19.23317893324678	44.58955548219418
ENSG00000131899	LLGL1	down	-1.0126735889184872	0.08289598057121456	0.021263255092204284	843.9710574928931	559.1884827132955	1128.753632272491
ENSG00000073350	LLGL2	down	-1.198610877738832	0.08289598057121456	0.02097684663819423	883.2092203134703	535.8638372519177	1230.5546033750227
ENSG00000100258	LMF2	down	-1.230303449906601	0.08289598057121456	0.018398186800495896	3342.961041913797	1997.884845147543	4688.037238680051
ENSG00000185522	LMNTD2	down	-2.2786264836730554	0.08289598057121456	0.00967021201584029	48.63224548436446	16.291155254921918	80.973335713807
ENSG00000142235	LMTK3	down	-1.3259849804781865	0.08289598057121456	0.030904137426988627	55.7585489754285	31.583209731394536	79.93388821946245
ENSG00000128011	LRFN1	down	-1.8752499678026524	0.08289598057121456	0.013780078560235965	47.83903025617497	20.207918556178996	75.47014195617095
ENSG00000173621	LRFN4	down	-2.4142641324759175	0.08289598057121456	0.006957476620949634	104.02980843984132	32.524316916026855	175.5352999636558
ENSG00000130881	LRP3	down	-1.7201840129388546	0.08289598057121456	0.015857708215484934	286.5867415273813	133.19087825492815	439.98260479983446
ENSG00000162337	LRP5	down	-1.0082316389306902	0.08289598057121456	0.02153070508228342	1392.142643726952	924.4002147448596	1859.8850727090446
ENSG00000125122	LRRC29	down	-1.4722262418174112	0.08289598057121456	0.029977837515009244	22.784748893694996	11.837934780799506	33.731563006590484
ENSG00000160233	LRRC3	down	-2.573246881274137	0.08289598057121456	0.007948353965347947	64.5481876827925	18.21493534020092	110.88144002538411
ENSG00000169683	LRRC45	down	-1.1157332413147942	0.08289598057121456	0.01971185226604931	1139.4904363085113	719.4065398613058	1559.5743327557168
ENSG00000161328	LRRC56	down	-1.566165112235674	0.08289598057121456	0.022570031603610877	111.62326480318087	56.11125017749381	167.1352794288679
ENSG00000170382	LRRN2	down	-2.1033365853263626	0.08289598057121456	0.011076004853623776	47.48527656932956	17.617837595844673	77.35271554281444
ENSG00000179564	LSMEM2	down	-1.9131802298926077	0.08289598057121456	0.031002725495503463	20.55409499705058	8.33440925532667	32.77378073877449
ENSG00000130592	LSP1	down	-1.0634624804826085	0.08289598057121456	0.01970007570217502	4156.132604716901	2689.9281261255514	5622.337083308252
ENSG00000105699	LSR	down	-1.2007513993394334	0.08289598057121456	0.01866609856231247	3193.44566573358	1936.0499826434318	4450.841348823728
ENSG00000168056	LTBP3	down	-1.1119034849615668	0.08289598057121456	0.01973312550236159	957.4148406441309	605.5247107297433	1309.3049705585186
ENSG00000090006	LTBP4	down	-1.3696868870315644	0.08289598057121456	0.017000510217760553	362.86499508996184	202.26245517552556	523.4675350043982
ENSG00000160932	LY6E	down	-1.8313128747154228	0.08289598057121456	0.019849874329382764	40.59927068020849	17.531501691421983	63.667039668994995
ENSG00000088899	LZTS3	down	-2.171910368123869	0.08289598057121456	0.013185111803009474	42.880883903297565	15.257113065567133	70.50465474102799
ENSG00000133315	MACROD1	down	-1.9065612514450836	0.08289598057121456	0.011758589910363824	306.78641832409113	128.907074707639	484.66576194054323
ENSG00000265688	MAFG-DT	down	-1.1690239286048991	0.08289598057121456	0.019526739558318885	143.29461310464205	88.02725981228234	198.56196639700173
ENSG00000177943	MAMDC4	down	-1.858087732845829	0.08289598057121456	0.013056216066823813	278.7667436062303	120.25699449498829	437.2764927174723
ENSG00000268996	MAN1B1-DT	down	-1.4502449601974854	0.08289598057121456	0.025037550048416082	44.28789685531414	23.498587316171335	65.07720639445695
ENSG00000130479	MAP1S	down	-1.040770768454446	0.08289598057121456	0.02016160083986007	875.1894258820056	572.3465221118734	1178.0323296521376
ENSG00000130758	MAP3K10	down	-1.007861049773705	0.08289598057121456	0.02132898913315657	731.6578989841358	485.83379948602254	977.4819984822492
ENSG00000142733	MAP3K6	down	-1.4537057162571594	0.08289598057121456	0.017860405400790053	135.79119571724104	72.40039539154277	199.1819960429393
ENSG00000185386	MAPK11	down	-2.207179565655412	0.08289598057121456	0.009198620891651858	163.07792765271608	57.736449324861496	268.4194059805707
ENSG00000188130	MAPK12	down	-1.0664616998921008	0.08289598057121456	0.01971309668363546	1484.3109909473126	959.2100870693124	2009.4118948253126
ENSG00000186056	MATN1-AS1	down	-1.440325390809871	0.08289598057121456	0.02386552144358761	55.94876423350308	29.89929454478704	81.99823392221911
ENSG00000103495	MAZ	down	-1.1935320748557359	0.08289598057121456	0.01909706325473446	1889.5259950727611	1149.4586166417146	2629.5933735038075
ENSG00000126217	MCF2L	down	-3.4410786802324482	0.08289598057121456	0.008059515785165	8.288925269815069	0.9819932095347905	15.595857330095347
ENSG00000234602	MCIDAS	down	-1.0465677229725243	0.08289598057121456	0.023053050670003926	162.8381967104386	106.06163664788797	219.61475677298927
ENSG00000167077	MEI1	down	-1.4820229493881827	0.08289598057121456	0.015351277131526632	1396.4282411670686	736.0042910128217	2056.8521913213153
ENSG00000163975	MELTF	down	-1.4468976931878388	0.08289598057121456	0.015901373282684622	1284.869928990339	689.4070528975402	1880.3328050831378
ENSG00000228109	MELTF-AS1	down	-1.3134379620801588	0.08289598057121456	0.021642286859537098	158.27318056035298	90.60938611774672	225.93697500295923
ENSG00000166823	MESP1	down	-1.3610458853611047	0.08289598057121456	0.021535696872287673	181.52369323037848	101.5108241504962	261.53656231026076
ENSG00000105976	MET	down	-1.178413270224949	0.08289598057121456	0.020329730949545526	318.2342289240748	194.84609709426604	441.62236075388347
ENSG00000103260	METRN	down	-2.1429729919820772	0.08289598057121456	0.01139251608372613	52.858788264362396	19.201538986318013	86.51603754240678
ENSG00000130731	METTL26	down	-1.3102721565238138	0.08289598057121456	0.01748306247315263	1444.835387526454	830.180408524238	2059.49036652867
ENSG00000165171	METTL27	down	-1.524735464090648	0.08289598057121456	0.02428227182204772	79.93004918709917	40.98723569612881	118.87286267806952
ENSG00000109736	MFSD10	down	-1.3865889639162159	0.08289598057121456	0.01707842055223773	792.7252150366852	438.40097183178517	1147.049458241585
ENSG00000138111	MFSD13A	down	-1.158509610869384	0.08289598057121456	0.02149875067645946	409.6634282437179	253.29303478306204	566.0338217043737
ENSG00000167700	MFSD3	down	-1.8414966396258885	0.08289598057121456	0.012298833527307991	576.0241352379487	251.04766815892484	901.0006023169726
ENSG00000167889	MGAT5B	down	-1.632736263479101	0.08289598057121456	0.020487478396286854	56.19860890401531	27.151074153621597	85.246143654409
ENSG00000232442	MHENCR	down	-1.8216853953149694	0.08289598057121456	0.01313795848232535	145.70421069205375	63.9790171226461	227.4294042614614
ENSG00000197530	MIB2	down	-1.5888905252725063	0.08289598057121456	0.014888779392801855	356.6608661132548	177.71601573740801	535.6057164891018
ENSG00000164877	MICALL2	down	-1.7794904488554186	0.08289598057121456	0.013492812893879871	179.68317428179316	80.79085615893354	278.5754924046528
ENSG00000207547	MIR25	down	-1.6198310451902649	0.08289598057121456	0.02022509947421602	51.78049771833437	25.16927909737015	78.39171633929858
ENSG00000264781	MIR4537	down	-1.3274332723904771	0.08289598057121456	0.030505754314900282	20.300319355426076	11.353526587754166	29.247112123097992
ENSG00000266124	MIR5587	down	-1.2836885691073763	0.08289598057121456	0.03390985874501867	59.584401824064564	34.48764884879364	84.68115479933547
ENSG00000197182	MIRLET7BHG	down	-1.996680711861886	0.08289598057121456	0.03275385838214056	16.27444704024057	6.222137387737906	26.32675669274323
ENSG00000141854	MISP3	down	-1.4579558157076133	0.08289598057121456	0.01683828174909563	302.7492682222002	161.3542979695632	444.1442384748372
ENSG00000261971	MMP25-AS1	down	-1.8969883056798877	0.08289598057121456	0.024356704899018443	11.360749171880707	4.521114632215902	18.200383711545516
ENSG00000243479	MNX1-AS1	down	-1.1344937882057946	0.08289598057121456	0.033691971187970966	95.59111573732616	59.64311801357235	131.53911346107998
ENSG00000179832	MROH1	down	-1.2660637863343338	0.08289598057121456	0.017756768237912803	2653.5576499828007	1558.3973315376404	3748.7179684279613
ENSG00000204839	MROH6	down	-2.171406350624142	0.08289598057121456	0.010228094930572544	68.1472806739664	24.441683164521127	111.85287818341169
ENSG00000262814	MRPL12	down	-1.4741800336194328	0.08289598057121456	0.01643604994218126	746.2287923465191	394.77687111838713	1097.680713574651
ENSG00000214026	MRPL23	down	-1.4062751294936786	0.08289598057121456	0.026777132934728037	499.8490672546007	273.62486008274135	726.07327442646
ENSG00000105364	MRPL4	down	-1.0320955407058539	0.08289598057121456	0.02033817864360033	2053.355908150585	1348.5055683514456	2758.2062479497235
ENSG00000128626	MRPS12	down	-1.0036456923679749	0.08289598057121456	0.020941751348638273	1703.289592476788	1133.446988846383	2273.1321961071926
ENSG00000122140	MRPS2	down	-1.1602083569721477	0.08289598057121456	0.019353490219137952	1455.5594650445528	899.7199794819262	2011.3989506071794
ENSG00000125901	MRPS26	down	-1.0186910527533006	0.08289598057121456	0.02088709001442138	1101.4931895597622	727.8305360754135	1475.1558430441107
ENSG00000173531	MST1	down	-1.166654181525808	0.08289598057121456	0.022757254787482802	157.44898047732838	96.8520004974959	218.04596045716085
ENSG00000186301	MST1P2	down	-2.1030171772884643	0.08289598057121456	0.012367987957067613	76.46966246413716	28.566714171831862	124.37261075644244
ENSG00000210100	MT-TI	down	-1.6690820620965827	0.08289598057121456	0.020140857279150784	24.09414566499061	11.267190683331476	36.92110064664974
ENSG00000210195	MT-TT	down	-2.7250154604134798	0.08289598057121456	0.005767779916723401	118.93713425562402	30.882621931736523	206.99164657951155
ENSG00000210144	MT-TY	down	-2.7266607784750927	0.08289598057121456	0.004396000687512276	997.1817940133091	261.3856156808088	1732.977972345809
ENSG00000237973	MTCO1P12	down	-1.8285137186433675	0.08289598057121456	0.013220825344713973	740.7003532528056	325.17996711972546	1156.220739385886
ENSG00000213347	MXD3	down	-1.0625234507560102	0.08289598057121456	0.020090737843770006	1030.2020525779503	666.9274568246465	1393.4766483312542
ENSG00000162576	MXRA8	down	-2.4121113508641088	0.08289598057121456	0.008684480818594482	133.8481684427621	41.998250907381205	225.69808597814298
ENSG00000136997	MYC	down	-1.0052680134159102	0.08289598057121456	0.020254958082680793	13826.518581493538	9195.08629280307	18457.950870184006
ENSG00000007944	MYLIP	down	-1.108464781916462	0.08289598057121456	0.025079926004402547	283.58886696314727	179.52179476652643	387.6559391597682
ENSG00000065534	MYLK	down	-1.1836383745388015	0.08289598057121456	0.01935113164737401	311.32609357793604	190.1325133523054	432.5196738035667
ENSG00000173272	MZT2A	down	-1.033273380868562	0.08289598057121456	0.020566136665567985	1423.6142695968022	934.3683429524511	1912.860196241153
ENSG00000152082	MZT2B	down	-1.3627811250053188	0.08289598057121456	0.018553688471240816	1033.3928604075638	578.4190223241757	1488.3666984909523
ENSG00000243477	NAA80	down	-1.3367947027346996	0.08289598057121456	0.03159291907012371	289.28250253212866	163.87386682659286	414.69113823766446
ENSG00000108784	NAGLU	down	-1.3061600347327251	0.08289598057121456	0.01764630236995294	1041.186529357545	599.407329615602	1482.965729099488
ENSG00000103174	NAGPA	down	-1.2093090041929833	0.08289598057121456	0.019868130474699628	476.98718833204526	287.8142908653465	666.1600857987441
ENSG00000147813	NAPRT	down	-1.1486435234836738	0.08289598057121456	0.01990817814034349	575.7724625586418	357.76104809904473	793.7838770182389
ENSG00000090971	NAT14	down	-1.861860811202903	0.08289598057121456	0.019272494427336518	23.299096620693675	9.769825197280825	36.828368044106526
ENSG00000160796	NBEAL2	down	-1.1330701296358556	0.08289598057121456	0.019027185264573445	7828.5911673332475	4903.025677682638	10754.156656983856
ENSG00000227242	NBPF13P	down	-1.2495278457775147	0.08289598057121456	0.022299475539069014	121.90326309680016	71.97865918801676	171.82786700558356
ENSG00000270170	NCBP2-AS2	down	-1.0316683421609456	0.08289598057121456	0.020344612372214542	638.9846646423459	419.60733773924625	858.3619915454456
ENSG00000020129	NCDN	down	-1.1239121401840977	0.08289598057121456	0.019652233505834695	1388.9063951678208	873.51324219014	1904.2995481455016
ENSG00000158517	NCF1	down	-1.002701752278194	0.08289598057121456	0.023068448613262744	331.8891806748131	220.81622054173928	442.96214080788695
ENSG00000182487	NCF1B	down	-1.3657121559656424	0.08289598057121456	0.018316389804729393	254.81603335916842	142.25288344310385	367.37918327523306
ENSG00000125912	NCLN	down	-1.0605462346834744	0.08289598057121456	0.019931503821931602	5181.146795503429	3357.9673908294594	7004.326200177398
ENSG00000103034	NDRG4	down	-1.2861439649376338	0.08289598057121456	0.02764326986149298	149.78419316776487	86.90620202739296	212.66218430813674
ENSG00000174886	NDUFA11	down	-1.4450014840327474	0.08289598057121456	0.01748589751746715	556.7649837623281	298.89307910264364	814.6368884220125
ENSG00000115286	NDUFS7	down	-1.155718874171924	0.08289598057121456	0.01931019499852279	1458.3947014973135	903.4131912212298	2013.3762117733968
ENSG00000140398	NEIL1	down	-1.0552954731027586	0.08289598057121456	0.021806443442664174	633.6184534227	411.51353720516937	855.7233696402305
ENSG00000100968	NFATC4	down	-1.6586889695936569	0.08289598057121456	0.021748496396369024	55.431533757840555	26.40765824730819	84.45540926837292
ENSG00000141905	NFIC	down	-1.3612179759088046	0.08289598057121456	0.020781643155746113	135.79067613378479	75.8742910109598	195.70706125660976
ENSG00000008441	NFIX	down	-1.7336603073005357	0.08289598057121456	0.01385381930406166	124.48760396228862	57.288312892482686	191.68689503209453
ENSG00000167604	NFKBID	down	-1.0068336567221148	0.08289598057121456	0.031785361856888544	137.7728950659648	91.39106627609779	184.1547238558318
ENSG00000169992	NLGN2	down	-2.9350632118662983	0.08289598057121456	0.009294432028081567	20.695244632855744	4.40182598060521	36.98866328510628
ENSG00000091592	NLRP1	down	-1.1877182297259103	0.08289598057121456	0.018734026692277292	2270.5160478458038	1385.143817451332	3155.8882782402748
ENSG00000243678	NME2	down	-1.0747665760611427	0.08289598057121456	0.021789530930170137	139.55164694090465	89.67028897398734	189.43300490782198
ENSG00000103024	NME3	down	-1.1175957784827915	0.08289598057121456	0.01970588333234567	266.2813446590116	167.82423353368708	364.73845578433617
ENSG00000164867	NOS3	down	-1.3604221968291283	0.08289598057121456	0.01691713840993188	286.60065542963304	160.4487653049837	412.75254555428234
ENSG00000188747	NOXA1	down	-2.465542232738093	0.08289598057121456	0.0184107303737687	9.17471377809611	2.466181872141331	15.883245684050891
ENSG00000215440	NPEPL1	down	-1.7825220634973262	0.08289598057121456	0.01965791982327633	175.22420033280753	78.6502206035836	271.79818006203146
ENSG00000214967	NPIPA7	down	-3.023818694319978	0.08289598057121456	0.013776586078808186	23.741568909658636	4.808464656089671	42.674673163227595
ENSG00000103148	NPRL3	down	-1.0402809235165682	0.08289598057121456	0.0200201536492378	1516.0282877190432	991.7883950469122	2040.268180391174
ENSG00000126368	NR1D1	down	-1.2763330493714193	0.08289598057121456	0.017953091386316608	432.3734942910848	252.47779014553112	612.2691984366384
ENSG00000160113	NR2F6	down	-1.1019987758737597	0.08289598057121456	0.02157228792200197	242.1671766754971	153.74486287422073	330.5894904767735
ENSG00000153234	NR4A2	down	-1.0215505701673642	0.08289598057121456	0.03213045344537934	69.9468612706258	45.99804864908426	93.89567389216735
ENSG00000185189	NRBP2	down	-2.2556945847243646	0.08289598057121456	0.008190787001477878	177.6266334279959	61.18202401082828	294.07124284516357
ENSG00000158458	NRG2	down	-2.3756205098007577	0.08289598057121456	0.024477766811847036	52.78687292071961	16.718224340453062	88.85552150098614
ENSG00000185737	NRG3	down	-1.6484671471318357	0.08289598057121456	0.016166492681317056	127.54413360257512	61.43181085093173	193.65645635421848
ENSG00000154146	NRGN	down	-1.0327199927211537	0.08289598057121456	0.021891583035627854	335.3133789322954	220.0035121684513	450.6232456961396
ENSG00000171119	NRTN	down	-2.3045625836810726	0.08289598057121456	0.013687787383326135	50.12485132243332	16.544898045304894	83.70480459956175
ENSG00000125458	NT5C	down	-1.0788117920525686	0.08289598057121456	0.020928977179508056	204.50093917001837	131.23615929098776	277.765719049049
ENSG00000168268	NT5DC2	down	-1.3629646320178588	0.08289598057121456	0.016943873835824703	851.7740839171515	476.67951377942717	1226.8686540548758
ENSG00000205309	NT5M	down	-1.715784738787374	0.08289598057121456	0.013531098445868363	185.0146859991862	86.09294988123315	283.93642211713933
ENSG00000196358	NTNG2	down	-2.3122381727912606	0.08289598057121456	0.023043102287978085	28.619740190132863	9.261030643909292	47.97844973635643
ENSG00000183828	NUDT14	down	-1.0911836792037153	0.08289598057121456	0.02098413916509514	136.7164031793757	87.16455525435823	186.26825110439322
ENSG00000275074	NUDT18	down	-1.2155282833810102	0.08289598057121456	0.02000169953962697	206.80497354502359	124.2976355072829	289.3123115827642
ENSG00000167799	NUDT8	down	-1.135158311663316	0.08289598057121456	0.021252415869993022	848.988342373305	531.0237540260547	1166.9529307205555
ENSG00000105245	NUMBL	down	-1.3575631008477287	0.08289598057121456	0.02292316279975016	161.57709075187736	90.49014404810059	232.66403745565415
ENSG00000182379	NXPH4	down	-1.6850898088036017	0.08289598057121456	0.016757004830549878	41.65624902183996	19.500098547073865	63.812399496606055
ENSG00000184232	OAF	down	-1.1902743531972102	0.08289598057121456	0.01937774096232146	720.9489117136535	439.14497809293493	1002.752845334372
ENSG00000154358	OBSCN	down	-1.8656400673019868	0.08289598057121456	0.016907567975836046	22.33182508156975	9.332201061170387	35.33144910196912
ENSG00000178814	OPLAH	down	-2.03717394028905	0.08289598057121456	0.027575156186521625	22.667876658089593	8.577596995130355	36.75815632104883
ENSG00000184669	OR7E14P	down	-1.4480707373806538	0.08289598057121456	0.016872421485074167	232.10412804877333	124.2732491469567	339.93500695059
ENSG00000021762	OSBPL5	down	-1.4568868689357521	0.08289598057121456	0.01610502494998337	302.36859308061383	161.23894389107656	443.498242270151
ENSG00000248668	OXCT1-AS1	down	-2.886065392886832	0.08289598057121456	0.01423719861198904	12.068541929912726	2.495178669049824	21.64190519077563
ENSG00000108405	P2RX1	down	-1.0970869603132616	0.08289598057121456	0.021998687275408213	937.9168884525728	597.3656843924024	1278.4680925127434
ENSG00000117115	PADI2	down	-1.8335927262801472	0.08289598057121456	0.018867455239497555	28.363501716389077	12.147682501281984	44.57932093149617
ENSG00000276747	PADI6	down	-1.680967581859583	0.08289598057121456	0.03332897331821394	13.693525096660617	6.248491034626125	21.138559158695113
ENSG00000079462	PAFAH1B3	down	-1.2684287165796029	0.08289598057121456	0.018353652026529155	467.0365558760627	273.79619005886474	660.2769216932606
ENSG00000162073	PAQR4	down	-1.0955307249343782	0.08289598057121456	0.019845097434474723	1837.756270521798	1171.514687897071	2503.9978531465244
ENSG00000160781	PAQR6	down	-1.37543357327849	0.08289598057121456	0.01749373401234794	338.48361860322376	188.1145572488184	488.85267995762916
ENSG00000148362	PAXX	down	-1.0714591469550587	0.08289598057121456	0.026994053990721984	157.55323318132892	101.41861159119657	213.68785477146128
ENSG00000173599	PC	down	-1.8396613429442656	0.08289598057121456	0.019691124358586092	17.36745583736694	7.303643325139494	27.43126834959438
ENSG00000183570	PCBP3	down	-1.5383826672954073	0.08289598057121456	0.015136876955398856	217.07803387902632	110.94454798040634	323.2115197776463
ENSG00000132635	PCED1A	down	-1.1748232027501626	0.08289598057121456	0.019029510823635274	831.5974304062726	510.35714398691766	1152.8377168256275
ENSG00000197136	PCNX3	down	-1.024650496148057	0.08289598057121456	0.02047784812727002	3345.4238956188747	2204.7798673207635	4486.067923916987
ENSG00000185813	PCYT2	down	-1.0553744426675762	0.08289598057121456	0.021056766648873966	865.3573522079145	562.0632957522923	1168.6514086635364
ENSG00000258429	PDF	down	-1.5933316427997612	0.08289598057121456	0.014981538421833323	305.97448313254364	152.07150656584616	459.8774596992411
ENSG00000113721	PDGFRB	down	-1.874318920291399	0.08289598057121456	0.01693063888561378	48.10976545766749	20.33446079439226	75.88507012094273
ENSG00000005882	PDK2	down	-1.017890272168157	0.08289598057121456	0.0204687036957233	576.1164341301356	380.7396022924997	771.4932659677717
ENSG00000120913	PDLIM2	down	-1.1741151307465754	0.08289598057121456	0.021249626660322467	165.1571649140665	101.2380065046367	229.07632332349633
ENSG00000196696	PDXDC2P-NPIPB14P	down	-1.1457613628325605	0.08289598057121456	0.021153578517957825	140.05533009673192	87.00175880498023	193.1089013884836
ENSG00000241360	PDXP	down	-1.25536947434545	0.08289598057121456	0.031664612932431245	181.47616593132	106.9466923204562	256.0056395421838
ENSG00000174516	PELI3	down	-1.0105904657936347	0.08289598057121456	0.02210030836191616	372.45482523991194	246.9212563922348	497.9883940875891
ENSG00000133027	PEMT	down	-1.3277222986724824	0.08289598057121456	0.017533743297665133	465.2197497913794	264.86278373173985	665.5767158510189
ENSG00000187642	PERM1	down	-1.6065956091419544	0.08289598057121456	0.026761918791877528	46.49199463923446	22.732748508440107	70.25124077002882
ENSG00000141959	PFKL	down	-1.0366022939811401	0.08289598057121456	0.020363475395248177	9986.079937982866	6545.092415180513	13427.067460785218
ENSG00000233328	PFN1P1	down	-2.5456014706105425	0.08289598057121456	0.007689576352172871	50.95284619096236	14.547958879047309	87.35773350287741
ENSG00000177614	PGBD5	down	-1.4564614247225172	0.08289598057121456	0.01704796186848616	294.55087780712984	157.09816086942146	432.00359474483827
ENSG00000142102	PGGHG	down	-1.6970188346071409	0.08289598057121456	0.013763627059874826	552.0953546159925	260.0166955880671	844.1740136439176
ENSG00000130313	PGLS	down	-1.508116812647738	0.08289598057121456	0.021992869060149644	260.05340967396086	135.0501084004013	385.05671094752034
ENSG00000230224	PHBP9	down	-1.1028666344281208	0.08289598057121456	0.02267579450681295	44.228583534858906	27.91885504310574	60.53831202661208
ENSG00000198324	PHETA1	down	-1.2170894266678054	0.08289598057121456	0.03297745747681201	62.15170852583893	37.18781896472951	87.11559808694834
ENSG00000054148	PHPT1	down	-1.1121091733138218	0.08289598057121456	0.02179438382249827	913.3602423123513	577.5972213406558	1249.1232632840465
ENSG00000177595	PIDD1	down	-1.3850058771674283	0.08289598057121456	0.016657880652563923	1823.199828210936	1009.3759986600165	2637.0236577618557
ENSG00000103335	PIEZO1	down	-1.10140537651791	0.08289598057121456	0.019584434018690398	11161.250325245403	7096.1571956171965	15226.343454873606
ENSG00000007541	PIGQ	down	-1.3287505430873532	0.08289598057121456	0.017211659586200686	1005.6985632736645	572.5304248347562	1438.8667017125726
ENSG00000137193	PIM1	down	-1.28044820572665	0.08289598057121456	0.01787996545068156	2383.8368336299045	1390.130787816833	3377.5428794429754
ENSG00000198355	PIM3	down	-1.2654618822968136	0.08289598057121456	0.019704763755414797	1398.4872020555033	821.4565750481187	1975.5178290628883
ENSG00000069011	PITX1	down	-1.1923343543200342	0.08289598057121456	0.020001859375134896	1768.4632392887759	1076.4215678306743	2460.504910746877
ENSG00000008710	PKD1	down	-1.4367523328520082	0.08289598057121456	0.0159549931294302	2919.106186282192	1574.6396247356345	4263.572747828749
ENSG00000183889	PKD1P1	down	-1.590284387712477	0.08289598057121456	0.02679492473555424	81.61664528919047	40.444833909266485	122.78845666911445
ENSG00000254681	PKD1P5	down	-1.2059627631665553	0.08289598057121456	0.025338940769392086	231.85020676698244	140.0239874510801	323.67642608288475
ENSG00000250251	PKD1P6	down	-1.3504417274358562	0.08289598057121456	0.017795816958195147	914.6162369504309	515.0726950154404	1314.1597788854217
ENSG00000176485	PLA2G16	down	-2.015023464975368	0.08289598057121456	0.022633089456955014	12.564943460080817	4.682576904179195	20.44731001598244
ENSG00000184381	PLA2G6	down	-1.012785885463205	0.08289598057121456	0.020681269093920353	560.7941785806655	371.48851879483146	750.0998383664995
ENSG00000187091	PLCD1	down	-1.2148573342442992	0.08289598057121456	0.0245169650193578	131.23808126960424	78.83213466274904	183.64402787645943
ENSG00000161714	PLCD3	down	-1.3633293072051083	0.08289598057121456	0.023674761944353577	147.99137310762586	82.62366469839843	213.35908151685328
ENSG00000129219	PLD2	down	-1.0163996497342485	0.08289598057121456	0.020798908818402913	361.024010803693	238.69300171938562	483.3550198880004
ENSG00000166428	PLD4	down	-2.1126945642600714	0.08289598057121456	0.011621337626501731	136.30848155873744	50.88362833643202	221.73333478104283
ENSG00000143850	PLEKHA6	down	-1.1617752727448976	0.08289598057121456	0.022587789153763273	195.5227598670641	120.6016622492208	270.44385748490737
ENSG00000196155	PLEKHG4	down	-1.630669172579629	0.08289598057121456	0.016134906932684403	325.4832986290314	158.64954262185412	492.3170546362087
ENSG00000171680	PLEKHG5	down	-1.951818755386306	0.08289598057121456	0.011630507168668957	77.5057784524242	31.544312370209543	123.46724453463885
ENSG00000008323	PLEKHG6	down	-1.2881807563198804	0.08289598057121456	0.027725524941102336	62.69367091879773	36.21703529207681	89.17030654551866
ENSG00000068137	PLEKHH3	down	-1.0463822079872767	0.08289598057121456	0.021150258955522798	2626.3671705091	1713.4133690135916	3539.3209720046084
ENSG00000187583	PLEKHN1	down	-1.9198696234429393	0.08289598057121456	0.012086300067241035	121.12668162366292	50.34845875901681	191.90490448830903
ENSG00000105520	PLPPR2	down	-1.759600337221504	0.08289598057121456	0.021989085021033746	84.9670523217626	38.47228110333509	131.4618235401901
ENSG00000076356	PLXNA2	down	-1.0466771447022207	0.08289598057121456	0.022075785621103548	717.8958947351936	468.15663794659986	967.6351515237872
ENSG00000130827	PLXNA3	down	-1.0176020338430123	0.08289598057121456	0.021269929427120155	1534.306333392232	1014.3986076770369	2054.2140591074276
ENSG00000004399	PLXND1	down	-1.0825843305515963	0.08289598057121456	0.021680767240086364	294.8251535365333	188.9429748821398	400.7073321909268
ENSG00000276840	PMS2P10	down	-2.1792942388428016	0.08289598057121456	0.026675791067317003	10.366184565613636	3.430387821649712	17.30198130957756
ENSG00000177666	PNPLA2	down	-1.58297778923311	0.08289598057121456	0.014509460588743067	1235.935265602757	618.3557123387196	1853.5148188667943
ENSG00000032444	PNPLA6	down	-1.1892455201807186	0.08289598057121456	0.0194946804289644	1661.8886242639983	1013.0482110115923	2310.7290375164043
ENSG00000114631	PODXL2	down	-1.7818362365079694	0.08289598057121456	0.013301229693064095	334.4816251808001	150.43900724991136	518.5242431116887
ENSG00000115350	POLE4	down	-1.1335858707942361	0.08289598057121456	0.02002941163187566	483.78449148756795	302.74316788213736	664.8258150929985
ENSG00000105258	POLR2I	down	-1.5427053796148422	0.08289598057121456	0.016855537733118504	277.69262986302783	141.67427402704138	413.7109856990142
ENSG00000099821	POLRMT	down	-1.284709971519635	0.08289598057121456	0.01791628294818361	3610.5425956086615	2101.1851487122876	5119.9000425050335
ENSG00000130810	PPAN	down	-1.1285404710300841	0.08289598057121456	0.02015413796195347	241.97965356980194	151.69784201470517	332.2614651248986
ENSG00000125534	PPDPF	down	-1.1396698413690096	0.08289598057121456	0.02072451197551951	1232.0887517935778	769.0729166984602	1695.1045868886958
ENSG00000177380	PPFIA3	down	-1.433581737246275	0.08289598057121456	0.016305202189209774	246.20964683278146	132.81459193092235	359.6047017346405
ENSG00000125503	PPP1R12C	down	-1.0572842392917974	0.08289598057121456	0.020334637400388256	2394.527159190518	1554.202371126554	3234.8519472544817
ENSG00000104881	PPP1R13L	down	-1.26086519319882	0.08289598057121456	0.01933009169787783	158.5586713982783	93.16325944888088	223.9540833476757
ENSG00000160972	PPP1R16A	down	-1.0841341531789408	0.08289598057121456	0.023167507538170085	501.47242250738594	321.26660227402795	681.6782427407439
ENSG00000243279	PRAF2	down	-1.0202967090435724	0.08289598057121456	0.03202967995661869	56.96882277427843	37.454058887444695	76.48358666111217
ENSG00000152784	PRDM8	down	-1.8271410764364702	0.08289598057121456	0.01531509410110004	62.966150836939555	27.407438716869393	98.52486295700972
ENSG00000124126	PREX1	down	-1.5228375560349783	0.08289598057121456	0.01645026732095317	220.87930433631766	113.80285752717333	327.95575114546193
ENSG00000176532	PRR15	down	-1.1576145549583619	0.08289598057121456	0.022653018040434354	294.5455339796093	182.1408297694583	406.9502381897602
ENSG00000167183	PRR15L	down	-1.4642469851650235	0.08289598057121456	0.019935673732258637	60.0462837741082	31.712373742472618	88.38019380574377
ENSG00000212123	PRR22	down	-1.839986147559682	0.08289598057121456	0.014323052258424788	76.12439361781661	32.9599523884198	119.28883484721341
ENSG00000283787	PRR33	down	-1.2738457916104033	0.08289598057121456	0.019206161823210704	179.26032286633256	104.6828801223361	253.837765610329
ENSG00000131188	PRR7	down	-1.407890112725416	0.08289598057121456	0.018699881908150844	106.75831520630241	58.21556739021264	155.30106302239219
ENSG00000163704	PRRT3	down	-1.7755067286596584	0.08289598057121456	0.01337336037413926	183.58694230791423	82.72980173137412	284.4440828844544
ENSG00000172382	PRSS27	down	-2.263410727210586	0.08289598057121456	0.018787757360466728	11.575365999878011	3.6630205108741016	19.487711488881924
ENSG00000151006	PRSS53	down	-1.1643787609953	0.08289598057121456	0.024684344580942912	60.68250983089868	37.25105610427613	84.11396355752122
ENSG00000105227	PRX	down	-1.0738607159539026	0.08289598057121456	0.03227681358319748	26.679992560630183	17.006908541741527	36.35307657951884
ENSG00000157870	PRXL2B	down	-1.1789071628212577	0.08289598057121456	0.023182341337810213	296.1645699065495	181.27685899323956	411.0522808198594
ENSG00000230487	PSMG3-AS1	down	-1.1441824803195841	0.08289598057121456	0.03143201891463458	36.5191607575727	22.563399540726902	50.4749219744185
ENSG00000112245	PTP4A1	down	-3.213412461221224	0.08289598057121456	0.012367620379978513	13.682941609669008	2.260557316107951	25.105325903230064
ENSG00000060656	PTPRU	down	-1.7820693350060506	0.08289598057121456	0.03387495923196429	12.961974767260438	5.5650573858471875	20.358892148673693
ENSG00000243323	PTPRVP	down	-1.2849534616366936	0.08289598057121456	0.022810394212502638	144.4006654000103	83.82443791025526	204.97689288976537
ENSG00000184924	PTRHD1	down	-1.3030103803858368	0.08289598057121456	0.021466706091520023	165.87432967413534	95.46400172162396	236.28465762664675
ENSG00000169972	PUSL1	down	-1.2725689278856327	0.08289598057121456	0.018333591356421947	599.5752118759402	350.8409660616691	848.3094576902113
ENSG00000171813	PWWP2B	down	-1.0264417066966316	0.08289598057121456	0.023251125727199163	157.84483750612253	103.77734745775662	211.91232755448846
ENSG00000183010	PYCR1	down	-1.045824921952163	0.08289598057121456	0.020184988949765805	1635.9365065845852	1067.4795523623766	2204.3934608067934
ENSG00000104524	PYCR3	down	-1.197564201927242	0.08289598057121456	0.01924987944976603	586.7276427725155	356.0956426178864	817.3596429271446
ENSG00000011478	QPCTL	down	-1.1835984844022125	0.08289598057121456	0.02161078854859571	725.6198050409785	443.4163486393583	1007.8232614425987
ENSG00000116260	QSOX1	down	-1.1066818475064677	0.08289598057121456	0.021261059514195445	980.4385447455212	621.6273062432355	1339.2497832478068
ENSG00000213339	QTRT1	down	-1.3206650482533295	0.08289598057121456	0.017619488148138816	1631.3826340311978	932.5876047699618	2330.1776632924334
ENSG00000090565	RAB11FIP3	down	-1.040257577846705	0.08289598057121456	0.020788553803060668	1036.7784901622902	678.2150779180247	1395.3419024065558
ENSG00000167964	RAB26	down	-1.107504417504716	0.08289598057121456	0.022292883235554967	120.6893955585903	76.33037827055489	165.04841284662572
ENSG00000141542	RAB40B	down	-1.2505460366766847	0.08289598057121456	0.018962130357229733	226.32832968232628	133.74516926978447	318.91149009486816
ENSG00000259856	RAB43P1	down	-1.2730578302490922	0.08289598057121456	0.032366857746795145	27.20252714872637	15.71580072087159	38.68925357658116
ENSG00000105404	RABAC1	down	-1.0930751707562345	0.08289598057121456	0.027099374569614275	85.97891496040343	54.700199218710395	117.25763070209648
ENSG00000099849	RASSF7	down	-1.4880645842829106	0.08289598057121456	0.015901914634574823	555.6770794729547	291.8305882716258	819.5235706742836
ENSG00000132819	RBM38	down	-1.0499424813814804	0.08289598057121456	0.01983385544364686	4862.512024827463	3167.124486104802	6557.899563550123
ENSG00000104856	RELB	down	-1.2402749067109098	0.08289598057121456	0.0215498428124112	1053.9244519974332	626.6790013934398	1481.1699026014267
ENSG00000006015	REX1BD	down	-1.3354012654805805	0.08289598057121456	0.01703551307743848	1325.3226445540552	752.0693096206954	1898.5759794874148
ENSG00000183688	RFLNB	down	-1.2647466907991423	0.08289598057121456	0.029741906349003158	28.240476196371773	16.392002160203408	40.088950232540135
ENSG00000169733	RFNG	down	-1.332691898163655	0.08289598057121456	0.017380313298001084	428.02260926749676	243.0671864576525	612.978032077341
ENSG00000102760	RGCC	down	-1.1784004078639727	0.08289598057121456	0.023543753648226515	135.9710806347946	83.14102563863179	188.80113563095736
ENSG00000143333	RGS16	down	-1.0100124415631384	0.08289598057121456	0.02073070500663268	372.4970765931394	247.01554695152743	497.97860623475145
ENSG00000171700	RGS19	down	-1.349329282614589	0.08289598057121456	0.017558424256062178	440.27994913000913	247.97116513701852	632.5887331229998
ENSG00000007384	RHBDF1	down	-1.6717224228232588	0.08289598057121456	0.02561755638111485	54.73419746056851	25.89029730707485	83.57809761406217
ENSG00000103269	RHBDL1	down	-2.3473023285308248	0.08289598057121456	0.011831539238916772	16.375144604555306	5.043086009031544	27.707203200079064
ENSG00000141314	RHBDL3	down	-1.1867365953025806	0.08289598057121456	0.019858270490648165	306.2670546808492	186.76018708359268	425.7739222781056
ENSG00000155366	RHOC	down	-1.0064480462799756	0.08289598057121456	0.022617353538576215	151.5533296633429	100.56706998818997	202.53958933849586
ENSG00000173156	RHOD	down	-1.452828293252164	0.08289598057121456	0.018857691050248038	55.46296975687971	29.447205989782372	81.47873352397704
ENSG00000139725	RHOF	down	-1.3977627807945592	0.08289598057121456	0.028735576062510888	27.893609346281355	15.12265892679485	40.66455976576787
ENSG00000104140	RHOV	down	-1.8131709224574883	0.08289598057121456	0.028779160887720125	18.162069287413132	7.768275594440943	28.555862980385324
ENSG00000158106	RHPN1	down	-2.036180306372882	0.08289598057121456	0.01047992187822791	347.981764386712	136.11714991890867	559.8463788545154
ENSG00000158423	RIBC1	down	-1.289047668747741	0.08289598057121456	0.029839582192207514	42.57026576283078	24.514187759196915	60.62634376646463
ENSG00000275793	RIMBP3	down	-1.0265504905470233	0.08289598057121456	0.03108596730148688	33.4355558453249	21.846991767604504	45.0241199230453
ENSG00000177181	RIMKLA	down	-1.5733024124199761	0.08289598057121456	0.029661589038355366	52.43226884018213	26.12688594657875	78.73765173378551
ENSG00000265735	RN7SL5P	down	-3.392264397777862	0.08289598057121456	0.007693687210757939	14.163861261015008	2.0503223234922703	26.277400198537748
ENSG00000249884	RNF103-CHMP3	down	-1.7267813763773574	0.08289598057121456	0.030083667000708646	10.805940101315047	4.746515111993175	16.865365090636917
ENSG00000070423	RNF126	down	-1.2926181061727415	0.08289598057121456	0.017344740552197167	3061.1461033861233	1774.5102767563276	4347.78193001592
ENSG00000158286	RNF207	down	-1.2479876048756426	0.08289598057121456	0.018801185315487128	286.283617660867	169.44086629419294	403.126369027541
ENSG00000212864	RNF208	down	-2.124947748401893	0.08289598057121456	0.011671183871377186	71.82677117366136	26.4781741782665	117.17536816905624
ENSG00000099999	RNF215	down	-1.1889507834632387	0.08289598057121456	0.026580030554838194	138.8025471259384	84.44397610553114	193.16111814634567
ENSG00000142327	RNPEPL1	down	-1.2737152222712647	0.08289598057121456	0.01761034797881437	1852.2720063679947	1083.679035003217	2620.864977732773
ENSG00000167526	RPL13	down	-1.0038331218188596	0.08289598057121456	0.020937973994111403	10296.93777225002	6852.304151524139	13741.571392975899
ENSG00000215030	RPL13P12	down	-1.1319879359501215	0.08289598057121456	0.019401729412806337	362.01088289479304	226.66524097886168	497.35652481072447
ENSG00000226221	RPL26P19	down	-1.7965018200932528	0.08289598057121456	0.014545205090129342	145.23286506987534	64.64992843428371	225.81580170546695
ENSG00000164967	RPP25L	down	-1.0265356464541526	0.08289598057121456	0.033689043396452165	347.9136649810157	228.936378550358	466.89095141167326
ENSG00000105372	RPS19	down	-1.0113381334428917	0.08289598057121456	0.021278177649221196	15837.07248468171	10502.635456701237	21171.50951266218
ENSG00000223803	RPS20P14	down	-1.2895114987970173	0.08289598057121456	0.032243653474936004	63.235570206109315	36.507661575118185	89.96347883710042
ENSG00000233927	RPS28	down	-1.251532907142637	0.08289598057121456	0.018410712194620562	7453.991670269258	4409.211911335664	10498.771429202852
ENSG00000227097	RPS28P7	down	-1.3329582507261282	0.08289598057121456	0.01709131516854158	2456.459522681551	1395.8222087683428	3517.096836594759
ENSG00000234797	RPS3AP6	down	-2.3710591639980136	0.08289598057121456	0.007220230631778426	293.07058550440695	94.6111939003227	491.5299771084912
ENSG00000226525	RPS7P10	down	-1.0007850085669043	0.08289598057121456	0.02681765692894505	54.275084100841774	36.003477458328945	72.54669074335459
ENSG00000231940	RPS7P3	down	-1.8069639192348026	0.08289598057121456	0.03299826711682379	15.118294209028251	6.44292743093288	23.793660987123626
ENSG00000007376	RPUSD1	down	-1.2275744994993611	0.08289598057121456	0.01942390378416771	1289.5402126697415	771.5793514863567	1807.5010738531264
ENSG00000026036	RTEL1-TNFRSF6B	down	-1.5297322970558742	0.08289598057121456	0.016978852010408545	249.23013091346647	127.98438789218041	370.47587393475254
ENSG00000160753	RUSC1	down	-1.1116536710158778	0.08289598057121456	0.019562863759493256	1526.4042656699228	965.6101650164345	2087.1983663234114
ENSG00000189171	S100A13	down	-1.4299318858684014	0.08289598057121456	0.034030687605474466	23.55388969539265	12.522022915881232	34.585756474904066
ENSG00000168061	SAC3D1	down	-1.2265934745563984	0.08289598057121456	0.01959684477013301	951.4612883169763	569.5131854526153	1333.4093911813372
ENSG00000258952	SALRNA1	down	-2.7886361251976406	0.08289598057121456	0.008687788242783953	38.76837988123085	9.42909201617237	68.10766774628932
ENSG00000130590	SAMD10	down	-1.1307437396843278	0.08289598057121456	0.020264283136615782	404.5350178859974	253.46306344188713	555.6069723301076
ENSG00000004139	SARM1	down	-1.6462945971256926	0.08289598057121456	0.014274485397554083	268.1009995891693	129.5641081275651	406.6378910507735
ENSG00000104835	SARS2	down	-1.2452409289968611	0.08289598057121456	0.029839404947933308	96.39026191698683	56.991720618288866	135.7888032156848
ENSG00000064932	SBNO2	down	-1.0891030190285869	0.08289598057121456	0.02136166920211024	2197.2476714565014	1404.9713479207912	2989.523994992211
ENSG00000227500	SCAMP4	down	-1.022912851886789	0.08289598057121456	0.02015614647456348	1828.1293070498484	1205.7128835171889	2450.5457305825075
ENSG00000171222	SCAND1	down	-1.3541004020316045	0.08289598057121456	0.018001909472753076	713.3902119838466	400.97053410493294	1025.80988986276
ENSG00000214279	SCART1	down	-2.0773582608613403	0.08289598057121456	0.01395405955869942	42.364396648681016	15.922079763207757	68.80671353415427
ENSG00000260428	SCX	down	-1.8927220287797875	0.08289598057121456	0.012030342709546239	130.90293611335915	55.25774511557885	206.54812711113948
ENSG00000128228	SDF2L1	down	-1.4139093705064136	0.08289598057121456	0.017410121843461215	827.8121705098316	451.5636254945991	1204.0607155250646
ENSG00000183921	SDR42E2	down	-1.520697720725657	0.08289598057121456	0.035206104838678275	16.72790380258133	8.404925186284977	25.050882418877688
ENSG00000075826	SEC31B	down	-1.0164037289951307	0.08289598057121456	0.02047399518642291	979.3000710765826	647.7581229352846	1310.8420192178808
ENSG00000198832	SELENOM	down	-1.3446159212678914	0.08289598057121456	0.022297183805814552	45.96440995755649	25.753854504585078	66.17496541052792
ENSG00000235016	SEMA3F-AS1	down	-1.2181384654785368	0.08289598057121456	0.023895496111511972	78.72239200287703	47.13160356630584	110.31318043944822
ENSG00000143434	SEMA6C	down	-1.4338406978654037	0.08289598057121456	0.026355980618346177	25.07500872357544	13.318167493126538	36.83184995402434
ENSG00000172250	SERHL	down	-1.88343273612564	0.08289598057121456	0.015835463037919308	28.352223374623364	11.804982033611504	44.899464715635226
ENSG00000168528	SERINC2	down	-1.3354218328053553	0.08289598057121456	0.02462929636610422	228.98716951668874	129.7611915015458	328.2131475318317
ENSG00000242550	SERPINB10	down	-2.5822747068311696	0.08289598057121456	0.012272599260409146	23.12120645997238	6.259700571508208	39.98271234843656
ENSG00000176476	SGF29	down	-1.0050410510754948	0.08289598057121456	0.021152628469633988	386.2651888154592	256.74317332364654	515.787204307272
ENSG00000181523	SGSH	down	-1.3041284348159101	0.08289598057121456	0.01743600886844539	1486.8607491615014	856.9302837701574	2116.7912145528458
ENSG00000160999	SH2B2	down	-1.3772803415686883	0.08289598057121456	0.017174831721669337	2188.5956738747204	1216.4140337035635	3160.777314045877
ENSG00000100092	SH3BP1	down	-1.243931496577423	0.08289598057121456	0.019762683603183076	326.40151195266	193.59721330336689	459.2058106019531
ENSG00000109686	SH3D19	down	-1.890809169800927	0.08289598057121456	0.024410479578927554	24.969801121738158	10.318804707287478	39.620797536188846
ENSG00000125089	SH3TC1	down	-1.905299187248424	0.08289598057121456	0.010964221184611177	1759.398242136863	741.1553026688401	2777.6411816048862
ENSG00000234965	SHISA8	down	-2.5248652379889918	0.08289598057121456	0.0069860511141971076	82.4786885706649	24.067364127077337	140.89001301425245
ENSG00000164403	SHROOM1	down	-1.1170110648886697	0.08289598057121456	0.02092236158532643	668.3141214470646	421.6017017146036	915.0265411795255
ENSG00000185187	SIGIRR	down	-2.0338752151693704	0.08289598057121456	0.01681455067180019	83.07093119509902	32.304861050246565	133.83700133995146
ENSG00000184990	SIVA1	down	-1.1662968868953558	0.08289598057121456	0.021465736014144646	835.8360666997283	515.0648335244995	1156.6072998749573
ENSG00000170577	SIX2	down	-2.1838619551457654	0.08289598057121456	0.025320865904825452	8.598648064893057	2.7825286929235937	14.414767436862524
ENSG00000177045	SIX5	down	-2.547083095803984	0.08289598057121456	0.011706758914614314	29.347893737981078	8.221698326860306	50.47408914910185
ENSG00000188779	SKOR1	down	-2.204820512487482	0.08289598057121456	0.020469113873974553	14.862125927284785	4.976526028352748	24.74772582621682
ENSG00000124067	SLC12A4	down	-1.241477160629135	0.08289598057121456	0.018076503336731397	1025.0438854457882	609.1435437517383	1440.9442271398377
ENSG00000100156	SLC16A8	down	-1.9230145643629812	0.08289598057121456	0.03227911860538617	35.35390689881978	14.463611638342107	56.24420215929746
ENSG00000173638	SLC19A1	down	-1.1237621398209952	0.08289598057121456	0.02003152779466931	3500.572201942534	2202.0244498191546	4799.119954065914
ENSG00000110628	SLC22A18	down	-1.9038762032653829	0.08289598057121456	0.015179273251170541	81.06483260168149	33.89977197760199	128.22989322576097
ENSG00000259803	SLC22A31	down	-1.7217203570685642	0.08289598057121456	0.018114572869363958	30.389892563409486	13.87309161713018	46.906693509688786
ENSG00000183048	SLC25A10	down	-1.276989873368377	0.08289598057121456	0.018802815809768184	533.0024387434443	311.1864000747709	754.8184774121177
ENSG00000197119	SLC25A29	down	-2.3221900328546736	0.08289598057121456	0.02011553822409272	22.914472401201163	7.303643325139494	38.525301477262836
ENSG00000181045	SLC26A11	down	-1.2008886778223529	0.08289598057121456	0.022046279224987968	421.0177328112941	255.05726947332155	586.9781961492665
ENSG00000130304	SLC27A1	down	-1.9441749617760848	0.08289598057121456	0.021470318043320245	23.070543098435454	9.22346746013899	36.917618736731924
ENSG00000125520	SLC2A4RG	down	-1.0768796123829953	0.08289598057121456	0.020580744891495834	1094.5538896811504	703.835068638674	1485.2727107236267
ENSG00000136856	SLC2A8	down	-1.0963359209954293	0.08289598057121456	0.020887630788534367	477.44883043748365	304.1093768657388	650.7882840092285
ENSG00000160190	SLC37A1	down	-2.6048353112323523	0.08289598057121456	0.005243289653762858	356.77957656832956	100.38054549244224	613.1786076442169
ENSG00000165915	SLC39A13	down	-1.0992942189225479	0.08289598057121456	0.020665447494361087	368.0903525153012	234.08426358729693	502.0964414433056
ENSG00000141873	SLC39A3	down	-1.0924658704877002	0.08289598057121456	0.02027196106211481	982.9824854087195	627.4454442778556	1338.5195265395832
ENSG00000147804	SLC39A4	down	-1.4007096147809346	0.08289598057121456	0.017225376362135045	389.5557114969649	213.79782786332513	565.3135951306045
ENSG00000088836	SLC4A11	down	-2.485419059281922	0.08289598057121456	0.006508995227408977	157.45566080876173	47.365570432944914	267.5457511845785
ENSG00000185803	SLC52A2	down	-1.2384665602565175	0.08289598057121456	0.01851873662330232	2316.6509160195164	1378.9715869119548	3254.3302451270774
ENSG00000130821	SLC6A8	down	-1.0599385233339678	0.08289598057121456	0.026072553024379594	86.91897304722802	56.17645460360245	117.6614914908536
ENSG00000066230	SLC9A3	down	-2.4291177685619676	0.08289598057121456	0.010991957843441423	32.2265617785213	9.750049273536932	54.703074283505664
ENSG00000225138	SLC9A3-AS1	down	-2.770402380573432	0.08289598057121456	0.0044418917478034935	134.61637958295543	34.04344698953887	235.18931217637194
ENSG00000135740	SLC9A5	down	-1.7301570956761934	0.08289598057121456	0.01645447667029051	127.2708019802012	58.68548978720829	195.8561141731941
ENSG00000240204	SMKR1	down	-1.4776754692112204	0.08289598057121456	0.020749021596088827	43.80596613957925	22.911364931282474	64.700567347876
ENSG00000128602	SMO	down	-1.9542640045335828	0.08289598057121456	0.02746382610124789	13.46479902584175	5.228934641321032	21.70066341036247
ENSG00000103056	SMPD3	down	-1.0990697312207174	0.08289598057121456	0.019810192616721005	1189.933135976706	757.2151846167613	1622.6510873366503
ENSG00000204791	SMPD5	down	-3.1319086137539642	0.08289598057121456	0.0071664134548638635	12.979716961299431	2.260557316107951	23.69887660649091
ENSG00000185669	SNAI3	down	-1.02801514654837	0.08289598057121456	0.022249533804124585	197.66137191665462	129.90292060407612	265.41982322923303
ENSG00000174365	SNHG11	down	-1.0790736130551812	0.08289598057121456	0.020917632110178917	384.95516767393013	247.1677883503261	522.7425469975341
ENSG00000233016	SNHG7	down	-1.0005750495544332	0.08289598057121456	0.021059632623848728	1245.9248480647068	830.229105630463	1661.6205904989504
ENSG00000207468	SNORA19	down	-2.2771231302159496	0.08289598057121456	0.02115136247319018	7.823040812263684	2.346893220530639	13.299188403996725
ENSG00000212607	SNORA3B	down	-1.776463175125955	0.08289598057121456	0.01707107816139474	34.4976672562836	15.315106659384119	53.68022785318308
ENSG00000201457	SNORA55	down	-1.1559752744843386	0.08289598057121456	0.02347268467695608	261.62283367917513	161.88815857437282	361.35750878397744
ENSG00000201512	SNORA71C	down	-1.2945248506278777	0.08289598057121456	0.032860684414512537	70.03232952490218	40.353233081958706	99.71142596784564
ENSG00000206885	SNORA75	down	-2.646815050740382	0.08289598057121456	0.015316620546647227	28.407867272947087	7.460495160520488	49.355239385373686
ENSG00000207280	SNORD20	down	-2.0789137772028368	0.08289598057121456	0.012350776824208569	39.20454773323856	14.698232991283978	63.71086247519315
ENSG00000185338	SOCS1	down	-1.352371087203053	0.08289598057121456	0.028128286251364907	48.82668807149361	27.26376370493251	70.38961243805471
ENSG00000165643	SOHLH1	down	-3.4158032731313503	0.08289598057121456	0.002898328137766017	30.031019510185814	4.731349624831581	55.33068939554005
ENSG00000224243	SOX1-OT	down	-1.5199640384963589	0.08289598057121456	0.021140180380729436	39.81638729454114	20.34698313153358	59.2857914575487
ENSG00000110693	SOX6	down	-4.235472325842906	0.08289598057121456	0.0002900148990293564	380.68670477306387	37.93252246649305	723.4408870796348
ENSG00000165698	SPACA9	down	-1.214650842159916	0.08289598057121456	0.02836660653900499	35.31305752663423	21.068634450385613	49.557480602882855
ENSG00000006282	SPATA20	down	-1.7620927885933184	0.08289598057121456	0.01406713793830701	335.92583009986146	152.70293398911602	519.1487262106069
ENSG00000158792	SPATA2L	down	-1.079196897162214	0.08289598057121456	0.02184730107092489	178.94512426836118	114.7927840144226	243.09746452229976
ENSG00000128040	SPINK2	down	-1.0492248436918763	0.08289598057121456	0.0207506698232854	400.74039798781604	260.9439890124543	540.5368069631776
ENSG00000261183	SPINT1-AS1	down	-1.2635925874074956	0.08289598057121456	0.021936425164419446	126.36935178979714	74.10865035651192	178.63005322308234
ENSG00000005206	SPPL2B	down	-1.2221919383030964	0.08289598057121456	0.01828447911821816	2711.05108299222	1626.5889138311943	3795.5132521532455
ENSG00000277363	SRCIN1	down	-1.4792102460562504	0.08289598057121456	0.03094919076668235	28.292647446719176	14.702188941563486	41.883105951874875
ENSG00000072310	SREBF1	down	-1.363462657409736	0.08289598057121456	0.016884281428629556	1316.473092440393	736.6764509932522	1896.269733887534
ENSG00000116649	SRM	down	-1.0828137006090883	0.08289598057121456	0.01977387678521905	4958.291727767731	3180.085187842422	6736.49826769304
ENSG00000184343	SRPK3	down	-1.6731820084418232	0.08289598057121456	0.015576388145275578	82.49475543092773	39.123463073193385	125.86604778866206
ENSG00000130511	SSBP4	down	-1.53441683876416	0.08289598057121456	0.015420165542905722	564.0125852353971	289.23781757930664	838.7873528914873
ENSG00000197558	SSPO	down	-2.5961445840927944	0.08289598057121456	0.013358586512092159	13.645288016341853	3.514735062354917	23.77584097032879
ENSG00000180879	SSR4	down	-1.101498537517358	0.08289598057121456	0.020247125730839872	3283.7571284107125	2087.5435167300166	4479.970740091409
ENSG00000235374	SSR4P1	down	-1.96580436740859	0.08289598057121456	0.035070579543511664	48.66031221765373	19.53965039456165	77.78097404074582
ENSG00000144681	STAC	down	-1.1751604462423562	0.08289598057121456	0.021262995500931102	89.74281028898743	54.894614237861695	124.59100634011315
ENSG00000185482	STAC3	down	-1.9699416482446792	0.08289598057121456	0.015923021640585268	26.95325704105906	10.665482502392928	43.241031579725195
ENSG00000214530	STARD10	down	-1.1591943298956076	0.08289598057121456	0.03337927543975633	124.13708676437903	76.59526263869992	171.67891089005812
ENSG00000130052	STARD8	down	-1.0212210088406324	0.08289598057121456	0.02243209266786449	382.1541411843916	252.10733772209133	512.2009446466919
ENSG00000126561	STAT5A	down	-1.2302485513579269	0.08289598057121456	0.025700142421048802	79.58643083057187	47.3688932740771	111.80396838706663
ENSG00000197457	STMN3	down	-1.6361482698113736	0.08289598057121456	0.028351771273734446	40.89910677689641	19.65364891847814	62.14456463531468
ENSG00000197768	STPG3	down	-2.6997029218057462	0.08289598057121456	0.01645466172935181	12.127652019516619	2.868864597346283	21.386439441686957
ENSG00000254995	STX16-NPEPL1	down	-1.5684970856840676	0.08289598057121456	0.018794291762184293	120.04187211774156	60.28830878746908	179.79543544801405
ENSG00000147642	SYBU	down	-1.583926680076104	0.08289598057121456	0.025966206655871148	15.55468444339011	7.531665577781585	23.57770330899864
ENSG00000100321	SYNGR1	down	-1.2753072360817992	0.08289598057121456	0.02839636845341664	45.283317204243595	26.2699278493683	64.29670655911889
ENSG00000127561	SYNGR3	down	-1.705936612686279	0.08289598057121456	0.015215531316618892	80.23613750273434	37.382888470183595	123.08938653528507
ENSG00000142765	SYTL1	down	-1.5277690978753138	0.08289598057121456	0.016105351957790476	169.12044309388978	86.85675344328233	251.38413274449718
ENSG00000164674	SYTL3	down	-1.145653214043142	0.08289598057121456	0.03250968100792985	12.094792204034265	7.341206508909797	16.84837789915873
ENSG00000103168	TAF1C	down	-1.1517136426607055	0.08289598057121456	0.01935800749303092	1118.1239758752006	693.9144041791292	1542.333547571272
ENSG00000169962	TAS1R3	down	-1.4115865340543483	0.08289598057121456	0.031170973918909908	24.282712797562002	13.04137251983206	35.52405307529194
ENSG00000175463	TBC1D10C	down	-2.0911921813346646	0.08289598057121456	0.021947874332847846	30.92516950926039	11.446461592476638	50.40387742604415
ENSG00000167291	TBC1D16	down	-1.7845162021034315	0.08289598057121456	0.027249412288362487	11.86354180271889	5.062861932775437	18.664221672662343
ENSG00000183751	TBL3	down	-1.1522792533924997	0.08289598057121456	0.01942631816487361	1840.2773632512447	1141.900640171356	2538.6540863311334
ENSG00000171703	TCEA2	down	-1.7789240147708016	0.08289598057121456	0.013326545733951738	216.4281442943883	97.39835823463771	335.45793035413885
ENSG00000236567	TCF3P1	down	-1.9491689601028057	0.08289598057121456	0.03452038630091103	10.473201823169328	4.014308742561851	16.932094903776804
ENSG00000110719	TCIRG1	down	-1.4449072038481467	0.08289598057121456	0.015857989505140658	7010.488239077496	3766.364495931833	10254.611982223161
ENSG00000197905	TEAD4	down	-1.1446926578998267	0.08289598057121456	0.02234557576472209	332.47465849127576	206.8968672633906	458.0524497191611
ENSG00000185347	TEDC1	down	-1.077230559121978	0.08289598057121456	0.020174994964787203	1361.9664947661845	875.6893667569208	1848.243622775448
ENSG00000100726	TELO2	down	-1.4761702702052386	0.08289598057121456	0.015755979932512296	1817.5030972906834	960.8742690864871	2674.13192549488
ENSG00000167302	TEPSIN	down	-1.0197209267480147	0.08289598057121456	0.021485541805438373	476.8543441625164	314.84277873103434	638.8659095939987
ENSG00000164362	TERT	down	-1.0332513302326736	0.08289598057121456	0.021108923744584833	293.0620001554103	192.21251216381805	393.9114881470025
ENSG00000105329	TGFB1	down	-1.1571261699061737	0.08289598057121456	0.020375572457309553	1103.4275844348454	683.0195186647148	1523.8356502049762
ENSG00000260001	TGFBR3L	down	-1.7143869075263556	0.08289598057121456	0.017204151108154528	88.7103905257256	41.17179673296818	136.24898431848302
ENSG00000225401	TGIF2P1	down	-2.242962347033733	0.08289598057121456	0.01622654121616973	11.795614923899116	3.7889082627845774	19.802321585013654
ENSG00000104055	TGM5	down	-1.7408005968947862	0.08289598057121456	0.0230932643374398	17.76321060195684	7.911950606377826	27.614470597535853
ENSG00000184436	THAP7	down	-1.029728409096603	0.08289598057121456	0.020534592393957246	1139.4319089608248	749.0508719793797	1529.8129459422698
ENSG00000169231	THBS3	down	-1.748717632127669	0.08289598057121456	0.013985784410841636	111.51006674082453	50.87372777215551	172.14640570949356
ENSG00000130193	THEM6	down	-1.8224064632751493	0.08289598057121456	0.014341199012327057	472.168094008909	207.87499768657497	736.4611903312431
ENSG00000144229	THSD7B	down	-1.9164589926541495	0.08289598057121456	0.023713462990403104	37.009610265375535	15.210983494935022	58.808237035816056
ENSG00000127666	TICAM1	down	-1.2326123437166205	0.08289598057121456	0.018883829375858283	1346.802985375278	803.8789262365627	1889.7270445139936
ENSG00000179886	TIGD5	down	-1.3420061508004744	0.08289598057121456	0.018399681334756814	333.3490758407083	188.38016406238623	478.31798761903036
ENSG00000102265	TIMP1	down	-1.3398238192932648	0.08289598057121456	0.018198487707779255	1203.4157251059075	681.3726442661613	1725.4588059456537
ENSG00000142910	TINAGL1	down	-1.3036217061549722	0.08289598057121456	0.02145418462935231	43.12288446494148	24.653906820854292	61.591862109028675
ENSG00000105289	TJP3	down	-1.2701469834388095	0.08289598057121456	0.03299267757332008	24.086970710074258	13.912643464617966	34.26129795553055
ENSG00000149476	TKFC	down	-1.1151849790891792	0.08289598057121456	0.019270665071252194	1560.9287082229614	985.802184157068	2136.0552322888548
ENSG00000196781	TLE1	down	-1.3473675178080389	0.08289598057121456	0.017508596271427264	315.9354745254481	178.05143741366678	453.8195116372295
ENSG00000167608	TMC4	down	-1.5454787734024664	0.08289598057121456	0.017562646119466875	162.74405154694765	82.80883746722968	242.6792656266656
ENSG00000241697	TMEFF1	down	-1.8747636541493262	0.08289598057121456	0.01978863360811132	31.421499871886123	13.178448431469162	49.664551312303075
ENSG00000181284	TMEM102	down	-1.2393981337661069	0.08289598057121456	0.022613161534946184	296.43244578970643	176.192908336461	416.67198324295185
ENSG00000183160	TMEM119	down	-1.0858911607625759	0.08289598057121456	0.023380328712633652	40.77015706311253	25.93247092742745	55.60784319879759
ENSG00000184986	TMEM121	down	-1.4742412494784536	0.08289598057121456	0.015756981915202032	302.7181608033649	160.00189509089955	445.43442651583024
ENSG00000168936	TMEM129	down	-1.228306820605701	0.08289598057121456	0.018491143636597446	3098.8911863412955	1853.8025264157247	4343.979846266867
ENSG00000161558	TMEM143	down	-1.2565513673513438	0.08289598057121456	0.018961914258463664	418.58400028042297	246.80269018604693	590.3653103747989
ENSG00000168890	TMEM150A	down	-1.262308194780452	0.08289598057121456	0.020032764707272596	207.72785543892664	122.03050046803064	293.4252104098227
ENSG00000064545	TMEM161A	down	-1.0692715272283944	0.08289598057121456	0.02045513409841024	981.1618690004253	633.1626964805369	1329.1610415203138
ENSG00000184584	TMEM173	down	-1.7064455000189864	0.08289598057121456	0.014120046102620801	260.5547543970991	121.95865035965763	399.1508584345406
ENSG00000127419	TMEM175	down	-1.138309877871617	0.08289598057121456	0.01962716156285765	765.6258042951855	478.1446527913663	1053.106955799005
ENSG00000164855	TMEM184A	down	-2.032287065533854	0.08289598057121456	0.02465491075041538	27.586948145149904	10.534984313900152	44.63891197639965
ENSG00000226287	TMEM191A	down	-1.3779685627300784	0.08289598057121456	0.03393624599716878	57.944436516664986	31.977959178885015	83.91091385444496
ENSG00000278558	TMEM191B	down	-1.9177797011745044	0.08289598057121456	0.02819644776736606	33.6812452048403	13.806531636451387	53.555958773229214
ENSG00000188760	TMEM198	down	-2.4247508872388868	0.08289598057121456	0.006674975259166586	270.01539988755115	84.442688510081	455.5881112650213
ENSG00000182796	TMEM198B	down	-1.088556206611317	0.08289598057121456	0.021803536439766534	587.1063683065346	375.37429663546254	798.8384399776065
ENSG00000188807	TMEM201	down	-1.1309023073920046	0.08289598057121456	0.01932472526481916	1947.5271090125268	1220.850210740238	2674.2040072848145
ENSG00000233493	TMEM238	down	-1.266157526613107	0.08289598057121456	0.01792842245792038	519.7058387881534	305.036044836286	734.3756327400207
ENSG00000145014	TMEM44	down	-1.0995733518002255	0.08289598057121456	0.020701546377651685	160.35864086423925	101.86276686848674	218.85451485999172
ENSG00000178821	TMEM52	down	-2.460911454360338	0.08289598057121456	0.008394598261011675	46.525419303356976	13.956805748688055	79.0940328580259
ENSG00000121900	TMEM54	down	-1.3893183556428155	0.08289598057121456	0.020705128547458377	161.2935427016786	88.89983972967383	233.6872456736834
ENSG00000180089	TMEM86B	down	-1.0956370960935813	0.08289598057121456	0.023845956913368202	119.20186351600933	75.81433013058077	162.58939690143788
ENSG00000166682	TMPRSS5	down	-1.1750113969335572	0.08289598057121456	0.026026269680822008	45.09360180061145	27.48916418470978	62.69803941651312
ENSG00000178297	TMPRSS9	down	-1.219784178661629	0.08289598057121456	0.024317339201693756	121.61938964694251	72.86439455169689	170.3743847421881
ENSG00000159958	TNFRSF13C	down	-1.9218681470637997	0.08289598057121456	0.021824444059634504	20.776085055959246	8.385149262541082	33.1670208493774
ENSG00000157873	TNFRSF14	down	-1.277617636399202	0.08289598057121456	0.017834629448632223	1685.188191172547	984.0208243483922	2386.355557996702
ENSG00000174292	TNK1	down	-1.2698352299096234	0.08289598057121456	0.022651318494943052	101.34909635244769	59.21207160060624	143.48612110428914
ENSG00000079308	TNS1	down	-1.5275702060154068	0.08289598057121456	0.034039680666371155	30.698931763355812	15.569503936069887	45.82835959064173
ENSG00000160949	TONSL	down	-1.0083908197083427	0.08289598057121456	0.020424637168408307	3323.9373726256204	2207.2065187225726	4440.668226528669
ENSG00000232600	TONSL-AS1	down	-1.047378938817619	0.08289598057121456	0.030514311819363246	47.50036977627823	30.80351823676095	64.19722131579549
ENSG00000160404	TOR2A	down	-1.0738280367300832	0.08289598057121456	0.020157774910762212	1011.8067339261885	651.5470350257228	1372.0664328266546
ENSG00000167543	TP53I13	down	-1.0846905741989883	0.08289598057121456	0.020495093191828538	1112.3895309396157	712.6803038654006	1512.098758013831
ENSG00000078900	TP73	down	-1.2297379547879235	0.08289598057121456	0.019002226547672273	981.6482187594538	586.6908023442938	1376.6056351746138
ENSG00000141933	TPGS1	down	-1.7257657868713805	0.08289598057121456	0.01650470121645294	119.92915181236772	55.415298019227215	184.44300560550823
ENSG00000115705	TPO	down	-3.5068653189209167	0.08289598057121456	0.0066698186882906615	16.953923879227137	2.3225068602044465	31.585340898249825
ENSG00000176058	TPRN	down	-1.122919210192329	0.08289598057121456	0.020881309540327936	591.9157329802431	372.3379999473469	811.4934660131393
ENSG00000170638	TRABD	down	-1.1020127541905496	0.08289598057121456	0.019359090219182033	3644.4075862003624	2316.27214231473	4972.543030085994
ENSG00000102871	TRADD	down	-1.1206403960716562	0.08289598057121456	0.019629061839048268	910.3909177427468	573.3917310837993	1247.390104401694
ENSG00000076604	TRAF4	down	-1.1539209885098884	0.08289598057121456	0.01868711764600378	1925.5063469932	1193.856481785251	2657.1562122011487
ENSG00000007255	TRAPPC6A	down	-1.6958934279131601	0.08289598057121456	0.01571247826250485	260.2092716381441	122.48261040019077	397.93593287609747
ENSG00000183479	TREX2	down	-1.547188847365316	0.08289598057121456	0.033858075726704955	47.30105452499413	23.872927730770584	70.72918131921767
ENSG00000173334	TRIB1	down	-1.2944791891657839	0.08289598057121456	0.017260915758706166	2920.695673391088	1691.5321758300063	4149.859170952169
ENSG00000130726	TRIM28	down	-1.0011427718366728	0.08289598057121456	0.020562767478041803	11966.925853234045	7973.571344447359	15960.280362020727
ENSG00000100505	TRIM9	down	-1.8965688607013669	0.08289598057121456	0.0188031111687337	13.834329166770884	5.569667822429487	22.098990511112277
ENSG00000166166	TRMT61A	down	-1.224964938173019	0.08289598057121456	0.021925577232300666	395.6537574776257	236.89567453604442	554.4118404192069
ENSG00000149743	TRPT1	down	-1.0228031607624264	0.08289598057121456	0.025541950911067587	387.3810304923382	255.36975733540706	519.3923036492694
ENSG00000103197	TSC2	down	-1.0227311910933714	0.08289598057121456	0.020570408530117535	2242.0475614734423	1478.8692874709357	3005.2258354759488
ENSG00000171045	TSNARE1	down	-1.4866085833566987	0.08289598057121456	0.01721392984691532	284.4889167344259	149.40365226029732	419.57418120855453
ENSG00000214063	TSPAN4	down	-1.2402054151970587	0.08289598057121456	0.019466959581593626	107.22372360024217	63.576988883743944	150.8704583167404
ENSG00000100300	TSPO	down	-1.468004698260516	0.08289598057121456	0.015505672536730675	1186.6856011577736	629.9102958002359	1743.460906515311
ENSG00000168026	TTC21A	down	-1.2842160895408261	0.08289598057121456	0.02285869779543211	144.23045583403496	83.75591064301443	204.70500102505548
ENSG00000141540	TTYH2	down	-1.9893255090522317	0.08289598057121456	0.011428564365585014	71.48598691965746	28.46521278024758	114.50676105906734
ENSG00000128159	TUBGCP6	down	-1.111911197861786	0.08289598057121456	0.019717343705930986	3632.545463473989	2297.9373822053535	4967.153544742624
ENSG00000198680	TUSC1	down	-1.9300053282601406	0.08289598057121456	0.02129563457296479	16.966915293855816	6.761896024579958	27.17193456313167
ENSG00000239264	TXNDC5	down	-1.1699891370525324	0.08289598057121456	0.018777566483845612	7198.106209056093	4429.275175808706	9966.93724230348
ENSG00000265972	TXNIP	down	-1.56939298242953	0.08289598057121456	0.015752814254148484	8457.902363836552	4263.024504774973	12652.78022289813
ENSG00000176912	TYMSOS	down	-1.187833277654503	0.08289598057121456	0.02518704024096351	29.982486532738633	18.097635352307712	41.867337713169555
ENSG00000182179	UBA7	down	-1.0358449208882536	0.08289598057121456	0.021431622397323487	455.78661411250664	298.6735300729342	612.8996981520789
ENSG00000153443	UBALD1	down	-1.435874671895912	0.08289598057121456	0.016469090239299895	592.7565838414915	319.7065900032671	865.8065776797162
ENSG00000177169	ULK1	down	-1.15749574499706	0.08289598057121456	0.02146961998373365	492.5386500214772	304.7210535700739	680.3562464728806
ENSG00000140474	ULK3	down	-1.1591019351953455	0.08289598057121456	0.018715705224301476	2540.4390806877695	1571.2876318853857	3509.5905294901536
ENSG00000110057	UNC93B1	down	-1.0469117303384403	0.08289598057121456	0.020669537209204166	5396.008707781376	3519.609947596178	7272.407467966573
ENSG00000172971	UNC93B3	down	-1.1552101984438081	0.08289598057121456	0.020568964205719714	158.72304530875005	98.17664759273657	219.26944302476352
ENSG00000059145	UNKL	down	-1.0728562225939338	0.08289598057121456	0.019938959655256012	1440.7679075504536	928.2735130026604	1953.2623020982471
ENSG00000181408	UTS2R	down	-3.0445402973840294	0.08289598057121456	0.0033102365583621966	73.16058814881508	15.42517443783021	130.89600185979995
ENSG00000137411	VARS2	down	-1.0332969819060622	0.08289598057121456	0.02070646356215583	1038.9080102886558	681.8181161713643	1395.997904405947
ENSG00000167397	VKORC1	down	-1.5766362609413014	0.08289598057121456	0.015244669738263945	175.15908328745994	87.71025850519727	262.60790806972267
ENSG00000075399	VPS9D1	down	-1.6054304924996639	0.08289598057121456	0.018055206280400506	202.86242852845393	100.10311741000042	305.62173964690743
ENSG00000261373	VPS9D1-AS1	down	-1.4501591998537888	0.08289598057121456	0.01923087861661724	251.2410491188683	134.39565017137542	368.08644806636113
ENSG00000101842	VSIG1	down	-2.7276295072740666	0.08289598057121456	0.005630511436554315	45.856859727014076	11.661307021674617	80.05241243235355
ENSG00000167992	VWCE	down	-1.7215965449757373	0.08289598057121456	0.0332281248599656	11.778923521341362	5.213769154159438	18.344077888523287
ENSG00000181404	WASHC1	down	-1.0335124850375794	0.08289598057121456	0.022669207631815316	424.96623584064355	278.76876396459164	571.1637077166955
ENSG00000101940	WDR13	down	-1.0263603123476366	0.08289598057121456	0.019992103536127067	1156.3623053722342	761.3757863164711	1551.3488244279972
ENSG00000127580	WDR24	down	-1.4302758138501155	0.08289598057121456	0.019151505885580247	487.1751706191906	263.4661719870415	710.8841692513397
ENSG00000196998	WDR45	down	-1.0349747766577442	0.08289598057121456	0.02095418410530022	925.9962929389721	607.2222999307022	1244.770285947242
ENSG00000161996	WDR90	down	-1.6214283900817166	0.08289598057121456	0.013977909236400719	2592.722864530757	1271.6869870606151	3913.758742000898
ENSG00000179698	WDR97	down	-1.2405739919350904	0.08289598057121456	0.024003689681033974	43.39002978323592	25.602292796898286	61.177766769573545
ENSG00000109501	WFS1	down	-1.0828069545340202	0.08289598057121456	0.019929764733381736	1096.4883820194802	703.1141611424001	1489.8626028965607
ENSG00000011451	WIZ	down	-1.1479525872394307	0.08289598057121456	0.01896921666843157	1787.0196804430134	1111.144403182437	2462.8949577035905
ENSG00000135925	WNT10A	down	-1.1975129299093343	0.08289598057121456	0.01874882881708621	2155.4083013845234	1308.7137981899778	3002.1028045790686
ENSG00000169884	WNT10B	down	-1.5148537114123393	0.08289598057121456	0.01878653305671361	87.27956960443747	45.008776648137776	129.5503625607371
ENSG00000002745	WNT16	down	-1.893041395326357	0.08289598057121456	0.028626437165775145	23.831157419585484	9.82255386821272	37.83976097095825
ENSG00000142279	WTIP	down	-1.4324757148616794	0.08289598057121456	0.03364165126680989	40.09071920773462	21.446297706117036	58.7351407093522
ENSG00000158156	XKR8	down	-1.1591084387567878	0.08289598057121456	0.019785171365015806	256.1509749122703	158.26003289243965	354.04191693210095
ENSG00000126215	XRCC3	down	-1.134090384080599	0.08289598057121456	0.020770754218987414	679.9494784633599	425.4729471772204	934.4260097494995
ENSG00000161179	YDJC	down	-1.4998537067768394	0.08289598057121456	0.01514186565285343	1370.380905169074	715.7124621030321	2025.0493482351158
ENSG00000232346	Z74021.1	down	-2.536427577446001	0.08289598057121456	0.005945931477896333	147.77570410167263	43.100841741132264	252.450566462213
ENSG00000233903	Z83851.1	down	-1.0984213790175663	0.08289598057121456	0.025249269226125824	96.36438232222838	61.173436246811	131.55532839764575
ENSG00000272858	Z93930.3	down	-2.1396085900670734	0.08289598057121456	0.01819924187606615	11.416292599418485	3.908196914395269	18.9243882844417
ENSG00000186919	ZACN	down	-1.7161629161957592	0.08289598057121456	0.027443239431496784	12.538622830581838	5.5848333095910805	19.4924123515726
ENSG00000163874	ZC3H12A	down	-1.2228026483587895	0.08289598057121456	0.019171434127104276	897.699299422546	538.3123173726545	1257.0862814724376
ENSG00000159714	ZDHHC1	down	-2.7243485494366935	0.08289598057121456	0.01646622385023617	44.0303527069166	11.20524113923498	76.85546427459822
ENSG00000188818	ZDHHC11	down	-1.3136429595467072	0.08289598057121456	0.01984509254739219	234.58349692319027	134.38514170276068	334.7818521436198
ENSG00000099904	ZDHHC8	down	-1.1854284959159047	0.08289598057121456	0.018694297761718763	750.9790435701103	458.51530089693887	1043.442786243282
ENSG00000133519	ZDHHC8P1	down	-1.8302872659362865	0.08289598057121456	0.01538612913727569	43.110769879671295	18.64399308944955	67.57754666989304
ENSG00000179588	ZFPM1	down	-1.2999840954104902	0.08289598057121456	0.01910964091583624	181.7872563514251	104.79952562392653	258.77498707892363
ENSG00000159733	ZFYVE28	down	-1.0019196080721675	0.08289598057121456	0.021827020062991538	633.8210238926725	422.0056506581032	845.6363971272417
ENSG00000158805	ZNF276	down	-1.2586469098864914	0.08289598057121456	0.01813548417156815	819.8667982997977	483.1052908871347	1156.6283057124608
ENSG00000170684	ZNF296	down	-1.3412612778523478	0.08289598057121456	0.017073325504542228	692.2131282719535	391.5580524667678	992.8682040771392
ENSG00000198816	ZNF358	down	-2.130153718073036	0.08289598057121456	0.009611815405864768	175.90986672861416	65.10864129439729	286.7110921628311
ENSG00000133250	ZNF414	down	-1.3307917844214483	0.08289598057121456	0.01906017856652191	234.71376082372083	133.31879742486703	336.1087242225746
ENSG00000167685	ZNF444	down	-1.0173993498728788	0.08289598057121456	0.023123672732487173	692.1113948613256	457.53592946026885	926.6868602623822
ENSG00000083838	ZNF446	down	-1.69272054345046	0.08289598057121456	0.018256084397212508	102.50785785718101	48.17290316991685	156.8428125444452
ENSG00000181444	ZNF467	down	-1.2339606450637062	0.08289598057121456	0.031310158114572405	87.72180550040169	52.13645052810883	123.30716047269455
ENSG00000196700	ZNF512B	down	-1.0168011129555374	0.08289598057121456	0.02053981873590788	1748.4372523977818	1156.423583408583	2340.4509213869806
ENSG00000171443	ZNF524	down	-1.157742629163855	0.08289598057121456	0.022257634952052113	227.65607856092257	140.72586667384192	314.58629044800324
ENSG00000167962	ZNF598	down	-1.1128929242347594	0.08289598057121456	0.020648772895686736	2551.26216230375	1613.1151744428298	3489.4091501646694
ENSG00000197483	ZNF628	down	-1.6097614348708824	0.08289598057121456	0.015481137964197119	290.18707850961135	142.9778362259326	437.39632079329004
ENSG00000196456	ZNF775	down	-1.3233232559523869	0.08289598057121456	0.019008600079421147	229.21314696635844	130.674002957537	327.7522909751799
ENSG00000261221	ZNF865	down	-1.0320637310927647	0.08289598057121456	0.021821317220082282	629.0604752077105	413.0115610051765	845.1093894102446
ENSG00000174276	ZNHIT2	down	-1.6336132637305087	0.08289598057121456	0.016505384609571218	310.6156396217343	151.1567705776039	470.0745086658647
ENSG00000186187	ZNRF1	down	-1.3484378691237897	0.08289598057121456	0.02925178051031226	100.35995576188257	56.38079156418572	144.33911995957942
ENSG00000237004	ZNRF2P1	down	-1.144814713373724	0.08289598057121456	0.01976792337332357	232.3944224208432	144.55235949755226	320.23648534413417
ENSG00000188372	ZP3	down	-1.971061260712084	0.08289598057121456	0.012935954685347393	110.16571947266921	44.480907239289714	175.85053170604874
ENSG00000073754	CD5L	down	-1.5160298082961272	0.08292548941328201	0.03536749771881294	72.16676271394367	37.150888890106536	107.1826365377808
ENSG00000090776	EFNB1	down	-1.0964937464171816	0.08297604541174172	0.03552531523325085	210.68018027536593	134.0806589051633	287.27970164556854
ENSG00000178965	ERICH3	down	-1.1936698426296715	0.08297604541174172	0.03562850554420732	13.49003027617035	8.011463334244626	18.968597218096072
ENSG00000198156	NPIPB6	down	-1.318985344379674	0.08299089858223124	0.035708659556588786	24.642801597042062	13.888257104291775	35.39734608979236
ENSG00000059915	PSD	down	-1.2193833059010677	0.08299089858223124	0.035700659603760586	53.193429441348336	31.763113749687033	74.62374513300965
ENSG00000002726	AOC1	down	-1.2827503783865832	0.08300320272191584	0.035772745231357934	17.95635553083524	10.252244726608682	25.660466335061795
ENSG00000250673	REELD1	down	-1.4281695440041304	0.0830072601908424	0.035825168834955956	68.22665174911064	36.73961457323067	99.7136889249906
ENSG00000234423	LINC01250	down	-1.285512892711377	0.08305283679972213	0.03586450722971839	97.47876041877191	56.50272336581668	138.45479747172718
ENSG00000237876	AKR1B1P4	down	-1.2095177177830112	0.0830890922515026	0.03604661776809007	9.402565813798706	5.478721481424498	13.326410146172911
ENSG00000215769	ARHGAP27P1-BPTFP1-KPNA2P3	down	-1.0563841934019693	0.0830890922515026	0.03616682150946947	26.90564638637885	17.2975348247829	36.5137579479748
ENSG00000228350	LINC02585	down	-1.6465786033769232	0.0830890922515026	0.03618145612697401	10.514743921912812	4.832851016415864	16.196636827409762
ENSG00000186715	MST1L	down	-1.8542020365585907	0.0830890922515026	0.03596481776774774	27.4740847045817	11.62175517418683	43.32641423497657
ENSG00000109063	MYH3	down	-1.1033161173277792	0.0830890922515026	0.035941409362842694	86.75318657995548	54.925599698487666	118.5807734614233
ENSG00000130653	PNPLA7	down	-1.183321687947911	0.0830890922515026	0.03616523479332339	45.612443436770285	27.69478874074316	63.530098132797406
ENSG00000202356	RNA5SP277	down	-2.4387483652797313	0.0830890922515026	0.036015885133100334	13.590586925620096	3.888420990651376	23.29275286058882
ENSG00000010319	SEMA3G	down	-1.1435940517571277	0.08324319397422933	0.03643953444114923	82.2278623339232	51.0549659678627	113.40075869998367
ENSG00000132704	FCRL2	down	-1.2809623946827522	0.08326510776033233	0.03676577425345028	17.95825673573479	10.262799777187976	25.653713694281606
ENSG00000257108	NHLRC4	down	-1.696517237955088	0.08326510776033233	0.03672132760001592	47.28708492983711	22.03482906361148	72.53934079606275
ENSG00000250410	AC112722.1	down	-1.7353558547289196	0.08329279743135352	0.036836018993085716	27.162308547353376	12.278180689774759	42.046436404932
ENSG00000258096	AC025031.2	down	-1.5134478076414948	0.08329843442388397	0.0368682749714744	13.598628338221959	6.814624695511854	20.382631980932064
ENSG00000162104	ADCY9	down	-1.193406430801726	0.08329843442388397	0.036909662894510115	30.57357088783992	18.40740444994565	42.73973732573418
ENSG00000196735	HLA-DQA1	down	-2.4602188588335068	0.08329843442388397	0.03688344179673202	13.631827719148836	3.8462473702987734	23.417408067998895
ENSG00000248487	ABHD14A	down	-1.325471913248691	0.08330765763118586	0.03694123235199705	120.08686220975294	68.28594081196681	171.88778360753906
ENSG00000179627	ZBTB42	down	-1.1389460130624882	0.08341023281192912	0.03703732387057742	97.5193131251451	60.71996693242706	134.3186593178631
ENSG00000142694	EVA1B	down	-1.2438433576331707	0.08343574694483298	0.03710670363208723	34.74027643526504	20.42475264909446	49.05580022143562
ENSG00000236682	AC068282.1	down	-1.0559025366074306	0.08345472319026047	0.037144787694297444	53.743274047850974	34.73413422492039	72.75241387078155
ENSG00000163462	TRIM46	down	-1.3825430972563204	0.08346553423048264	0.037202477294369	40.615374042378605	22.29580406344157	58.93494402131564
ENSG00000105383	CD33	down	-1.0416690395826251	0.08348937411413875	0.037234352921781254	44.38824445359083	28.852075531988145	59.9244133751935
ENSG00000127507	ADGRE2	down	-1.1893255796864213	0.08363485840924521	0.038309020172905835	13.021879094491831	7.743889234114749	18.299868954868916
ENSG00000181652	ATG9B	down	-1.623190413174842	0.08363485840924521	0.03741351249235161	35.81596955564644	17.299523488500384	54.332415622792496
ENSG00000213213	CCDC183	down	-1.5072942673261036	0.08363485840924521	0.0380821986837145	41.92299421279911	21.57941766747463	62.266570758123585
ENSG00000237517	DGCR5	down	-1.8830435076855592	0.08363485840924521	0.03745163254029801	14.884552237462186	6.062642402336638	23.706462072587737
ENSG00000088340	FER1L4	down	-2.003631808772126	0.08363485840924521	0.03856153208772746	17.79042699833744	6.801447872067745	28.779406124607135
ENSG00000213888	LINC01521	down	-1.296435046380334	0.08363485840924521	0.03760953339950693	22.30183065851665	12.694694724726611	31.908966592306694
ENSG00000163898	LIPH	down	-1.6849082307430954	0.08363485840924521	0.03788713843752134	13.127215936475322	5.965751447334655	20.28868042561599
ENSG00000171236	LRG1	down	-1.5261885927286793	0.08363485840924521	0.03799868956160636	18.913238036805723	9.50620704743046	28.320269026180984
ENSG00000265195	MIR4312	down	-1.6719652876789588	0.08363485840924521	0.03784926197712348	24.3454130433538	11.36934656121855	37.32147952548905
ENSG00000125148	MT2A	down	-1.5602994001581163	0.08363485840924521	0.0382426192354679	26.674424919211106	13.262162563027033	40.08668727539518
ENSG00000177989	ODF3B	down	-2.3315087333157667	0.08363485840924521	0.03792244574922595	18.73660102215581	5.876793770047151	31.596408274264466
ENSG00000184363	PKP3	down	-1.0399895811979598	0.08363485840924521	0.03852283422501034	93.52906118884096	61.03305887119718	126.02506350648473
ENSG00000100918	REC8	down	-1.3551155196435851	0.08363485840924521	0.03827537329474457	54.15174048378219	30.218964206701482	78.08451676086291
ENSG00000252367	RF00019	down	-1.5701197459189504	0.08363485840924521	0.038025941901137214	14.763784320039624	7.190932396673129	22.33663624340612
ENSG00000201492	RNA5SP78	down	-1.2244338845896314	0.08363485840924521	0.03742555941282403	9.474412902287591	5.478721481424498	13.470104323150684
ENSG00000186854	TRABD2A	down	-1.1235345298662662	0.08363485840924521	0.03762657459379035	100.36775053432906	62.96276219331772	137.77273887534042
ENSG00000240305	AC091152.1	down	-1.0158310482071529	0.08368187892318003	0.038688845376061064	10.248905119333292	6.613610576060773	13.88419966260581
ENSG00000218537	MIF-AS1	down	-1.0698354414922486	0.0836978998898302	0.0387085646306616	20.867656941290985	13.289170696218044	28.446143186363926
ENSG00000138613	APH1B	down	-1.3001610403537873	0.08372744898143845	0.038758209909766576	24.226418854210095	13.782145276125194	34.670692432295
ENSG00000274276	CBSL	down	-1.2725858445098466	0.08380265839885839	0.038921525439106146	27.478683747064977	15.881240320269848	39.0761271738601
ENSG00000266405	CBX3P2	down	-1.3356786661769828	0.08380265839885839	0.038950064731894246	20.68981185250964	11.526198396599542	29.85342530841973
ENSG00000226976	COX6A1P2	down	-1.2356283941383364	0.08380265839885839	0.03896395104946468	32.472604492661205	19.156743593100593	45.788465392221816
ENSG00000283156	AC068620.3	down	-1.1198527923493957	0.08384512854705843	0.03910571685806459	25.361201151475385	15.79951485242946	34.92288745052131
ENSG00000243199	AC115223.1	down	-1.2304011100923962	0.08384512854705843	0.039130374065269174	94.87802954372995	56.504690652378706	133.2513684350812
ENSG00000160678	S100A1	down	-1.373420780099039	0.08394917456916035	0.03935733440629602	20.027147282718932	10.933056602522804	29.121237962915057
ENSG00000207554	MIR647	down	-1.0785454290522234	0.0839638103903853	0.03943098016233217	36.55659652815782	23.316014943049453	49.79717811326619
ENSG00000197191	CYSRT1	down	-1.890743317863283	0.08403540811733753	0.0395276370547775	11.148136436888459	4.447955551237322	17.848317322539597
ENSG00000256196	AP003721.1	down	-1.6359732983228938	0.0841557574653294	0.03975747927284821	22.965740399128293	10.924490215660995	35.0069905825956
ENSG00000131386	GALNT15	down	-1.355709212713544	0.0841557574653294	0.0397437228540353	16.438090963139803	9.017842904105608	23.858339022174004
ENSG00000183486	MX2	down	-1.4123366783296092	0.0841557574653294	0.039756524400175325	14.573914096357624	7.733334183535455	21.41449400917979
ENSG00000240445	FOXO3B	down	-1.2734466990158386	0.0842630813601365	0.03990117083314138	41.57711596018529	24.125336343738866	59.028895576631705
ENSG00000269313	MAGIX	down	-1.0460754810068813	0.08429870749938434	0.03993595745723009	49.291124265200835	31.991136002329124	66.59111252807254
ENSG00000215458	AATBC	down	-1.3608887178416031	0.08446907199507013	0.040176714225851284	74.31477312133025	41.431437555383575	107.1981086872769
ENSG00000124302	CHST8	down	-1.0177890976076145	0.08446907199507013	0.04017566481675357	112.32071897321265	74.0968077104825	150.5446302359428
ENSG00000266714	MYO15B	down	-1.1922896976803654	0.08446907199507013	0.04016276613794147	15.061237164714315	8.973680620035521	21.148793709393114
ENSG00000168913	ENHO	down	-2.247671904470219	0.08457902527028188	0.04029909391837243	11.11077461979725	3.5391214226811107	18.68242781691339
ENSG00000130751	NPAS1	down	-1.4384291650739724	0.0846061010159038	0.04041003024054533	12.996191587214318	6.775072848024068	19.217310326404565
ENSG00000204323	SMIM5	down	-1.0077672849851502	0.0846061010159038	0.040432175115466686	52.71306010009665	34.84815795364599	70.5779622465473
ENSG00000074276	CDHR2	down	-1.2729965905024025	0.08461548713772775	0.04045172332231079	35.86868968257149	20.78921770422632	50.948161660916675
ENSG00000063180	CA11	down	-1.064646250859467	0.08461655844159234	0.040473239880458915	44.50447445185885	28.613498228766762	60.39545067495095
ENSG00000260803	Z84723.1	down	-1.5810056209912453	0.08475448897760988	0.04068215316034619	9.265109370522795	4.39260510744061	14.13761363360498
ENSG00000273366	Z83851.2	down	-1.0457599970047742	0.08480343002952381	0.04083002882040838	28.65016205181963	18.52470443783886	38.775619665800406
ENSG00000268218	AC137932.3	down	-1.253061302337934	0.08504439624975738	0.04114972443144094	29.12481824961496	17.011518978323824	41.238117520906094
ENSG00000272221	AL645933.2	down	-1.0899556825304453	0.08504439624975738	0.04114634251402467	22.62769842428599	14.284340729196943	30.971056119375035
ENSG00000123358	NR4A1	down	-1.5825398432368651	0.08504439624975738	0.04115464826584483	86.82756212029732	43.21879621532827	130.43632802526636
ENSG00000105427	CNFN	down	-1.1014786467901438	0.08528174120455777	0.041430337693643945	14.04949348928528	8.750268803975734	19.348718174594826
ENSG00000260992	DOCK9-DT	down	-1.8492405243875132	0.08530171844647469	0.041471469594932274	12.268313443634314	5.047696445613845	19.488930441654784
ENSG00000233621	LINC01137	down	-1.0526009256928524	0.08539961933761854	0.041549586863806116	31.88497558489642	20.568427661031347	43.201523508761504
ENSG00000279198	AC008894.3	down	-1.0505840196005642	0.08556900499255563	0.04176371305183995	54.65908153666274	35.418247564811224	73.89991550851424
ENSG00000259364	AC013356.3	down	-1.8560798697764862	0.08556900499255563	0.04169554489995217	7.911235424631292	3.141049134058459	12.681421715204126
ENSG00000280649	AC245100.8	down	-1.2172076612652436	0.08558552680481465	0.041797111515772666	25.48335112287272	15.12925802709463	35.83744421865081
ENSG00000158220	ESYT3	down	-1.0389590988453896	0.08563846800464271	0.0418711070863853	18.601312263503775	12.005996153062583	25.196628373944964
ENSG00000257270	AL928654.2	down	-1.4649342992929486	0.08572450131295	0.041944899342169356	27.864620665273602	14.585522062817612	41.14371926772959
ENSG00000169436	COL22A1	down	-1.390385792959177	0.08572450131295	0.04195527395198714	13.45855553177629	7.208741033854996	19.70837002969758
ENSG00000105613	MAST1	down	-2.344391942770517	0.08572450131295	0.041940361696970685	13.02570641197483	3.9503705347478717	22.101042289201786
ENSG00000278041	AL133325.3	down	-1.5987649614383936	0.085794589599191	0.042052378889478784	16.761163348310387	8.068802441758821	25.45352425486195
ENSG00000173818	ENDOV	down	-1.1666980193255638	0.08590322485821784	0.042157447388674524	99.91289793352439	61.38828167600898	138.43751419103978
ENSG00000237886	NALT1	down	-1.5696980001228678	0.08590322485821784	0.04217169416390983	13.22521078485965	6.417206893191993	20.03321467652731
ENSG00000260367	AC109460.1	down	-1.2571632499971213	0.08590555601162596	0.04220445507505011	28.21675530046745	16.440774880855795	39.992735720079104
ENSG00000040608	RTN4R	down	-1.8596063762303716	0.08590555601162596	0.04221522963771238	21.186245163904108	8.869557455586424	33.502932872221784
ENSG00000084636	COL16A1	down	-1.0005095529688897	0.08590733344926538	0.042275767262479474	36.16986673899981	23.94082188886407	48.39891158913554
ENSG00000181333	HEPHL1	down	-1.397421733178209	0.08590733344926538	0.04228093210786738	17.213331088807656	9.247853820465183	25.17880835715013
ENSG00000263961	RHEX	down	-1.0396915012740957	0.08594977642991887	0.042488936900705855	54.7921383836483	35.68846481496138	73.89581195233522
ENSG00000205277	MUC12	down	-2.2008407594790214	0.08596848971640582	0.04251609747695533	18.89631408426227	6.430383716636103	31.36224445188844
ENSG00000258102	MAP1LC3B2	down	-1.213678204033983	0.08601875575514019	0.04256354231558375	17.594266891626503	10.402518838845351	24.786014944407654
ENSG00000221949	LINC01465	down	-1.4837621397836782	0.08602872278571508	0.04258335822331002	9.657574167483249	4.850638276442273	14.46451005852422
ENSG00000117425	PTCH2	down	-1.1042949385163596	0.08603595063064999	0.04259775354473541	40.98291945299281	25.83888143640219	56.12695746958344
ENSG00000262663	AC087222.1	down	-1.4151274752317373	0.08604983443941334	0.04269053716597447	26.52488624694182	14.240178445126856	38.80959404875677
ENSG00000143382	ADAMTSL4	down	-1.1781161861112952	0.08604983443941334	0.042714898193311784	15.908027233871515	9.55760154094766	22.25845292679537
ENSG00000196366	C9orf163	down	-1.7341697294918332	0.08604983443941334	0.04271255493302338	8.549228636708152	3.682796434617995	13.41566083879831
ENSG00000280594	BTG3-AS1	down	-1.495685013337452	0.08613400816644112	0.04283759685465337	26.69820461277555	13.73997165577259	39.65643756977851
ENSG00000106624	AEBP1	down	-1.357458844372821	0.08622243941843824	0.04303209782117307	15.97627600958315	8.750268803975734	23.202283215190565
ENSG00000072071	ADGRL1	down	-1.433594249683875	0.08633328521846922	0.04314875340798752	44.51413978456509	23.824155010118194	65.20412455901199
ENSG00000165511	C10orf25	down	-1.4656364470641559	0.08634085049820152	0.04316275777673398	28.831762075112792	15.094316616189147	42.56920753403644
ENSG00000207457	RNU6-476P	down	-1.303759461776751	0.08650074876559602	0.04333487277570739	18.896914930702298	10.683924248722127	27.109905612682464
ENSG00000284707	AC079781.5	down	-1.00410141055982	0.0865053227698471	0.043353710616178646	22.948744757632355	15.102883003050955	30.79460651221375
ENSG00000109072	VTN	down	-1.5165439551281414	0.08651109136569231	0.04344761044669752	9.905892751395463	4.89019012393006	14.921595378860864
ENSG00000267795	SMIM22	down	-2.135105753515557	0.08669241552288921	0.04361566201607439	22.270386612964813	7.94490335356583	36.5958698723638
ENSG00000254703	SENCR	down	-1.107046175334061	0.0868540059152812	0.04378986430158484	28.720756016036066	18.029086707911436	39.4124253241607
ENSG00000272989	LINC02012	down	-1.0017857760002031	0.08699201256328648	0.0439602255581375	100.29060744034128	66.63830121367948	133.94291366700307
ENSG00000224888	AC138028.2	down	-1.4036343556583417	0.08729549088808422	0.0442808457716598	43.282733336709235	23.51901772621802	63.04644894720045
ENSG00000166546	BEAN1	down	-1.2938414704149035	0.08731190692196292	0.04430468025742373	24.65345121027181	14.074105736581265	35.23279668396236
ENSG00000238199	UBE2V2P3	down	-1.1883569002038052	0.08749966833559912	0.04445943286245135	22.434234204538637	13.488850638254428	31.379617770822843
ENSG00000149926	FAM57B	down	-1.323504455693483	0.0875381701596288	0.044512778609972874	19.922860988147384	11.161100232320353	28.684621743974414
ENSG00000147234	FRMPD3	down	-1.1514037860171762	0.08759619896968271	0.04458895972656041	54.845479300366655	33.862208793831684	75.82874980690161
ENSG00000132622	HSPA12B	down	-2.1887931572858506	0.08769529145072041	0.04472453453751699	13.443973823656371	4.516504195633601	22.37144345167914
ENSG00000163888	CAMK2N2	down	-1.3875638969283761	0.08774332722224268	0.04478852449885598	34.92495674943597	19.091471207871923	50.758442291000016
ENSG00000196275	GTF2IRD2	down	-1.1868973694237093	0.08779295454802494	0.04485360582614105	74.88581983413603	45.51429494234171	104.25734472593035
ENSG00000275464	FP565260.1	down	-1.1017273218974002	0.08783655266899028	0.044898513749574445	628.932911969792	399.6334540088264	858.2323699307577
ENSG00000169126	ARMC4	down	-1.1365229263160719	0.08789606266935293	0.044975766363816075	42.32763534296485	26.279781831680236	58.375488854249454
ENSG00000285533	AP001362.2	down	-1.1940575187347435	0.08797343371747665	0.04503618976703692	22.365181451718414	13.408459347828733	31.3219035556081
ENSG00000260077	AC104794.2	down	-1.0691544100485793	0.08834774320409819	0.045421657480891255	27.983951422702862	17.887400359692034	38.0805024857137
ENSG00000265458	AC132938.3	down	-1.2761282984761773	0.08836032536380255	0.04544349928573517	26.960133968298205	15.549728012325993	38.37053992427041
ENSG00000249992	TMEM158	down	-1.39010944971009	0.08842419344079723	0.045481597925148956	22.21837128277201	12.048169773415188	32.38857279212884
ENSG00000139970	RTN1	down	-1.724197838351211	0.08883225980020422	0.04589291300459388	16.620919545863355	7.45588472393819	25.78595436778852
ENSG00000285850	AC009152.3	down	-1.1697638555716308	0.08887321743483677	0.04595457232110972	34.75087259663025	21.194522202296085	48.30722299096441
ENSG00000252874	RF00019	down	-1.1553172047845692	0.08899208542180526	0.046031842420834315	12.192443343774343	7.36559286923599	17.019293818312693
ENSG00000223356	AL590666.1	down	-1.402961489743367	0.08941854822919484	0.04641910737596894	22.167380802646406	11.939436172383786	32.395325432909026
ENSG00000169627	BOLA2B	down	-5.4443996767247445	0.08941854822919484	0.046416696151231875	161.86792863073387	6.790238335185662	316.94561892628207
ENSG00000129535	NRL	down	-1.2286011750122081	0.08942511446147974	0.046431275319550214	21.397807023319917	12.59913794713932	30.19647609950051
ENSG00000153071	DAB2	down	-1.1374314177375353	0.08945086047881876	0.04647568240850828	22.23044919853089	13.707018908584589	30.753879488477196
ENSG00000107147	KCNT1	down	-1.6887517855842507	0.08951816766773617	0.04654828981721985	23.95988315341633	11.081996537344779	36.837769769487885
ENSG00000141527	CARD14	down	-1.2327953105533322	0.08953237407480491	0.04659887358114125	31.05381683524858	18.33686714183189	43.77076652866526
ENSG00000235330	RPL12P25	down	-1.0286716261235254	0.0899609711777308	0.04705495117845312	14.556865085923272	9.405360142148966	19.70837002969758
ENSG00000228663	PSMD10P1	down	-1.2067339335506744	0.09002642755921014	0.04714781707351684	14.76027899297361	8.725882443649539	20.794675542297682
ENSG00000168490	PHYHIP	down	-1.08750277356241	0.09004057121674437	0.04716588562700576	41.22680952826599	26.20465546413963	56.24896359239236
ENSG00000205078	SYCE1L	down	-1.026941837411923	0.09021713477826919	0.04735934528861774	16.442662905558088	10.654927451813634	22.23039835930254
ENSG00000085514	PILRA	down	-1.493368291065879	0.09075296677114705	0.04788829511759124	21.337545081090326	10.946887912269704	31.728202249910947
ENSG00000157388	CACNA1D	down	-1.6711539626619356	0.09120352187822685	0.048258697058283534	21.192127748221548	9.8673706385856	32.5168848578575
ENSG00000180846	CSNK1G2-AS1	down	-1.4644338570927804	0.09120707055339619	0.048268308784370884	33.732169543345314	17.710772600567147	49.75356648612348
ENSG00000215388	ACTG1P3	down	-1.0558289995489556	0.09130208728114879	0.048351025441351954	20.084565603583055	12.871322483851499	27.297808723314613
ENSG00000166246	C16orf71	down	-2.1332351823005813	0.0917209159863411	0.04883569638950356	12.857514753466374	4.459165088119406	21.255864418813342
ENSG00000277957	SENP3-EIF4A1	down	-1.3589248976062576	0.0917209159863411	0.048844333627206096	15.476132399205497	8.462918780101964	22.489346018309032
ENSG00000270194	AC097359.2	down	-1.1802926463466232	0.09177630656973725	0.048948158678352144	12.713512171382675	7.590993349013264	17.836030993752086
ENSG00000139835	GRTP1	down	-1.04804510811698	0.09184142939339333	0.048995507682426574	32.06072641100264	20.727922646432614	43.393530175572664
ENSG00000226744	AC005326.1	down	-1.6708778043775419	0.0921663335807169	0.04931868251387528	8.639386108849234	3.8686450669074826	13.410127150790984
ENSG00000207031	SNORD59A	down	-1.527465061071714	0.0921862334939033	0.04938684665717429	11.179980850831429	5.5162846651948	16.843677036468055
ENSG00000279799	AC006077.2	down	-1.610946689157788	0.09227203462543267	0.049495992610510964	24.91170310951928	12.034992949971077	37.78841326906748
ENSG00000227473	TSSK5P	down	-1.154449078214763	0.09228527093468013	0.04951301781072914	54.44247068972243	33.56236163762571	75.32257974181915
ENSG00000205592	MUC19	down	-1.6818373509780398	0.09243370762666815	0.04972190323224835	21.413271310562937	9.914154695520502	32.91238792560537
ENSG00000227512	AL592301.1	down	-1.032173941096837	0.09297045421547916	0.050179687025317755	28.995893491568022	18.872669828394432	39.119117154741616
ENSG00000179846	NKPD1	down	-1.9959750146269823	0.09302707840253682	0.050222836300558474	16.26788746318849	6.222137387737906	26.313637538639075
ENSG00000222365	SNORD12B	down	-1.222187081951812	0.09309270376038686	0.05029481166754822	21.30007911333964	12.581350687112911	30.018807539566364
ENSG00000163794	UCN	down	-1.2327992735089919	0.09309270376038686	0.05028657748471474	43.131567059351624	25.54694235310158	60.71619176560167
ENSG00000160050	CCDC28B	down	-1.125250678999189	0.09321013427796464	0.05046513989532808	36.970018042757104	23.055719634331265	50.88431645118295
ENSG00000124334	IL9R	down	-1.5367477491055963	0.09327112809640604	0.050535926260904085	14.356141666740461	7.115806029132524	21.596477304348397
ENSG00000206140	TMEM191C	down	-1.3194067737576922	0.09337242137747104	0.05062486738351073	22.87296132168204	12.872656661266191	32.873265982097884
ENSG00000085563	ABCB1	down	-1.6095169576225434	0.09345083062002985	0.050687515581574194	14.376328557405486	6.843621492420347	21.909035622390622
ENSG00000163531	NFASC	down	-1.129945027676444	0.09364386202930637	0.05095498998942365	45.248097578740094	28.19565001640022	62.300545141079965
ENSG00000226706	AL161452.1	down	-1.031336681491129	0.09368446254799688	0.050985503901804	27.323363370524977	17.78128853152545	36.865438209524505
ENSG00000267493	CIRBP-AS1	down	-1.0804793703288833	0.09373780145038856	0.05102830408716611	56.42739747427094	36.05356297924057	76.8012319693013
ENSG00000188897	AC099489.1	down	-1.3560856678977065	0.09400907606655116	0.051277539812672315	50.615478571617466	28.217393226706136	73.0135639165288
ENSG00000229598	PRDX3P1	down	-1.320895755248918	0.0941228794399365	0.05139934524694057	39.89448688213474	22.594363624197424	57.194610140072065
ENSG00000176014	TUBB6	down	-1.0552022151547165	0.09436028955801659	0.05160179945813743	39.035609959062334	25.189076398269503	52.88214351985516
ENSG00000111077	TNS2	down	-1.4539767476495418	0.09445833933627408	0.0516889722624582	55.22084115931846	29.30025471867788	81.14142759995904
ENSG00000182327	GLTPD2	down	-1.1601278360255654	0.09470719084717237	0.05190925184199407	10.569468102787345	6.344047812213414	14.794888393361278
ENSG00000174567	GOLT1A	down	-1.1417646646586896	0.0947550232926183	0.05194107872040453	13.216838944897189	8.055625618314712	18.37805227147966
ENSG00000175344	CHRNA7	down	-1.0348098806384767	0.09521155099811893	0.052353615878250846	23.190937992065127	15.040933458954461	31.340942525175787
ENSG00000164050	PLXNB1	down	-1.2042863785550353	0.09549429315160733	0.052640303329265045	34.90634628613289	20.930904052445722	48.88178851982005
ENSG00000257702	LBX2-AS1	down	-1.073806919510583	0.09572312546289301	0.05286845287095666	35.460196318948206	22.6629122685937	48.25748036930272
ENSG00000268564	AC003956.1	down	-1.306756772542335	0.09582877239520027	0.05297218920454591	10.691615287528007	5.943353750725946	15.439876824330065
ENSG00000233297	RASA4DP	down	-1.002425832004669	0.09603088744653716	0.053147522044386525	16.59656695831514	10.88493836817321	22.308195548457075
ENSG00000161180	CCDC116	down	-1.600857651522576	0.09618647691396558	0.05328381176271244	8.438826755811379	3.9325832747214626	12.945070236901296
ENSG00000236519	LINC01424	down	-1.126059672506719	0.09621776887153276	0.05331149932418486	20.83350858862632	12.906263894756984	28.760753282495653
ENSG00000237310	GS1-124K5.4	down	-1.0035867047983882	0.09628782791094698	0.053385560854065386	15.532340022194688	10.170519258768294	20.894160785621082
ENSG00000166341	DCHS1	down	-1.2473468338430171	0.09680874522626856	0.05387497514220144	27.791515908282594	16.270091735727902	39.3129400808373
ENSG00000259191	AC027237.1	down	-1.1556303721848422	0.09683802606902049	0.053905853666554954	14.239738978797549	8.632947438927067	19.84653051866803
ENSG00000165886	UBTD1	down	-1.0626840858111473	0.09700412256818249	0.054023905097323584	40.2481800123368	25.884352693077858	54.61200733159575
ENSG00000105610	KLF1	down	-1.8727464210391658	0.09703466656350852	0.05404914356451221	9.007980793258467	3.5786732701688972	14.437288316348036
ENSG00000123685	BATF3	down	-1.204281906218822	0.09708584723615368	0.054123942323622616	27.58388206445669	16.498768474672783	38.668995654240604
ENSG00000276832	AL354718.3	down	-1.6297432013490625	0.09759294163027776	0.05460027816032946	13.963768732418485	6.5648378554083875	21.362699609428585
ENSG00000271711	AC069236.1	down	-1.6263486267310374	0.098205287563412	0.055171456023233555	17.970629464872054	8.538045147642569	27.403213782101545
ENSG00000160323	ADAMTS13	down	-1.3109508046388243	0.09840768955549573	0.05537653716328144	15.565903579344168	8.730492880231841	22.401314278456496
ENSG00000186523	FAM86B1	down	-1.344400746669762	0.09874819075000192	0.0557669167938114	16.26484793743265	8.973680620035521	23.556015254829777
ENSG00000244476	ERVFRD-1	down	-1.1805106995902612	0.09957010668433203	0.05642578323800762	11.393045464933502	6.781671948323852	16.00441898154315
ENSG00000188305	PEAK3	down	-1.8697440926782873	0.09957010668433203	0.056431509756030465	21.03923895110619	8.754879240558033	33.323598661654344
