gene_name	MM1S monoculture-1	MM1S monoculture-2	MM1S monoculture-3	MM1S cocultured-1	MM1S cocultured-2	MM1S cocultured-3
FP236383.3 (ENSG00000281181)	-0.9123216621039686	-0.9123216621039686	-0.9123216621039686	0.8840327826954484	0.9755309471041576	0.8774012565123004
FOSB (ENSG00000125740)	1.1171293074155608	0.8492844414155141	0.7504492665886531	-0.8394531099161618	-0.9552646322466759	-0.9221452732568919
FOS (ENSG00000170345)	0.9156327744475664	0.9329233739753643	0.8854441049152517	-0.8397341675730857	-0.8839513062447777	-1.0103147795203198
DMBT1 (ENSG00000187908)	-0.8733249725626908	-0.8863526887653668	-0.9770638972699724	0.9138632330197436	0.926268870668052	0.896609454910234
MT-ATP8 (ENSG00000228253)	-0.8412507763997468	-0.9431941385986966	-0.9509134506205839	0.9244530421597202	0.9509668634899181	0.85993845996939
LINC01324 (ENSG00000241767)	0.8241425775578864	0.996792609705125	0.9030760552748012	-1.0392239213966052	-0.9211547738841318	-0.7636325472570762
ZNF718 (ENSG00000250312)	-0.5090142773336386	-0.8374004111851737	-1.3032149174362766	0.8956232255749128	0.8559586850571184	0.8980476953230558
ZNF528 (ENSG00000167555)	-0.46834919618751925	-1.2885392136528653	-0.8856192079935351	0.8570408274182545	0.8313756978835082	0.9540910925321577
LINC01323 (ENSG00000241636)	0.7692665037378823	0.9363187730885	0.9514841378675785	-1.3117298550946241	-0.6901291428650558	-0.6552104167342808
ZNF528-AS1 (ENSG00000269834)	-0.9126958884407513	-0.9126958884407513	-0.9126958884407513	0.8859454732816248	0.905529500740171	0.9466126913004583
MIR138-1 (ENSG00000207954)	-1.087460275080292	-0.4919954713847422	-1.087460275080292	0.9740026350596711	0.9210950084942819	0.7718183779913725
AC090527.3 (ENSG00000275709)	-0.9127456649815865	-0.9127456649815865	-0.9127456649815865	0.884472034873783	0.9175816976834719	0.9361832623875047
NR2F2-AS1 (ENSG00000247809)	-0.9048121597994832	-0.9048121597994832	-0.9048121597994832	0.9603200505495278	0.6730140476728855	1.0811023811760359
ZNF737 (ENSG00000237440)	-1.0640321142878155	-1.0062533544041856	-0.6369045229198965	0.9527881982368888	0.9151106460963425	0.8392911472786675
SOX6 (ENSG00000110693)	0.9200362265206937	0.9152058607228438	0.8993746831762701	-0.9557235156515552	-0.9650068991886258	-0.8138863555796282
AC243960.3 (ENSG00000268355)	-1.1158555447376837	-0.4127140876056271	-1.1158555447376837	0.8160529089738517	0.8826824611575914	0.9456898069495515
ZNF492 (ENSG00000229676)	-1.0932275511499663	-1.0932275511499663	-0.4708544840062613	0.8464311285307775	0.7791121772695487	1.031766280505867
AC011503.2 (ENSG00000269397)	-1.1516527264654144	-1.1516527264654144	-0.2697235680521693	0.8401540776115011	0.6829238028799262	1.0499511404915707
ZNF486 (ENSG00000256229)	-0.6499648314051547	-0.36807591977393456	-1.5045955401425204	0.7658113201505791	0.7225694105605751	1.034255560610456
RNU1-11P (ENSG00000206702)	-1.3318452800206961	-0.5910562245836043	-0.7113819301769947	1.0739568658130518	0.7736984432592114	0.7866281257090308
TPO (ENSG00000115705)	1.1480260340191135	0.5596262756017125	0.9777490775333418	-0.8230217174626773	-0.9563655552713152	-0.9060141144201753
FUCA2 (ENSG00000001036)	-1.3455016860982711	-0.40046278115858563	-0.8641516361391857	0.9577856708662215	0.8214006112101153	0.830929821319707
IGLC5 (ENSG00000254030)	0.8166331145874188	1.1603349300499193	0.7272795822760094	-1.0045492266349105	-0.8040717996975316	-0.8956266005809062
MCF2L (ENSG00000126217)	0.9891709600774422	0.7881651812479862	0.8455163585801307	-0.8384554416582427	-0.45038715093493564	-1.3340099073123812
SOHLH1 (ENSG00000165643)	0.8981050404010186	1.0180873471247063	0.8096582306688692	-0.9537197645918174	-0.9898772012359256	-0.7822536523668507
RN7SL5P (ENSG00000265735)	0.619949823367696	0.8846981344674574	1.1019283325469844	-1.1596599987938008	-0.3864635708585507	-1.060452720729786
EPHB2 (ENSG00000133216)	0.8855010124686175	0.8725201504844194	0.8411888416633521	-0.37072574515629725	-0.8627572881149083	-1.3657269713451827
IGHA1 (ENSG00000211895)	1.0909056269311037	1.089059777166153	0.33506639692530776	-0.3235069793775416	-1.0430512313097644	-1.148473590335259
AL691447.3 (ENSG00000282886)	-1.1978133014213193	-0.12258576369442312	-1.1978133014213193	0.8591480621423345	0.8063293002771291	0.8527350041175985
AGPAT2 (ENSG00000169692)	0.9655815656094269	0.8637155379795846	0.8954208129644556	-0.890651805876634	-1.0665479188805167	-0.767518191796317
PTP4A1 (ENSG00000112245)	0.447770612941267	1.1913427468132065	1.0057247258009472	-1.0221234989592936	-0.7505956614335829	-0.8721189251625432
IGFBP4 (ENSG00000141753)	0.6799549773930524	0.9780705560699167	1.0582965092904617	-0.9357652675748739	-0.9002749788711253	-0.8802817963074326
SMPD5 (ENSG00000204791)	0.7454286932271673	1.0177522419428695	0.9535255467051232	-1.0500895372349537	-0.7708128211780143	-0.8958041234621928
AP000344.2 (ENSG00000248409)	0.8039073768018604	1.1317093310666444	0.6667250719788816	-1.0040365324902356	-0.38498755546586605	-1.2133176918912854
AC137630.3 (ENSG00000272434)	0.7821918635210382	0.7874593685487803	0.9826360259014838	-0.6614428047105783	-0.4081340753512003	-1.4827103779095245
ACOT11 (ENSG00000162390)	1.1431814355459742	0.6826722514069433	0.8685903495978442	-1.0620792775800796	-0.8946867173839085	-0.7376780415867739
AC018738.1 (ENSG00000237039)	1.12457624795837	0.8736669524532684	0.6717177965812356	-0.9977222899444982	-0.5839402446080888	-1.0882984624402878
BANF1P3 (ENSG00000237758)	-0.9864218620499984	-0.6545881864421255	-1.0455347165997115	0.8914404882120491	1.1205740501046402	0.6745302267751466
ZNF826P (ENSG00000231205)	-0.7626393881417075	-0.3563512181866638	-1.4450886716960833	0.87896714425922	0.7693132804843782	0.9157988532808545
UTS2R (ENSG00000181408)	0.8569484747370277	0.9020853280732947	0.8642576374509777	-0.5968679506944325	-0.6288338847758127	-1.3975896047910563
ADTRP (ENSG00000111863)	-1.480240020427488	-0.5837319167922491	-0.5060487957438733	0.9371053369664936	0.8350101878012473	0.7979052081958687
ABCG1 (ENSG00000160179)	0.9852754261928521	0.9718267352445453	0.7636683238635138	-0.8484413526821968	-0.8158838468146145	-1.056445285804099
NPIPA7 (ENSG00000214967)	1.232685266937109	0.870744511506594	0.46694310096748065	-0.73912735644209	-0.5406455374575709	-1.2905999855115238
IGKV1D-17 (ENSG00000242766)	1.1101073970515536	0.6940885317908222	0.872087569337223	-1.1412690039083444	-0.9170670351169191	-0.6179474591543345
AL591845.1 (ENSG00000116883)	0.6767806837819274	0.8061212400083115	1.14431504774494	-1.0455445473924747	-0.4453855681706883	-1.1362868559720138
MT-TR (ENSG00000210174)	-0.9177191739978475	-0.7398122425058643	-1.0628781485442766	0.9907672739470663	0.8241493730582459	0.9054929180426768
NLGN2 (ENSG00000169992)	1.0637760089820067	0.7490784727093467	0.6839259693763956	-1.5399620920863937	-0.5500798908912045	-0.4067384680901506
NCMAP (ENSG00000184454)	-0.2469862520962167	-1.3879995522930284	-0.9112065101949629	0.7520370993459131	0.8374895932532777	0.9566656219850167
FAM221A (ENSG00000188732)	-0.7978769830636622	-0.8544548803320934	-1.0662940774809	0.8152692316248902	0.8510085569158353	1.0523481523359284
OXCT1-AS1 (ENSG00000248668)	1.0077854578998249	0.507767510254288	1.042401297672034	-1.3166439302877258	-0.8813880265218973	-0.3599223090165236
ADGRB1 (ENSG00000181790)	0.8146134251530318	0.6835425062538963	0.9330213392800043	-0.3247980456773671	-0.47235603052929614	-1.6340231944802692
AC060814.1 (ENSG00000258415)	0.9042436043011178	0.6823445764624456	1.0590025966972192	-1.1652285918951066	-0.4739395561613819	-1.0064226294042957
ARRDC2 (ENSG00000105643)	0.9311669452853119	0.9153204409235144	0.8054003390355763	-0.8227787473127667	-0.529416714453651	-1.2996922634779815
CACNA1C (ENSG00000151067)	0.9465619732468791	0.7671143003083786	0.9025319203059793	-0.65163075226432	-0.5660031730179326	-1.3985742685789813
MIR548I2 (ENSG00000221275)	-0.6937524185556058	-0.367763086566632	-1.479624633040471	0.722504689385227	0.8133011496518688	1.0053342991256131
ANXA3 (ENSG00000138772)	1.1940024791924584	0.08594857842101286	1.2073352608564802	-0.6695397378730086	-0.8420611910375966	-0.9756853895593463
AC091057.5 (ENSG00000284783)	-1.0694054448549906	-1.3001245407730493	-0.1531696200862899	0.739829814101176	0.8369980529497226	0.9458717386634309
EPHB4 (ENSG00000196411)	1.1520077447130568	0.5317063174245521	0.6188298729568166	-0.4253980015461637	-0.20904769345237859	-1.668098240095882
ZNF331 (ENSG00000130844)	0.10799105191498533	-1.241263639019479	-1.241263639019479	0.6578760635394361	0.8409358621087202	0.875724300475816
ADM5 (ENSG00000224420)	0.999939811639834	0.8599874922119024	0.7825176455208034	-1.2925811415706465	-0.4927563519811489	-0.8571074558207443
CCR2 (ENSG00000121807)	-0.9250026632476456	-0.8095322477412773	-0.9955907835953968	0.8210481350580289	0.9811658359835048	0.9279117235427871
AACSP1 (ENSG00000250420)	-1.2883495634776756	-0.4863011380710054	-0.8722316632130932	0.9486308302880454	0.8709081195211906	0.8273434149525367
ISYNA1 (ENSG00000105655)	0.7393059851917478	0.9106570256647938	0.987248262127694	-1.3489080096120725	-0.6388675428539269	-0.6494357205182361
SALRNA1 (ENSG00000258952)	0.7192626107497695	0.7755294630135829	1.1514098953717689	-0.6226178015733732	-0.7664645138097165	-1.2571196537520346
COL18A1 (ENSG00000182871)	0.7302256163158202	1.0357071273596838	0.9514520795689282	-0.995047299888162	-0.7731976451077756	-0.9491398782484928
SLC9A3-AS1 (ENSG00000225138)	0.8485497440835486	0.9259305163441284	0.9600987484040476	-0.8380743266973412	-0.9550649133933413	-0.9414397687410432
AC092053.3 (ENSG00000284669)	1.1827572381050784	0.7491729375725592	0.6624487025508813	-1.352875706998897	-0.6257114814420239	-0.6157916897875982
VSIG1 (ENSG00000101842)	0.830324614403145	0.9315041206843266	0.960937027244104	-1.0693191175379815	-0.894083766330341	-0.7593628784632535
MT-TY (ENSG00000210144)	0.969971437887301	0.8482187239785585	0.8997424182809668	-0.8076766257691237	-0.7919355305355079	-1.1183204238421975
MT-TT (ENSG00000210195)	0.7086414413389667	1.0193161831227917	0.990503937996185	-0.8087299469013534	-0.9632986753748977	-0.9464329401816941
ZDHHC1 (ENSG00000159714)	0.7864630015912415	0.5110023986006504	1.2826124130169991	-0.518952502697386	-0.8282912770830951	-1.2328340334284102
ZNF85 (ENSG00000105750)	-1.0837531997559575	-0.771725891163659	-0.866345986335472	0.9835508224507066	0.8447253465835287	0.893548908220851
C7orf77 (ENSG00000275356)	-0.9954380598145334	-0.4284955807839611	-1.0591019174403684	1.0269978759675433	0.18531715882536176	1.2707205232459564
STPG3 (ENSG00000197768)	0.5923534843062043	0.8607208189074701	1.1924775893975066	-1.2014743170772286	-0.7168588438453318	-0.7272187316886205
C19orf57 (ENSG00000132016)	0.8560679692650297	1.0960657911000127	0.6980216244446436	-0.7715102257932882	-0.6086631019977766	-1.2699820570186204
FGFR3 (ENSG00000068078)	1.0726661546894911	0.5665548929296542	0.8652740753996855	-0.6917655744851601	-0.3327055417010125	-1.4800240068326596
IGHA2 (ENSG00000211890)	1.1056122654811822	0.8524472487600091	0.7441479631293457	-0.8353598528876116	-0.7648816733943451	-1.1019659510885802
ZNF311 (ENSG00000197935)	-0.684156904509144	-0.1668336692098091	-1.5632072701278503	0.5798672657878068	0.7725131084089911	1.0618174696500067
SNORA75 (ENSG00000206885)	0.4563335146240595	1.1592910456387755	0.9161769880563704	-0.41165584173702496	-0.7506748241418142	-1.369470882440369
EGR1 (ENSG00000120738)	0.507944771361933	1.1273367555340543	0.950534870271094	-1.3038290383160576	-0.7924391382277731	-0.48954822062324876
DISP3 (ENSG00000204624)	0.902920917211111	0.8182448897016573	1.0056023321304701	-0.8979520642185354	-1.0270380510645571	-0.8017780237601403
SLC37A1 (ENSG00000160190)	0.8858374109777218	0.8657236273748034	0.9763128554163938	-0.7628322729549387	-0.9857245768447082	-0.9793170439692702
SSPO (ENSG00000197558)	0.6376200004398992	1.0933256548809551	0.9575558076760367	-0.6997557751541098	-1.0779006006429888	-0.9108450871997945
HNRNPA3P10 (ENSG00000257851)	-0.4246477069319517	-1.1985822749689237	-0.9742360925295533	1.0833947033194167	0.518300738856302	0.9957706322547109
SERPINB10 (ENSG00000242550)	0.6878742382242232	1.1732186430948321	0.8060816361224638	-1.1772063344756605	-0.6959835979477538	-0.793984585018107
AC009302.1 (ENSG00000233868)	-0.7881005454580072	-0.6570559459408971	-1.2005468365570384	0.6361034358265201	0.8023291295357723	1.2072707625936518
LRRC3 (ENSG00000160233)	1.0852384677010032	0.8435188758577326	0.7418196155950052	-0.5409370981715722	-1.073219909413893	-1.0564199515682757
AL353692.1 (ENSG00000217653)	1.0882438319038394	0.697220788369551	0.8836306697209503	-0.636801853655427	-0.8184342152706875	-1.213859221068226
C9orf116 (ENSG00000160345)	0.8923109289478525	0.7486522991019386	1.0074544616997358	-0.809420718393119	-0.5438526291604948	-1.2951443421959121
B3GNT8 (ENSG00000177191)	0.9522382137572587	0.6882646045618332	0.8529982412318238	-0.9532843940128758	-1.4013940820751833	-0.13882258346285667
KLF2 (ENSG00000127528)	0.81832135385577	0.926657203886393	0.9877546848639509	-0.8460542908934997	-0.9290098861653153	-0.9576690655472978
SIX5 (ENSG00000177045)	0.6489845869631234	0.8573309716177683	1.162614301724209	-0.6409169802059479	-1.1256708927084933	-0.9023419873906569
PFN1P1 (ENSG00000233328)	0.8285532954868924	0.8130794439239923	1.0674271761221312	-0.8699293281523105	-1.0998744495627262	-0.7392561378179784
AC024257.3 (ENSG00000269514)	-0.5794692668547288	-0.6397865356700995	-1.4013340883864938	0.8483917084459331	0.9088986564200509	0.8632995260453382
Z74021.1 (ENSG00000232346)	0.8441301092741078	0.9564143222385368	0.9305999972479088	-0.8909366811903753	-0.8207328494447013	-1.0194748981254698
ANPEP (ENSG00000166825)	1.1024222021209875	0.5036283493186761	0.7800952382165836	-0.2194055815438819	-0.5700695978188256	-1.596670610293539
ZNF529 (ENSG00000186020)	-1.237128846499332	-0.5300118056778894	-0.8893879580500514	0.8817715761949316	0.7370681954013164	1.0376888386310261
SHISA8 (ENSG00000234965)	1.006606839976398	0.8805657741785259	0.7896373078803856	-1.1651834211507395	-0.5464573751381626	-0.9651691257464099
HAVCR2 (ENSG00000135077)	-0.7651781265711026	-0.5577314199943211	-1.3247522547803419	0.8889257447440528	0.802868606216716	0.955867450384998
IL17C (ENSG00000124391)	0.8244149486628084	0.9223712729198579	0.8002703588415878	-0.20387063492849147	-1.0261365244506777	-1.317049421045085
CCDC78 (ENSG00000162004)	0.9131443949181485	1.0011160781950474	0.7931741824496565	-0.7350503334433909	-0.8290939775284053	-1.143290344591059
TCEAL9 (ENSG00000185222)	-0.6850170430544165	-0.43131926582034935	-1.4565684824179794	0.8733494653142131	0.7599440498810722	0.9396112760974599
AC234782.1 (ENSG00000230312)	0.7267076468338582	0.8446055461192005	0.7356837543780679	-1.7478916496912802	-0.3337849964415158	-0.2253203011983312
GPT (ENSG00000167701)	0.7234048573432315	0.9670480513609464	0.9133109799865601	-0.8305394402225796	-0.41469681948479664	-1.3585276289833648
KLHL29 (ENSG00000119771)	0.7913602087029864	0.861856847913699	0.9400586293409545	-0.9642697027814818	-0.3192276838685826	-1.3097782993075762
SLC4A11 (ENSG00000088836)	0.974000416376186	0.8044442324421448	0.948255440865915	-0.7795134840084552	-0.9453517178507409	-1.0018348878250483
FAM69B (ENSG00000165716)	0.8944191322066175	1.0687603024700914	0.749158561864673	-0.95785873457905	-0.7359328985613479	-1.0185463634009841
LINC01234 (ENSG00000249550)	-0.6056802068454682	-0.5727386146559069	-1.4187080214322327	0.6952002271084634	0.9364076478828103	0.9655189679423324
NOXA1 (ENSG00000188747)	1.0176191993104922	0.6176080565009324	0.9775141889691293	-0.5381216736139891	-0.7324501382951877	-1.342169632871374
AL391839.2 (ENSG00000233825)	0.7700096080686974	1.01854851162813	0.6689617588039813	-0.47835584503518896	-0.383461216875794	-1.5957028165898248
TMEM52 (ENSG00000178821)	0.8960980891898022	0.7646057033318419	1.0050625547726943	-1.1212183478529547	-0.49632948616290107	-1.0482185132784818
SLC9A3 (ENSG00000066230)	0.7277080354858705	0.8436495325222723	1.139446315400162	-0.8263589664306701	-0.9112134942731599	-0.973231422704474
TMEM198 (ENSG00000188760)	0.9311095358961633	0.9557222871667864	0.8285826481682269	-0.954499059620759	-0.6912478502347464	-1.0696675613756705
HNRNPA3P5 (ENSG00000236565)	-1.2066778841648746	-0.9873121189335126	-0.4353695433230085	0.673530627278882	0.8963064389441645	1.0595224801983492
DUSP1 (ENSG00000120129)	1.022458355823586	0.9693751070123592	0.7301475416973461	-0.8522941761020899	-0.9961035115160172	-0.8735833169151916
LRFN4 (ENSG00000173621)	0.8879369666151189	0.9193962495903699	0.9117847976603048	-0.817564158299379	-1.1218942509383287	-0.7796596046280805
MXRA8 (ENSG00000162576)	0.7905895988407524	1.050449332020114	0.7606681723180606	-0.5481213343967811	-0.6500542703677433	-1.4035314984143996
FAM83H (ENSG00000180921)	0.844031990353619	0.9786393354872741	0.9090209742061243	-0.9525256996266495	-0.9718445130481776	-0.8073220873721936
LFNG (ENSG00000106003)	1.0548281818108463	0.5247395365860336	1.0766428826665257	-1.0820874828038394	-0.9336577948322227	-0.6404653234273456
FOXH1 (ENSG00000160973)	1.0368707569367668	1.0218753505728801	0.6249812607805895	-0.9051822680509887	-1.100343568721874	-0.6782015315173743
NRG2 (ENSG00000158458)	0.7350674114105316	1.327135385265645	0.474888043946242	-1.1661696957136494	-0.9797433986565673	-0.3911777462522042
RPS3AP6 (ENSG00000234797)	0.9816355532901746	0.9236109682727238	0.8097875450956575	-1.0805147939132975	-0.9273498386106481	-0.7071694341346151
GPR153 (ENSG00000158292)	0.8288950085456349	0.7001849842251658	1.1751877346573436	-0.8625238342563357	-0.9495964335838999	-0.8921474595879112
ZNF726 (ENSG00000213967)	-0.7333696278885987	-0.6834277876290527	-1.2634208974333854	0.8873971320778042	0.9427005494010643	0.8501206314721671
RHOBTB1 (ENSG00000072422)	-1.3846130029184662	-0.46677311991458875	-0.7616614930438714	0.9470383858639503	0.8421253371402044	0.8238838928727696
AL390719.1 (ENSG00000217801)	0.5011407244164509	0.7285895875082778	1.215614091526678	-0.6137558673970087	-0.33002852119641873	-1.5015600148579789
RHBDL1 (ENSG00000103269)	0.9118527956420042	0.9656675961825268	0.8397520841926454	-1.030009364167743	-0.6911859668119428	-0.9960771450374875
CFD (ENSG00000197766)	0.6207450127243366	0.6737510167415464	1.2515661475965076	-0.4496266810410212	-0.7362623601626054	-1.3601731358587623
MT-TG (ENSG00000210164)	-0.8934147018396923	-0.6488119211700494	-1.158061572007276	0.9766089259011369	0.8767820470917966	0.8468972220240817
SLC25A29 (ENSG00000197119)	0.8923400845314925	1.254479977876166	0.48762354398273317	-1.0407616144994887	-0.6569543379940901	-0.9367276538968125
NTNG2 (ENSG00000196358)	0.4248821427540281	0.8614764272328502	1.2588169121922739	-0.4498606776213148	-0.8295211864640807	-1.2657936180937612
NRTN (ENSG00000171119)	1.2060688929163939	0.7600348986149159	0.705886260830118	-0.6650642970969937	-0.9219663980974011	-1.0849593571670317
AC087752.1 (ENSG00000243979)	0.9483869022682647	0.6800879146375078	0.7605251794808408	-1.665829418100523	-0.2539547393739409	-0.4692158389121499
AC016571.1 (ENSG00000251405)	0.057318501496190624	-0.7583368883009773	-1.6151135185414887	0.682078951604613	0.737177082963366	0.8968758707782972
ARHGEF10L (ENSG00000074964)	0.7063918295871955	0.9538442994828816	1.0217495052350178	-0.7626850821374361	-0.7109800680793966	-1.2083204840882618
TRIM72 (ENSG00000177238)	-1.0611143514531889	-0.633964915015166	-1.0093512122725765	1.0017672001992808	0.8397924341082443	0.8628708444334042
AL445248.1 (ENSG00000203325)	-0.7140175994645762	-0.5781405939320049	-1.3310667193731938	1.102511984326273	0.8390238937247351	0.6816890347187671
LMNTD2 (ENSG00000185522)	0.7927565196310004	0.9959514269811993	0.8942333398703548	-0.9629954343407515	-1.1545043470007703	-0.5654415051410349
SNORA19 (ENSG00000207468)	1.0141515814887558	0.7708656850453737	0.7926765889236317	-1.446815448543425	-0.6554629864239777	-0.4754154204903593
GPR1-AS (ENSG00000279220)	-0.0107938775106526	-0.5892120382818772	-1.68984865250381	0.6735002447693695	0.6717569131079205	0.9445974104190503
PRSS27 (ENSG00000172382)	1.1054849265912938	0.8413280286999989	0.6821791660981175	-0.669734357495967	-1.3237307623876677	-0.6355270015057751
ABCA2 (ENSG00000107331)	0.8001764991902856	0.9968526700839181	0.9035175665903189	-0.9930928792638198	-0.6238078902695204	-1.0836459663311802
NRBP2 (ENSG00000185189)	0.8548369704526393	0.9084697142153562	0.9194708572753814	-0.8630836599237137	-0.5952411887063355	-1.2244526933133242
IL9RP3 (ENSG00000226942)	0.7468197942390801	0.8526027984987924	1.0911285983908054	-0.9046361413380051	-1.1292351306360324	-0.6566799191546434
DDIT4L (ENSG00000145358)	-0.324243064468075	-1.0193292009426989	-1.2576245578434588	0.8423448593734505	0.7848482117658065	0.9740037521149763
AC124864.2 (ENSG00000279864)	-0.44620463966122015	-0.3488835234093929	-1.6422981032070068	0.7782761267228908	0.828635877883302	0.8304742616714265
AC139149.1 (ENSG00000229848)	0.7681604907418963	1.1037557533093563	0.7730130223787813	-0.47669247953419336	-0.9940005187952448	-1.1742362681005951
AL022341.1 (ENSG00000228201)	0.5057685583692033	0.7307693032012341	1.3653058528984723	-0.6477326673236788	-0.8840993018891488	-1.0700117452560824
STAM-AS1 (ENSG00000260589)	-0.17031419241058704	-0.2302180824305073	-1.8117829131879601	0.7718490119307626	0.6869683439077583	0.7534978321905355
TGIF2P1 (ENSG00000225401)	0.9150758910916391	0.7963754102945079	0.8632563484965526	-1.389525441684618	-0.31863726693114997	-0.8665449412669313
GAA (ENSG00000171298)	0.8980057279900768	0.8362332133059744	0.9768501142342826	-1.0433534905484498	-0.6595030552822922	-1.0082325096995899
ANP32C (ENSG00000248546)	-0.6182961905524759	-0.7377987959318711	-1.2632428268390128	0.65623205589094	0.7365552263819974	1.2265505310504219
ZNF221 (ENSG00000159905)	-1.216433413313695	-0.9449315269494403	-0.5008251324113329	0.9610605558604015	0.9053832706881618	0.7957462461259035
IL11 (ENSG00000095752)	1.0413166874433852	0.7026915307401218	0.6615366025474809	-0.7941361550309434	-0.07931520989523647	-1.5320934558048083
SDC2 (ENSG00000169439)	-1.0472235392460525	-1.015041442242662	-0.6473450834056624	0.841058724205475	0.9547236337165668	0.9138277069723371
PVALB (ENSG00000100362)	0.08397622926398306	-0.635910362936895	-1.6924826985580494	0.9210142797384813	0.6544951380386967	0.6689074144537831
MAPK11 (ENSG00000185386)	0.8764002200145132	0.9968094301491465	0.7994046218938533	-0.5579097894946914	-0.8961148273240276	-1.218589655238797
AL355001.2 (ENSG00000275964)	1.4047706811818212	0.45305989346164305	0.6828453656704154	-0.5560290273890084	-1.1878973670699697	-0.7967495458549009
SKOR1 (ENSG00000188779)	0.5306292670597728	0.9720470716343507	1.0093520610185776	-0.8546490898771029	-0.25821295371917985	-1.3991663561164192
DISP2 (ENSG00000140323)	0.6352590665003448	1.0873421994864667	0.9849488749481677	-0.888051096643427	-0.903213581323928	-0.9162854629676234
MAPK10 (ENSG00000109339)	-0.10046008844542258	-1.0990231383318296	-1.2693959352665964	0.664400547936578	0.6773057067559463	1.1271729073513261
SIX2 (ENSG00000170577)	0.9834323177905289	0.5437401387920002	1.136688041071165	-0.9306138688156801	-0.6703661819930264	-1.06288044684499
PMS2P10 (ENSG00000276840)	0.8890483829762883	0.5902220157157001	0.850282331382394	-1.305325417840989	0.16236972462981636	-1.186597036863209
LARGE2 (ENSG00000165905)	0.8973062328760361	0.8973603088062188	0.9250174063903529	-0.7012086809020784	-0.958670933901162	-1.059804333269368
LZTS3 (ENSG00000088899)	0.8752090084030681	0.6491365558413256	0.9912561337645799	-0.41438259541369654	-0.5758630890584587	-1.5253560135368183
MROH6 (ENSG00000204839)	0.8912963346728295	0.7936936124342464	1.039210722984057	-0.8201536945799208	-1.02390130563089	-0.8801456698803175
BAIAP2 (ENSG00000175866)	-0.42652501248731417	-0.8289054648578248	-1.3565274368874192	0.9159564822999956	0.9305802261281589	0.7654212058043989
IGLV2-11 (ENSG00000211668)	-0.28949241312390883	-1.0209951516959554	-1.2507185719237495	0.7474377605641308	0.6767483264008706	1.1370200497786145
CCDC169 (ENSG00000242715)	-1.5454544419105156	-0.36761662028094455	-0.5949893675129766	0.8409525524672302	0.7204373873441233	0.946670489893081
ADAMTSL5 (ENSG00000185761)	1.0309468925059093	0.8070122672644271	0.7527849959371574	-0.7479204740380092	-0.44088616053094265	-1.4019375211385405
METRN (ENSG00000103260)	0.7296821172249626	0.9760874381191107	0.9690239864434098	-0.5427161560800569	-1.1308153061206425	-1.001262079586785
Z93930.3 (ENSG00000272858)	0.8520206303824943	0.8076219599641117	0.8063339227658138	-0.5943562953197467	-0.2774436856288373	-1.5941765321638355
PTMAP5 (ENSG00000214182)	-0.5793267303519525	-0.7472473263604122	-1.322258555556584	0.7918578773335472	0.9851345386899125	0.8718401962454876
ZNF358 (ENSG00000198816)	0.9348299340008003	0.962185073554714	0.7980332753742808	-0.6779995119934846	-0.8220980465448158	-1.1949507243914956
NBPF20 (ENSG00000162825)	-0.6537224950193239	-0.8692782099145467	-1.1635036043910498	0.950060569889937	1.031053284486628	0.7053904549483585
RNF208 (ENSG00000212864)	1.0814077252022423	0.7908818828357242	0.8020400921305525	-0.7307699485051565	-0.708096450007031	-1.235463301656329
GRID2IP (ENSG00000215045)	0.6153277424544216	0.6621534002893298	1.352661210898775	-1.0321325343026868	-0.7244494515809142	-0.873560367758925
AL590867.2 (ENSG00000218426)	-1.118833340254402	-0.7217408828589559	-0.8636333118516714	0.8488289559624703	0.7867741994396678	1.0686043795628941
PLD4 (ENSG00000166428)	0.9773917950153608	0.6614205324738742	1.0108960831808609	-0.737271989531312	-0.6298436188257212	-1.2825928023130657
CRABP2 (ENSG00000143320)	0.9864671484202701	0.677811833324726	0.892414283235065	-0.6305803226222891	-0.45390847985754956	-1.4722044625002257
LRRN2 (ENSG00000170382)	0.9431939220280987	0.9837490926687495	0.8015120289192841	-0.7994212334968296	-0.9809696671845551	-0.9480641429347428
FAM209A (ENSG00000124103)	0.8040121572483837	0.6048640778399377	0.9290684262453037	-0.6013560747548448	-0.07613374468597733	-1.6604548418928027
MST1P2 (ENSG00000186301)	0.8072198430969938	1.1353588154268384	0.767958038875367	-1.0020931569326974	-0.7993739124011631	-0.9090696280653371
ASIC1 (ENSG00000110881)	0.7351109560587302	0.8543759494791041	1.0650245078385827	-1.2892366934866548	-0.7077135909201122	-0.65756112896965
SPART (ENSG00000133104)	-0.885163246921028	-0.33974952758770965	-1.3464047124685057	0.9745983069261978	0.9767590087632232	0.6199601712878227
TBC1D10C (ENSG00000175463)	0.722203850955088	0.6224324619284677	1.2862555513126153	-1.0556699891325134	-0.5858127946684525	-0.9894090803952046
ELF3 (ENSG00000163435)	1.0197616961004705	0.6572499728915312	0.8889701561055197	-0.4403552086290957	-1.4401617226788888	-0.6854648937895372
CES3 (ENSG00000172828)	0.8152636397960955	1.1193513884780422	0.5916049026203523	-0.9747227818893589	-1.3136821683199662	-0.2378149806851673
AC007969.1 (ENSG00000233762)	1.0510181057955945	0.7994823602315894	0.8746829209680975	-0.9208545609181246	-0.8145735857080592	-0.9897552403690961
SNORD20 (ENSG00000207280)	0.790242014878989	1.0214285403691892	0.8648331924297802	-1.2535083170545442	-0.7276801965569247	-0.6953152340664909
SCART1 (ENSG00000214279)	0.6774802530621302	0.9179096475833013	0.9731062232461103	-0.9815528419365156	-1.3077119506962858	-0.2792313312587398
IER5L (ENSG00000188483)	0.9355639705412686	0.8141337013517608	0.9701072276536734	-0.805225881612311	-1.0980076880109946	-0.8165713299233995
HTR7 (ENSG00000148680)	0.9463118022537031	0.680832411722191	0.8264711386861646	-0.11041170919353714	-0.8550467285249032	-1.4881569149436198
AL449283.1 (ENSG00000229052)	-0.6017396184084691	-0.7314554629663236	-1.3018063437744436	0.6666715234311219	0.868903596775886	1.0994263049422284
GRIN2D (ENSG00000105464)	1.003972437332542	0.8300107654037261	0.8618477077714827	-0.5985488202202345	-1.0113366908932027	-1.0859453993943107
AMH (ENSG00000104899)	0.9450079147812576	0.8338228488859664	0.9395665431881426	-0.7758361111668788	-0.8294699182215858	-1.1130912774668948
IGHG2 (ENSG00000211893)	1.0049335952291054	0.8797872833489142	0.7953737351677542	-0.6073152198976662	-0.8541474919567135	-1.2186319018913965
ABCG2 (ENSG00000118777)	-1.45612019218963	-0.7520889985295315	-0.3337897518794126	0.7980003027744859	0.7218487044513513	1.0221499353727395
OPLAH (ENSG00000178814)	1.0260512064208098	0.3189205880900186	1.2210250470995045	-0.9296481158980459	-0.542908837238181	-1.093439888474108
RHPN1 (ENSG00000158106)	0.788525798082916	1.0252132297452499	0.9052206676217158	-0.8635918763380614	-0.7849347567588766	-1.0704330623529428
KLF4 (ENSG00000136826)	1.264044011581006	0.7620959925119716	0.651797485526092	-0.9262431068045218	-0.9228555659289576	-0.8288388168855904
APBA2 (ENSG00000034053)	0.9765139394444031	0.8097628909602079	0.9477667067084321	-0.8899478308512832	-0.9288016515493325	-0.9152940547124299
ARVCF (ENSG00000099889)	0.9872188890910304	0.9367983486982565	0.7220574400716852	-0.48743120609655194	-0.9075940846973927	-1.2510493870670252
SIGIRR (ENSG00000185187)	0.7444681128369013	0.6891266993604989	1.2452771249097931	-0.7563997272434904	-0.9669918477519888	-0.9554803621117156
ATP1B3-AS1 (ENSG00000244124)	-1.4093576989240646	-0.3705410211403867	-0.7967773692878765	0.7719226722822403	0.80984565501796	0.9949077620521277
TMEM184A (ENSG00000164855)	1.1568128459630211	0.9326091953933425	0.405908040600343	-0.37933836066404625	-0.7082425786761165	-1.407749142616548
RF00019 (ENSG00000199331)	-1.742796718961467	-0.07748122149675217	-0.45999067817172723	0.6865870965060727	0.7535245134205576	0.8401570087033161
DUSP8P5 (ENSG00000235316)	1.0026747120410087	1.030996215897245	0.6148159162786763	-0.6064488230277068	-0.7963505895976221	-1.245687431591602
CBX2 (ENSG00000173894)	1.0168255083823843	0.8110426351051419	0.8898465372557806	-1.0728025182260108	-0.9020664303590858	-0.742845732158203
FAM173A (ENSG00000103254)	0.9863570177959586	0.7892218128334405	0.9271099034685099	-0.7225339465539359	-0.8138187837075156	-1.166336003836452
AC074143.1 (ENSG00000265690)	0.5466463218765146	1.0987091842816354	1.0329475852505905	-0.7494485056535525	-1.015034328743576	-0.9138202570116124
AC131009.4 (ENSG00000279283)	1.0414421900069235	1.1441728179260682	0.46783336099437006	-0.7734391727776706	-0.8351875404394111	-1.0448216557102814
PLA2G16 (ENSG00000176485)	0.6239600493470155	1.0205005692032911	0.8949868714668808	-0.21394188631223512	-1.2589080352673767	-1.0665975684375766
ZNF788P (ENSG00000214189)	-0.7724182135623368	-1.1526168308426976	-0.7861098731596294	0.8453984498874079	0.9617897692392254	0.9039566984380282
LINC02240 (ENSG00000260192)	-0.20727050826248108	-0.12777142785923556	-1.8026311555198806	0.5720378337238309	0.5197585556051858	1.0458767023125823
ADRA1A (ENSG00000120907)	-0.6086114260746381	-0.87788367934717	-1.1462041879272884	0.5781182095766336	1.2511833265213201	0.8033977572511429
DUSP2 (ENSG00000158050)	0.7207871100113254	0.9962644399577413	1.0029153981478354	-0.8176651173072915	-0.996601108271429	-0.9057007225381849
MIRLET7BHG (ENSG00000197182)	1.0127082733572885	0.9737792418442603	0.31213539521206624	-1.6458932695378001	-0.268249463027159	-0.3844801778486576
AGRN (ENSG00000188157)	1.1332004043938237	0.6797426182792303	0.6904184317573648	-1.408719348202091	-0.8583824080775795	-0.23625969815075135
AC011379.2 (ENSG00000254363)	0.7399770783672216	0.9367181658655528	1.0028882804736006	-0.6052558896485805	-1.1975630653151135	-0.8767645697426794
TTYH2 (ENSG00000141540)	0.9855076032461335	0.9104766500305969	0.835634050085873	-0.9694812341204776	-0.9483937873863538	-0.8137432818557743
AC055811.2 (ENSG00000264187)	0.9892004964025771	0.6529616002990715	0.9946916160982694	-1.1794991313506265	-1.0048590482893685	-0.45249553315992513
LRRN4 (ENSG00000125872)	-1.7474364050564068	0.08377479905846409	-0.5435787304083275	0.6794825946261577	0.8512044169504678	0.6765533248296429
H6PD (ENSG00000049239)	0.9981393434869488	0.9683555959800955	0.7509805061740282	-0.7826181212640559	-0.8733382442770716	-1.0615190800999472
ZP3 (ENSG00000188372)	1.0441328963584129	0.6786718036698917	0.9766883708808398	-0.9116638542253492	-0.7122923812926477	-1.0755368353911499
AL117339.5 (ENSG00000283930)	-1.3231196304094583	-0.8488400411814973	-0.44045085804570216	0.7750482023085438	0.766730196383598	1.0706321309445186
STAC3 (ENSG00000185482)	0.7051893317487611	1.0299619910020517	0.8882066230313805	-0.7532408126961035	-0.5246109263744949	-1.3455062067115942
SSR4P1 (ENSG00000235374)	1.1668256354588211	1.2238220005885119	0.07261320964826432	-0.8234350597179747	-0.5822730737823864	-1.0575527121952333
FGL2 (ENSG00000127951)	-0.6270736502760451	-0.9146141798633622	-1.1577105887443704	0.8740640589181866	0.9179107428684731	0.9074236170971205
GOLGA8UP (ENSG00000103832)	-1.6466620531910592	0.02092666059584364	-0.6942530886354585	0.7280711555302882	0.8626325442779759	0.7292847814224113
F12 (ENSG00000131187)	1.2074666364170699	0.559535336288145	0.8196492954952752	-0.7779172542527775	-0.5067459935019963	-1.3019880204457153
SMO (ENSG00000128602)	1.0855355330896064	1.0906953570375246	0.4218925018264329	-0.501942801736733	-1.098438342851473	-0.997742247365357
PLEKHG5 (ENSG00000171680)	0.9732224652094447	0.8634170563536375	0.8912315560551302	-0.9806301376166431	-0.985411380834364	-0.7618295591672053
TCF3P1 (ENSG00000236567)	0.7795512481181855	0.5264045799722968	1.0188359135633345	-0.9212938669885002	0.08675785386494665	-1.4902557285302613
ADIRF-AS1 (ENSG00000272734)	0.387511745845524	1.3375124498643167	0.8726366159665723	-0.788296177103796	-0.7613481334594784	-1.0480165011131395
SLC27A1 (ENSG00000130304)	1.0629172853735311	0.48476834801499763	1.0782670835199024	-0.6957214286353225	-0.7144945452264075	-1.2157367430466974
AL512306.3 (ENSG00000240710)	0.7227771538050678	0.7767435280601734	1.1193238004264678	-0.5314651892612893	-1.3268375791143214	-0.7605417139160995
LINC01126 (ENSG00000279873)	0.6453877273166392	1.2087179043781957	0.6276944930511368	-0.16560534728321388	-1.2547179813507865	-1.061476796111972
FAM171A2 (ENSG00000161682)	0.7019748862054715	0.8284609964189305	1.1630895019142602	-0.7202509049547201	-1.0215585449614013	-0.9517159346225419
TUSC1 (ENSG00000198680)	1.1314172211554487	0.9699913254265404	0.57411493437077	-1.0021103531105646	-0.9867449496327446	-0.6866681782094483
ZNF681 (ENSG00000196172)	-0.6797340472883483	-1.0217504938824646	-0.9941973955125772	0.7227158476925679	0.8505725936388161	1.1223934953520087
SLC16A8 (ENSG00000100156)	0.523585852238362	0.6577953071188197	1.3942229037035996	-1.139652893805958	-0.6191851866776469	-0.8167659825771776
TNFRSF13C (ENSG00000159958)	1.1004443801176382	0.9864500211666816	0.518420986444383	-0.5618753466014106	-0.7537175048458098	-1.2897225362814848
AC022762.2 (ENSG00000267940)	-1.2035295540199669	-1.0294771913608207	-0.3863011988458517	0.8397105743419925	1.0539136762238335	0.7256836936608115
PLEKHN1 (ENSG00000187583)	0.9045902434779707	0.8512578994487555	0.8722621340604348	-0.49085643367283	-0.7759084428623108	-1.3613454004520193
AC245140.2 (ENSG00000280195)	0.9928032199211726	0.8930396413828928	0.7407255991873674	-0.8310525623893021	-0.47022986779861287	-1.325286030303517
TMEM191B (ENSG00000278558)	0.6284752392347576	0.6240445961926608	1.3613423001104978	-0.7649063779704391	-0.7401766392591594	-1.1087791183083182
THSD7B (ENSG00000144229)	1.1982076113117546	0.41716804194970347	0.9730738200149184	-1.0174994123071732	-0.4903906487418671	-1.0805594122273388
ANO9 (ENSG00000185101)	1.0450800626766046	0.8539231001008298	0.8316752137386317	-0.8854383864309732	-0.9381585582442434	-0.9070814318408522
CCDC85B (ENSG00000175602)	0.9672973706809562	0.9547529909262055	0.8042958790485887	-0.8543345327196399	-0.82694337000951	-1.0450683379265973
LSMEM2 (ENSG00000179564)	0.32436173084673003	1.0344373541939762	1.021763078644337	-1.5394828299842584	-0.2516988656145809	-0.5893804680862081
ENDOG (ENSG00000167136)	0.8817285189528448	0.9750338924942139	0.8762535536281256	-0.8891878939653453	-0.8396420827823029	-1.0041859883275395
AC245060.5 (ENSG00000274422)	-0.8000787842260593	-1.0175475711912312	-0.9029416002734592	0.7778693192566731	0.8790246951538331	1.0636739412802458
ACP4 (ENSG00000142513)	1.0584618639309251	0.7995311900441633	0.8656340764347	-0.820155015041868	-0.89330358051786	-1.0101685348500635
ZNF98 (ENSG00000197360)	-0.35193154313756186	-1.081220705631076	-1.1843661328857107	0.8043026454403259	0.8241322976530467	0.9890834385609752
MACROD1 (ENSG00000133315)	1.0356134389313099	0.8854290506179934	0.8052603366923838	-0.8357562859605407	-0.8763373884475504	-1.0142091518335976
SH3TC1 (ENSG00000125089)	0.9809318546514386	0.8630870338981675	0.8917165177395123	-0.8700768947559667	-0.9454877869063971	-0.9201707246267546
SLC22A18 (ENSG00000110628)	1.0941847082446974	0.9902315777933182	0.615383979044927	-0.8206695538046316	-0.9866778451864733	-0.8924528660918395
AC018638.5 (ENSG00000243679)	0.8861344109964754	0.9328791209311281	0.9016860092713701	-0.7375749094857711	-0.8889555604595656	-1.0941690712536352
COX6B2 (ENSG00000160471)	0.8608133874750709	0.760879487495388	1.0579226780208655	-1.1696593322207014	-0.9174211419512766	-0.5925350788193448
MMP25-AS1 (ENSG00000261971)	0.6703456036701039	1.154292261029078	0.8418033896331781	-1.1628908038580354	-0.6356584721128266	-0.8678919783614975
TRIM9 (ENSG00000100505)	0.9930194368690088	0.7843164179179466	0.9165686191964276	-1.1649591273306883	-0.892330829132944	-0.6366145175197516
HAGHL (ENSG00000103253)	0.9176286610508586	0.8849941627914634	0.9325168920504172	-0.8356799527692906	-0.9121763267318946	-0.9872834363915453
AL160272.1 (ENSG00000284977)	-1.2612688592242254	-0.5721007983882185	-0.8259523768119161	0.7371780327555357	1.027982309907391	0.8941616917614367
DLGAP3 (ENSG00000116544)	1.0339545713007035	1.0923168676364574	0.5550085187938792	-0.8943723726188056	-1.0225391314987582	-0.7643684536134745
WNT16 (ENSG00000002745)	0.8804043863166615	0.39733292406468973	1.0535224385930266	-0.40356118083593656	-0.2796590240134396	-1.648039544125002
RPSAP54 (ENSG00000213621)	-0.3990694030986086	-1.5628295682793398	-0.519918355016559	0.6496308928551405	1.0333928236841727	0.7987936098551948
SCX (ENSG00000260428)	0.9349080734374654	0.9872905859841347	0.8050198614313089	-0.7835939707380807	-0.9597808813711843	-0.9838436687436406
AP001636.1 (ENSG00000254786)	-0.8970689028039835	0.014165630824228533	-1.5035630552546486	0.9445755200946601	0.6847694835431052	0.7571213235966384
SH3D19 (ENSG00000109686)	0.5494696607643531	0.8020001896654453	1.201427321424031	-0.5914124070567366	-1.3918210260458281	-0.5696637387512652
AC234782.4 (ENSG00000276298)	-1.0504045732075546	-0.4302591119940932	-1.166531883227605	0.9776178068261567	0.8097972091809904	0.8597805524221064
GRIN2C (ENSG00000161509)	0.9163652413761462	1.2083497972075994	0.5112842918874185	-0.7142992655467493	-0.7582853831162528	-1.1634146818081612
AC103810.3 (ENSG00000265982)	0.8064785831702674	0.9073611406773834	0.9919611363952124	-0.6569782154947806	-1.1013647781342	-0.9474578666138835
SERHL (ENSG00000172250)	0.9838542828773538	0.7136532860631473	1.0168949301912469	-1.0523102996641758	-0.8343801484518572	-0.8277120510157197
ECHDC3 (ENSG00000134463)	0.8675163998970796	0.6820773781845535	0.5438340364045608	-0.2965366790791834	-1.842926220929118	0.04603508552210861
LRFN1 (ENSG00000128011)	0.9224487407165545	0.9888251793710099	0.791053874008226	-0.6284670898334482	-1.0448946620022335	-1.0289660422601052
TMEFF1 (ENSG00000241697)	1.1965060065495048	0.6307127777585471	0.8386716681787563	-0.6417704844694015	-0.9537315001528742	-1.0703884678645297
PDGFRB (ENSG00000113721)	1.0847483472910016	0.9261448681528768	0.6239484857461094	-1.2457803825524254	-0.8670858075448444	-0.5219755110927198
SNCAIP (ENSG00000064692)	-0.8337818830143398	-0.8942019614345775	-1.005831286909826	0.9011925945404261	0.8838053280656494	0.948817208752668
AZGP1 (ENSG00000160862)	1.1126682903758514	0.7981512471685537	0.7057541746859973	-0.4487820605124254	-0.8892560988223516	-1.2785355528956261
OBSCN (ENSG00000154358)	0.9471047176293568	0.8507716847130251	0.8000371127100243	-0.4759490150201441	-1.4223869248780867	-0.6995775751541787
AC106782.6 (ENSG00000274653)	-0.3453133574749808	-0.9788516898512044	-1.2727374020079503	0.7069643347126384	1.0372077445564871	0.8527303700650114
NAT14 (ENSG00000090971)	0.8796466558127376	0.6593117317512901	1.1337200755681274	-0.8940905933533628	-0.6391707680682466	-1.1394171017105457
CCDC9B (ENSG00000188549)	-1.0076244653477917	-0.4823751208590303	-1.1361639556791074	0.6622861177920826	1.198858599530259	0.7650188245635886
MAMDC4 (ENSG00000177943)	0.7090396530386645	1.0327884325425793	0.9753115100632439	-1.0128185921293777	-0.8274447144053182	-0.8768762891098003
ZNF585A (ENSG00000196967)	-0.8557873619332049	-0.7351565601404859	-1.0956513028956423	1.0761304167874408	0.6156724893283314	0.9947923188535583
INPP5J (ENSG00000185133)	0.5021501153435957	1.3601049615771832	0.7028263510374244	-0.7870621715806797	-0.5697512880603981	-1.2082679683171216
KIFC2 (ENSG00000167702)	0.9860729749622613	0.9339223066786949	0.8028895306482512	-0.8501495688885993	-0.8050384945166877	-1.0676967488839169
HSD11B1L (ENSG00000167733)	0.9542722352962311	0.9862849486760772	0.7349297350356079	-1.2475651831288046	-0.6968486286786288	-0.7310731072004782
LAMB3 (ENSG00000196878)	0.9980187266025315	0.8525863894738815	0.8798541476216499	-0.8293575028219092	-0.8873688867320733	-1.0137328741440814
MFSD3 (ENSG00000167700)	0.9771930239138992	0.7870712646425104	0.9305431855984927	-0.7158483174365058	-0.7783830215803031	-1.2005761351380837
PRR22 (ENSG00000212123)	1.0779071979672896	0.8353777030854657	0.7818961264104763	-0.7349485087858555	-1.1638191976052932	-0.7964133210720848
PC (ENSG00000173599)	0.6964941127535644	0.9104553631731287	1.0766959276054033	-1.100207550010137	-0.6148029990376296	-0.9686348544843311
EIF4A1 (ENSG00000161960)	0.7604921846954842	1.0811572613522105	0.8664568127231915	-0.7865816957923293	-0.8244462558218024	-1.0970783071567494
AC084125.2 (ENSG00000255182)	1.0438196391905272	1.174593243557126	0.40503718572488506	-1.0164290298443002	-0.6580287864349534	-0.9489922521932882
PADI2 (ENSG00000117115)	0.9048029951060786	0.662793610597753	1.007811935696154	-0.2723311790073537	-1.158761299281348	-1.1443160631112812
ST13P4 (ENSG00000232150)	-0.8277239015124547	-0.9225385099805911	-0.9819642548025977	0.917767243731678	0.9817744328434599	0.8326849897205012
LY6E (ENSG00000160932)	0.5339431615182824	0.9733917044058771	1.1577736928527416	-0.6920635035516705	-0.9585218287175347	-1.0145232265076969
ZDHHC8P1 (ENSG00000133519)	1.086036634049979	0.8333881876100862	0.7890002883183762	-0.9811871100965991	-0.7069930056914627	-1.0202449941903766
CHPF (ENSG00000123989)	0.9470664751290677	0.8535863706978825	0.9330954186781727	-0.8416477835198067	-0.8941116589227448	-0.9979888220625716
MTCO1P12 (ENSG00000237973)	0.8326845837974263	1.030074271760417	0.795597728082222	-1.1837983721599596	-0.9863454504993212	-0.488212760980786
ITPKA (ENSG00000137825)	1.043232156737576	0.7725775547590521	0.9043329383319033	-0.764128938341843	-0.9845134487759719	-0.9715002627107129
PRDM8 (ENSG00000152784)	1.0832066647365226	0.9272683227005543	0.6904431476159165	-0.8625363613183035	-0.7513631604623705	-1.087018613272322
AL096677.1 (ENSG00000234832)	0.5597746260052184	1.0306959882919828	1.018249041614698	-1.3295638893503992	-0.6681012388157072	-0.611054527745794
FSCN2 (ENSG00000186765)	0.7459928465601781	1.0861413418443844	0.8574434326010603	-1.1738972999895305	-0.7886957080351713	-0.7269846129809245
THEM6 (ENSG00000130193)	1.1332057491473193	0.8055725454019261	0.7605315668867381	-0.8419209398875999	-0.7632984692925532	-1.0940904522558241
MHENCR (ENSG00000232442)	1.033220965978133	0.9087740348105544	0.7786546519555572	-0.7917182993413839	-0.8836103320326296	-1.0453210213702302
CD5 (ENSG00000110448)	0.578743763681001	1.0634803693070323	0.8191245225345436	-0.20754483795891993	-0.7525962229541738	-1.5012075946094867
AC009902.2 (ENSG00000254027)	1.1583034517101305	0.737471797284652	0.7858348499345045	-0.9538130464198344	-0.6464917695247459	-1.081305282984706
EPHA10 (ENSG00000183317)	1.1283379485159541	0.7718483657299842	0.8043113295341651	-0.7450896827910124	-0.9111895832979564	-1.048218377691132
RHOV (ENSG00000104140)	0.5532616193672594	1.2592114457526136	0.7685755720030085	-1.3052150822802522	-0.6455870022532223	-0.6302465525894074
GPC1 (ENSG00000063660)	0.9491228227461158	1.0300454675844033	0.7064552662442605	-0.7406335977625105	-1.195050660946851	-0.7499392978654199
RPS7P3 (ENSG00000231940)	1.0413502360022928	0.7942501512062236	0.5311354776263965	-1.2107467351383856	0.08101544913365685	-1.2370045788301882
RPL26P19 (ENSG00000226221)	1.1208925518585526	0.7800303214185954	0.816018050808466	-0.9405321568011938	-0.9467378500985579	-0.8296709171858632
IGHGP (ENSG00000253755)	1.1328582137809966	0.9129738307929031	0.653288552635219	-0.7695897374333172	-1.0002061224304295	-0.9293247373453719
AL035413.1 (ENSG00000230424)	-0.6581123182692928	-1.6108748265791102	-0.11487526810013904	0.9989285548226051	0.6616855297845006	0.7232483283414397
C4orf48 (ENSG00000243449)	1.10791518123919	0.8962395384882642	0.6887536050329807	-0.6747167220332613	-1.0485025567083264	-0.9696890460188474
TBC1D16 (ENSG00000167291)	0.7075154011277636	1.059532365983843	0.7600274279540216	-1.161371588619747	-0.17402261077497563	-1.1916809956709054
NPEPL1 (ENSG00000215440)	0.6023468018140418	0.8091091342269736	1.235620623220372	-0.6319747552891797	-0.8934179023354564	-1.1216839016367601
PTPRU (ENSG00000060656)	1.031105330105059	1.2043047945265721	0.34701773660083607	-0.9161381168422662	-0.5700093127087339	-1.0962804316814672
PODXL2 (ENSG00000114631)	1.0195411522555973	0.9520225627184075	0.7502077162994676	-0.8199853896051899	-1.0237152290848623	-0.8780708125834129
MICALL2 (ENSG00000164877)	0.9779045877021384	0.7675145336342319	0.9510214123508445	-0.8272769759338121	-0.6907489124141808	-1.1784146453392272
TCEA2 (ENSG00000171703)	0.87918825899646	0.8015085807005994	1.0405706587980086	-0.8928737271721237	-0.7855708381939117	-1.0428229331290324
ASIC3 (ENSG00000213199)	0.9139566608885779	1.0708592874112115	0.5023906292978885	-1.1125352080896773	-0.14745051739681933	-1.2272208521111811
SNORA3B (ENSG00000212607)	0.6816321690934878	1.054681268301736	0.970027896387332	-0.8569029192725979	-0.7876479648474817	-1.0617904496624726
PRRT3 (ENSG00000163704)	0.8880931946193164	0.8905861006566912	0.853020085421122	-0.6496559330751424	-0.601020016541815	-1.3810234310801721
AL139349.1 (ENSG00000254419)	0.8833826136532553	0.479591942581964	1.0618925589467718	-0.9248754478471024	-0.08605727299648043	-1.4139343943384044
AC104365.2 (ENSG00000267501)	0.881067787005114	1.0802697288101504	0.7174951521772932	-0.8453209288505	-0.6461200877701971	-1.1873916513718625
JAG2 (ENSG00000184916)	1.2440374718639113	0.7316380224263334	0.6396163805930909	-1.239365307168453	-0.575370802023733	-0.8005557656911474
RPL41P5 (ENSG00000256393)	-0.5700167130540708	-1.130619592124983	-0.9409615768819576	0.7919670533113522	1.2194276007425588	0.6302032280071013
CSF2 (ENSG00000164400)	0.4016307587209462	0.9920713385904604	0.9972587207471899	-0.21476145399385002	-0.6159143802223802	-1.560284983842367
SPATA20 (ENSG00000006282)	1.0459256461020614	0.7530184614025026	0.8812365188401619	-0.796848762011916	-0.6641884264565814	-1.2191434378762303
PLPPR2 (ENSG00000105520)	1.243032905605738	0.8706254883269312	0.5195413440263593	-0.8302547984234566	-1.1384629639869586	-0.6644819755486124
SGIP1 (ENSG00000118473)	-0.5450730469514422	-1.0328862212341876	-1.0346277383392175	0.43309207151821166	1.0515437879751652	1.1279511470314714
THBS3 (ENSG00000169231)	1.0203939406002038	0.9243739384596711	0.7810152162276716	-0.9872719784422168	-0.8043408112954297	-0.9341703055498972
AC025181.2 (ENSG00000272086)	0.8650727690649623	0.7847869803749342	1.057494997586683	-1.0557945583511836	-0.9653063497212154	-0.6862538389541754
AL022328.2 (ENSG00000273137)	0.9861962622296381	1.1183898684571922	0.5482781635308258	-0.6728826451984227	-0.8123994811730558	-1.1675821678461795
ANKRD34B (ENSG00000189127)	0.8128569220233028	0.9278385919278996	0.9297337227147398	-0.989258113599334	-0.5072879552889634	-1.1738831677776438
C22orf15 (ENSG00000169314)	0.40158764386578627	1.237223906421148	0.8860321529899104	-0.3572309193604881	-1.2355708036238133	-0.932041980292545
FADS3 (ENSG00000221968)	1.0250844865686248	0.9033341181245258	0.7408934569729451	-0.7391756686091882	-0.6691186781321666	-1.2610177149247446
TGM5 (ENSG00000104055)	0.9092030134867537	0.6142534633182257	1.1267683453540984	-1.1997342251913206	-0.5927463137051147	-0.8577442832626391
NFIX (ENSG00000008441)	0.8158122103081186	0.9680267666692746	0.9183701740097051	-1.169078371578863	-0.6891651063214063	-0.8439656730868353
CACTIN-AS1 (ENSG00000226800)	1.2718710595343543	0.6798076869283505	0.4719620086125647	-0.41041031067416617	-0.5053805741069267	-1.5078498702941765
SLC9A5 (ENSG00000135740)	0.7317085263905325	1.10973522874695	0.8108493334652154	-0.5485860752802717	-0.8759623017049013	-1.2277447116175277
EIF4HP2 (ENSG00000237977)	0.9204344301454418	1.0886494949137926	0.5628993337833793	-1.402371786021995	-0.576292448394488	-0.5933190244261297
GLI4 (ENSG00000250571)	0.7999865619190235	0.8099911634137608	1.0724252141261084	-0.7720274893775749	-0.6972668538845646	-1.2131085961967514
RNF103-CHMP3 (ENSG00000249884)	0.7066192766792773	0.7154893469784926	1.044151714145981	-0.8085185917208286	-0.1690393685949532	-1.4887023774879722
LINC01289 (ENSG00000253734)	0.9194147300060779	0.4223601411588408	1.252397189807652	-1.1337558109081796	-0.562906460551683	-0.8975097895127072
TPGS1 (ENSG00000141933)	1.0319458122875795	0.783725059728896	0.7499326883287495	-0.6736457467789732	-0.43857716362466526	-1.453380649941585
AF127936.1 (ENSG00000226751)	-0.3349097756483824	-0.6867751678097531	-1.507871178779525	0.8681426965653152	0.7648250304076174	0.8965883952647238
CDR2L (ENSG00000109089)	1.0932001386733685	0.7941739934587252	0.5166125285880171	-0.47045602556891725	-0.32773738794495244	-1.60579324720624
SLC22A31 (ENSG00000259803)	0.6841409026311002	1.066600813900786	0.96146064742216	-0.7995424756585886	-0.983764029355541	-0.9288958589399194
VWCE (ENSG00000167992)	0.5402799529862702	0.8588630753366454	0.7351425253181783	-0.20604671721646395	-1.8383360683824712	-0.0899027680421566
LRP3 (ENSG00000130881)	1.0709299382984565	0.6419766115865773	0.9712396740930056	-0.7089587675734731	-1.1365288060236778	-0.8386586503808858
ST13P6 (ENSG00000225259)	-0.2774499046272205	-0.42440875364885927	-1.6805607808636258	0.8766967625308651	0.8434610601926966	0.6622616164161415
CDK3 (ENSG00000250506)	0.6739020808451807	0.7154216010839907	1.2420570128426873	-1.0415637266019704	-1.0620304620929546	-0.5277865060769331
ZACN (ENSG00000186919)	0.6401085978044213	1.002427988824863	0.8722522902731467	-1.0336907502466708	-0.16642683992352877	-1.3146712867322354
NT5M (ENSG00000205309)	0.8587531633059357	0.8998201805186531	0.9526393311555964	-0.8977965878887357	-0.6886859273589141	-1.124730159732538
TGFBR3L (ENSG00000260001)	1.1435653221634745	0.782422363942868	0.7493322977127267	-0.877395943043857	-0.6415852179333031	-1.1563388228419147
CTXN1 (ENSG00000178531)	0.8624270956447155	1.082879494592275	0.7717879007364605	-0.8830271204237231	-1.0316994733391376	-0.8023678972105885
EEF1AKMT4 (ENSG00000284753)	0.9307295506095024	0.9975609073177689	0.773832880026665	-0.8565070805463046	-0.6958242638878159	-1.1497919935198044
AC004057.1 (ENSG00000196656)	0.9055678723367319	1.0212268315123458	0.7901753743938872	-1.055284894240439	-0.9268645465571039	-0.7348206374454239
TMEM173 (ENSG00000184584)	0.95497950517836	1.014458245289405	0.7543884223853627	-0.9647363504839338	-0.9565903325217907	-0.8024994898474073
SYNGR3 (ENSG00000127561)	0.9282023357453629	1.0102970450569924	0.7568507064276447	-0.806767079287883	-0.7090561923367413	-1.1795268156053758
NEGR1 (ENSG00000172260)	-0.9021560459633099	-1.0906983954799492	-0.5850421879272603	1.3644345409765612	0.774496327524552	0.4389657608694076
C1orf167 (ENSG00000215910)	0.8377913417096056	1.082190798886268	0.7837339062639359	-0.7196880949853285	-0.8766981145794807	-1.1073298372949973
DNLZ (ENSG00000213221)	1.0300208272677274	1.001287283668294	0.5754731109645708	-0.4880921605205776	-0.811699681209627	-1.3069893801703893
GNG13 (ENSG00000127588)	1.0397357168602033	0.5854761068308243	0.656808144778658	-0.4000820998413321	-0.16191191744517358	-1.7200259511831837
PGGHG (ENSG00000142102)	0.8879593619928546	0.8961503495997721	0.8772069680002158	-0.5266279346711384	-0.8634256910831724	-1.2712630538385337
AC099560.2 (ENSG00000234287)	1.0113713360590877	0.8193413667159025	0.8961124760828557	-1.0084755350145087	-0.7906017892347207	-0.9277478546086136
TRAPPC6A (ENSG00000007255)	1.0115833968621957	0.650779304766139	1.0444585270282407	-1.0119448695897484	-0.8787140300255682	-0.8161623290412588
ZNF446 (ENSG00000083838)	0.940137438216372	0.6043171192872155	1.104551455684641	-0.5253945755599779	-1.0600352238721547	-1.0635762137560996
APC2 (ENSG00000115266)	0.9767285831004914	0.9145583740028718	0.8199907182582884	-0.8575559185278285	-1.1313787849487649	-0.7223429718850553
SNX10 (ENSG00000086300)	-0.45038465738754824	-1.4981298331516948	-0.599780355557682	0.7180652239263267	0.9507258188647804	0.8795038033058208
NXPH4 (ENSG00000182379)	1.0764835450639212	0.8373009708221348	0.8061220492351379	-0.7911762415082952	-0.917903739826871	-1.0108265837860209
BIK (ENSG00000100290)	0.833521028664232	1.0653312507285193	0.7702867861942986	-0.6263090257322204	-0.7999088050824312	-1.2429212347723977
PADI6 (ENSG00000276747)	0.7224196510899393	0.6087936817550104	1.1043331438887543	-0.06472904683236269	-0.9939003396544144	-1.376917090246927
CD200R1 (ENSG00000163606)	-1.1832455403020967	-0.6772961172227276	-0.8302423367430902	0.7530281374320441	1.0296947316648308	0.9080611251710473
SRPK3 (ENSG00000184343)	0.7973781683257627	0.9843546139066522	0.8866062700048786	-0.9901685183946413	-0.5069696939670724	-1.1712008398755818
RHBDF1 (ENSG00000007384)	1.3090483398475417	0.6674603424965495	0.6550956110108014	-1.1151624702119949	-0.6624251937303618	-0.8540166294125331
AC005000.1 (ENSG00000228532)	-0.31176957049517057	-0.9855128703850169	-1.2903281783606286	0.7740514389118583	1.0139318859589295	0.7996272943700296
AC018926.2 (ENSG00000276533)	0.38024322332803373	0.9162827774811054	1.2076306088367332	-0.5182502777638299	-0.5948489424653436	-1.3910573894167035
MT-TI (ENSG00000210100)	0.8199229648236026	0.8630469752780082	0.8612965394784793	-0.24823179159464448	-0.880120111153094	-1.4159145768323487
ZNF260 (ENSG00000254004)	-0.9937702096386845	-0.8128562038255078	-0.9226067897292244	0.8122732470908095	0.9176957329761489	0.9992642231264591
SIGLEC9 (ENSG00000129450)	-1.0942276820888936	-0.9487759505248005	-0.6595692657526306	0.9564564617842074	0.7543398734769863	0.9917765631051301
FA2H (ENSG00000103089)	1.149575363363213	0.6772210132181052	0.8353307863712203	-1.1032524094989644	-0.9914038044952809	-0.5674709489582966
NFATC4 (ENSG00000100968)	0.9114285267695607	1.1855207486280932	0.5495652621326376	-1.033489194943773	-0.5911161487571064	-1.0219091938294111
CSRNP1 (ENSG00000144655)	1.1896830923272101	0.7252606169046251	0.7760406318099757	-0.7443519489223075	-1.0352171503697598	-0.9114152417497416
GNB1L (ENSG00000185838)	0.895946717654098	0.8682884874545064	0.9413700681153444	-0.7763567859835311	-0.7484677555925208	-1.1807807316478969
CTTN (ENSG00000085733)	0.911632760071162	1.0929428619368426	0.5846625184353852	-1.3619180082849185	-0.7245504086515899	-0.5027697235068823
ADAM8 (ENSG00000151651)	0.9876639915901924	0.8455833030159114	0.9006070027635827	-0.8748321192667854	-0.8789998145179949	-0.9800223635849044
AL021707.3 (ENSG00000230149)	0.4770437458402123	1.1065888849152774	1.0432697654766372	-0.5723609865764391	-1.1304966701400596	-0.9240447395156288
AP001767.4 (ENSG00000279900)	-0.6541079301187017	-0.3788286663448501	-1.4769203600196135	1.1501952563152045	0.6847710104522997	0.6748906897156624
NRG3 (ENSG00000185737)	0.8718081336862344	0.7657173748096803	0.9759400219470442	-0.8485199022174332	-0.4222196263129342	-1.3427260019125953
SARM1 (ENSG00000004139)	0.8817838026402689	0.846206145642361	0.9830500929548407	-0.8828911880727743	-1.125550234394484	-0.7025986187702141
AC044787.1 (ENSG00000213862)	1.066485919089864	0.8357576837849094	0.813628780763724	-0.8456220874603184	-0.7970485651496979	-1.0732017310284812
ACTL10 (ENSG00000182584)	0.45121167642961535	1.193064193772378	1.0052317061809706	-1.0013658392895757	-0.7958225711676976	-0.8523191659256849
AC003102.1 (ENSG00000260793)	0.8436112920539607	0.9917456041366279	0.8312045276304295	-1.1690895122647482	-0.497859166094464	-0.9996127454618089
HPDL (ENSG00000186603)	0.7828341845748585	1.2239382389642426	0.667969203272227	-1.086048862609697	-0.7670655403537356	-0.8216272238478993
SPTLC3 (ENSG00000172296)	-1.0102951363842274	-1.1165866429175395	-0.5613965403613715	0.8538440866633465	0.8636086806148802	0.9708255523849069
GDPD1 (ENSG00000153982)	-1.137308561405566	-0.8044354170792091	-0.7721251026835142	0.9604412086732879	0.8346796980053381	0.9187481744896614
AC040169.1 (ENSG00000260018)	0.871163567522319	0.9390481324639688	0.7121391705658612	-0.6672230772265577	-1.5133045584386657	-0.3418232348869282
HES6 (ENSG00000144485)	0.9072800216815958	0.8198291009355293	0.9917940751732105	-0.7692944214062266	-0.8548739444250857	-1.0947348319590253
STMN3 (ENSG00000197457)	1.1096264050847795	0.8885257323211042	0.46550201018108284	-1.2630124042423494	-1.0728610876637117	-0.12778065568090588
SYCP3 (ENSG00000139351)	-1.3155637759016534	-0.7317939288437174	-0.6123543133609468	0.8844117229318873	0.8681292937568393	0.9071710014175975
ZNHIT2 (ENSG00000174276)	1.0988347513748609	0.6657613154548865	0.9385374627605213	-1.0079571925461501	-0.7590376683341169	-0.9361386687100153
CORO7 (ENSG00000262246)	0.930779335971164	0.9210483087841315	0.8829292000056257	-0.9795325807790184	-0.8234564159981356	-0.9317678479837652
TLR4 (ENSG00000136869)	-0.8594377923382811	-1.1061789024469917	-0.746617862451627	0.8497389953443177	0.8221710531202411	1.040324508772343
MGAT5B (ENSG00000167889)	0.9705168754424899	1.0561765657634152	0.5745055451299914	-1.3314140927202103	-0.5051020182178442	-0.7646828753978449
CREB5 (ENSG00000146592)	0.5988880446360499	0.9829196615266425	1.0202027882056208	-0.9227224539801733	-1.27148162366285	-0.4078064167252967
PLEKHG4 (ENSG00000196155)	1.0376569965986386	0.975534495389932	0.6753279338998222	-0.7055534555968712	-0.8307815709687255	-1.1521843993228038
FAM183BP (ENSG00000164556)	0.7277759708249439	0.7098056377892483	1.2047674856490003	-0.9466557337209409	-0.5468414197729757	-1.1488519407692779
GNG7 (ENSG00000176533)	0.882184341296313	0.7814646285086437	1.0560556042075315	-0.7915995900657568	-0.8919898191429608	-1.0361151648037665
AKAP6 (ENSG00000151320)	0.9496458886061427	1.0358717242843283	0.7143872080772784	-1.0874238160208636	-0.9332352321093146	-0.6792457728375715
AC011447.3 (ENSG00000267383)	-1.1939308732111664	-1.112605344818249	-0.24832281080710256	0.9749105846638185	0.9854288294719642	0.594519614700737
DNAAF1 (ENSG00000154099)	1.145877827381023	0.28032547590246965	1.1333721771731016	-1.1251513281207943	-0.5965942816424253	-0.837829870693374
PDE3B (ENSG00000152270)	-0.8200779969579249	-0.8444130272933954	-1.0641482912177596	0.917395365172567	0.8981871665411267	0.9130567837553801
WDR90 (ENSG00000161996)	0.9389987242724439	0.9511753240406114	0.8366313575912937	-0.8678778834237577	-0.8018371911384761	-1.0570903313421074
AC025263.3 (ENSG00000279551)	-1.5622843663912016	-0.8204555252214627	0.008608450281591266	0.7753950189186275	0.7409316014950444	0.8578048209174012
AL138724.1 (ENSG00000272269)	1.1351542604686058	0.29941816669996085	1.1317185391284634	-0.7094953902093623	-0.6899044965603619	-1.1668910795273058
MIR25 (ENSG00000207547)	0.6851642659350755	0.8116522844458337	1.183231517914879	-0.6697064936325612	-1.0404571999364138	-0.9698843747268112
BCL6B (ENSG00000161940)	0.7030672741184942	0.9962437873830956	0.9771901289435837	-1.1376592095175175	-0.9694314625980442	-0.5694105183296069
AC138028.1 (ENSG00000182376)	0.8737057245870008	1.1186720021163195	0.6937173630698811	-1.0916457016776422	-0.6537975085320815	-0.9406518795634814
NBPF26 (ENSG00000273136)	-0.8214934484958292	-0.9922906667266683	-0.8473577640750097	1.2969624468474525	0.7524040674450078	0.611775365005041
EME2 (ENSG00000197774)	0.8574429522059913	0.9631132436835905	0.9108055131195305	-0.7993993182661606	-0.9316360999603464	-1.0003262907826074
GDA (ENSG00000119125)	-0.9457563794496396	-0.8607125050713775	-0.9137958947850543	1.0360750093481108	0.704260017462023	0.9799297524959367
CERCAM (ENSG00000167123)	0.893973056761719	0.9081815852093074	0.8872329742011121	-0.6890988105669713	-1.2382632889934644	-0.7620255166117077
ZNF628 (ENSG00000197483)	1.039941174686056	0.8021370613337804	0.8493582602143922	-0.6077567163287395	-1.1238767566554484	-0.9598030232500376
PERM1 (ENSG00000187642)	0.8873131112439254	0.5032507496945194	1.0860519609906019	-1.234856740509122	-1.1128405583982333	-0.12891852302168805
VPS9D1 (ENSG00000075399)	0.7144556449108649	1.1626805383027674	0.8044581088764592	-0.7801088468967977	-0.758153799989085	-1.1433316452042066
DNAJB4 (ENSG00000162616)	-0.657344538673346	-1.2782866443856817	-0.7379937877161189	0.825994937712846	0.9312505692941575	0.916379463768146
FBXL15 (ENSG00000107872)	0.9331872696871114	0.8094489239664793	0.9871778156680874	-0.8148349356787191	-0.9266227197809559	-0.9883563538620111
HNRNPA1P10 (ENSG00000214223)	-0.8498281807557306	-0.5784968740662325	-1.223090610281425	0.6349855792541951	0.9341172780772596	1.0823128077719304
AC013480.1 (ENSG00000226398)	-0.754339670766073	-0.000275984928439415	-1.6008223650134341	0.7516613467001408	0.7088970727776132	0.894879601230193
JAM2 (ENSG00000154721)	-1.0049971023787851	-1.2057126636180333	-0.4252495203409509	0.9779131779009701	0.7182800858466701	0.9397660225901284
PDF (ENSG00000258429)	0.896825520492328	0.9663528855523256	0.8316292260348092	-0.6237485660523588	-0.9003374185168157	-1.1707216475102893
PKD1P1 (ENSG00000183889)	1.0568696641721447	0.3525312699925421	1.1888242415146333	-0.6392671699291989	-1.0744115861163601	-0.8845464196337581
MIB2 (ENSG00000197530)	0.8850858811928585	0.9970865022735421	0.8317468762118476	-0.8961870553403408	-0.7146855131472292	-1.1030466911906762
ADAM11 (ENSG00000073670)	0.9276176961907001	0.9114941381670775	0.6095090751369725	-0.21449374773938615	-0.6723541938277003	-1.5617729679276697
CDKN1C (ENSG00000129757)	0.723567661898691	1.1255539612575578	0.8519858759491872	-0.9174073021684491	-1.05195761201247	-0.7317425849245127
AL139811.1 (ENSG00000224072)	-0.8689509329271015	-1.2971158036131476	-0.4549438456333711	0.9054565992225526	1.0366995700076336	0.6788544129434344
FBXL6 (ENSG00000182325)	1.0370760394392973	0.8116506642227599	0.878806856545624	-0.8140478862044064	-0.9548293017490832	-0.9586563722541813
BAIAP3 (ENSG00000007516)	1.0953459088217778	0.7175255772215463	0.8776691499864361	-0.6444391606382165	-1.0800761428172607	-0.9660253325742891
SYBU (ENSG00000147642)	0.8446524028299249	0.9792102265408253	0.6810258829232858	-0.30328222896143414	-1.5181747827797385	-0.683431500552863
PNPLA2 (ENSG00000177666)	0.8174126844993509	0.9376986525268829	0.9778421318186123	-0.8457263102532477	-0.9310370219002373	-0.956190136691353
CCDC157 (ENSG00000187860)	0.4774924803457427	1.095521572050782	1.0926472972338155	-0.9332872381406079	-0.9226237471620957	-0.8097503643276377
ACADS (ENSG00000122971)	0.7165308823580921	0.6507187997766777	1.2913119085058005	-0.8314531372071786	-1.0461911814463445	-0.7809172719870422
EBF4 (ENSG00000088881)	0.6591124716600364	0.690481831530365	0.7225055190430933	-0.22688687870474278	0.029472386778742556	-1.8746853303074962
AL139011.1 (ENSG00000228606)	0.9426981624878931	0.8346504156622684	0.9584665702748519	-0.9251950730223097	-0.926073465548374	-0.8845466098543266
SUMO2P1 (ENSG00000235238)	-0.7278224524371318	-1.4000958373308032	-0.46787515284174747	0.7641530407959688	0.7939271846286666	1.0377132171850472
STAT4 (ENSG00000138378)	-0.9669561541548515	-0.7082232986372117	-1.044717259012951	0.863991480795945	0.8872831441618223	0.9686220868472356
TRAV22 (ENSG00000211802)	-1.1566576238505726	-0.9413454799354047	-0.5878008646886523	0.7661816632495139	0.937531861711393	0.9820904435137233
VKORC1 (ENSG00000167397)	0.8212537694814935	0.9950482851459456	0.9058209978080813	-0.8888256642156543	-0.7676373554889417	-1.0656600327309214
AVPI1 (ENSG00000119986)	0.8388736762556961	0.9254860399425517	0.8673893860743215	-0.6964291351107207	-1.3736507286746922	-0.5616692384871544
CACNA2D4 (ENSG00000151062)	1.3352046363243588	0.43528047962340827	0.8186341227529322	-0.9522268060538698	-0.5826991611291819	-1.0541932715176483
RIMKLA (ENSG00000177181)	0.9678611372365473	0.35704212003391594	1.2534849292493686	-0.5497597991919085	-0.9661536706721873	-1.0624747166557431
LAMA5 (ENSG00000130702)	0.8961643895323964	0.9784835490370106	0.8480913077196159	-0.8685598532414038	-0.7740968282186669	-1.080082564828942
TXNIP (ENSG00000265972)	0.7551826109835224	0.8805584514894613	1.0851684593653392	-0.8687702794961045	-0.984180581107646	-0.8679586612345805
STX16-NPEPL1 (ENSG00000254995)	1.0384663646983345	1.0442769643193466	0.5978166559848861	-1.0821953066646233	-0.9113361905587493	-0.687028487779199
LRRC56 (ENSG00000161328)	1.175728166658327	0.5187165095799288	0.9242836774882112	-1.1822135916531256	-0.5381465301314046	-0.8983682319419358
AL157944.1 (ENSG00000233290)	0.6394069362018678	1.0589089227380295	0.971136030190955	-1.203403327631558	-0.7773904438466308	-0.6886581176526643
MID1IP1-AS1 (ENSG00000238123)	-0.44604578930262173	-0.9290884728749201	-1.1875298196509076	1.0441182151909294	0.3821542059782923	1.1363916606592297
BHLHA15 (ENSG00000180535)	0.8924345094047457	0.8212145446204661	1.0066351340924922	-0.9300701064885831	-0.739560596106515	-1.0506534855226026
LINC01089 (ENSG00000212694)	0.7966005342225471	0.8226738855532142	1.0810644159418124	-0.9208855489970676	-1.1002946861964	-0.6791586005240987
CORO6 (ENSG00000167549)	1.1112058473436015	0.7873076483592018	0.7768629396470965	-0.6328487636287065	-0.8548381735251332	-1.187689498196054
D2HGDH (ENSG00000180902)	0.997330666073569	1.1441801597685617	0.4942069366594891	-0.771655462290499	-0.6879752894486877	-1.1760870107624322
HSF4 (ENSG00000102878)	1.072341904789825	0.6551963576517945	0.953288284397761	-0.7510870787520719	-0.7575499185818381	-1.1721895495054777
AKR7A3 (ENSG00000162482)	0.9431389420604859	1.0577626435742944	0.5765246503449708	-1.1991222850529761	-1.05758874635597	-0.3207152045708049
CDK18 (ENSG00000117266)	1.1101843688851958	0.8080076704891818	0.7971172161595497	-1.0132530697019166	-0.8060892339473548	-0.8959669518846579
ME3 (ENSG00000151376)	-0.31056354060365127	-1.3326559780220215	-0.8607494696022924	1.110924442967558	0.3946539142795829	0.9983906309808244
APLP1 (ENSG00000105290)	1.1467922637643597	0.7089754040901803	0.8000140417005467	-0.5291330798874693	-1.0845363395198573	-1.042112290147759
IGLV2-14 (ENSG00000211666)	-0.813217206495101	-1.0998175229105864	-0.7866679070512684	0.9260149651564298	1.086524958968523	0.6871627123320132
AL132780.5 (ENSG00000280129)	-1.5027060328581217	-0.8472814535123872	-0.0970562997960471	0.7968745172635661	0.730135996399949	0.9200332725030406
FAM66B (ENSG00000215374)	0.7560873690903224	1.283343101359658	0.5721316922132221	-0.5481469878446279	-0.9205287019566928	-1.1428864728618817
TREX2 (ENSG00000183479)	0.4334681486036752	0.770702464768952	1.3905814477964842	-0.8176552628129434	-0.7528839826573795	-1.0242128156987966
FBXL8 (ENSG00000135722)	0.8037281123809012	0.9667630833965959	0.9496276723139183	-0.7319138475473576	-0.9420445433700776	-1.046160477173973
ARSI (ENSG00000183876)	1.0633138764848893	0.6159982431719184	0.9506556550087486	-0.7219452932028645	-0.6042372502586492	-1.3037852312040397
CLBA1 (ENSG00000140104)	1.021405568335524	0.867218749707274	0.8305335188289168	-0.9472349571433691	-0.7314186151452747	-1.0405042645830742
KCTD17 (ENSG00000100379)	0.8667587762231557	0.9302751916136784	0.8828947603563571	-0.843089442060688	-0.5974640036162839	-1.2393752825162203
TMC4 (ENSG00000167608)	0.6982605457838211	0.9490302494664111	1.0090430880663273	-0.4866671614405749	-1.045884200534218	-1.1237825213417607
PRKCB (ENSG00000166501)	-0.9167049944845309	-0.8955502966472092	-0.9232975159461092	0.9959944631773375	0.8777393765052897	0.8618189673952116
POLR2I (ENSG00000105258)	1.0468243861646116	0.9831548200050138	0.6827847429977961	-0.8284468799948761	-0.8724424761754439	-1.0118745929970974
AC135506.1 (ENSG00000270441)	0.48224891919378826	1.2440793067607026	0.9214057607336538	-0.9337672334530687	-0.7346072746922043	-0.979359478542871
CNIH2 (ENSG00000174871)	0.2880985728520901	1.1181580984088217	1.1744291666437292	-0.8793373573544265	-0.6677667532146381	-1.0335817273355734
ABTB1 (ENSG00000114626)	0.9013294311161625	0.8830033840041791	0.9435843555418127	-1.063898868440059	-0.8564998338764798	-0.8075184683456156
DHRS3 (ENSG00000162496)	1.117701992981101	0.8355744516941135	0.696779165881897	-1.225562638892106	-0.5534030258705245	-0.8710899457944913
AC126755.1 (ENSG00000205746)	0.6828611727525626	1.0081721601537947	0.8183865454610203	-0.13723838481507863	-1.0992688514860087	-1.2729126420662904
LINGO3 (ENSG00000220008)	1.0801534129875696	0.6414808847662088	0.9807438408109898	-0.7946947114719748	-1.0199654012777388	-0.887718025815062
PCBP3 (ENSG00000183570)	0.9467387475035812	0.8580984552769774	0.9307621195894912	-0.8802046392645044	-0.8775488633457452	-0.9778458197598064
DPP7 (ENSG00000176978)	0.9923025280450513	0.8091549844170768	0.9212952225160508	-0.8084435753151525	-0.8432506221648255	-1.071058537498203
CDKL2 (ENSG00000138769)	-0.8543524167059093	-0.28711020922263664	-1.3958522301926675	0.7824268973362797	0.6685917545113175	1.0862962042736153
SSBP4 (ENSG00000130511)	1.0050585779042889	0.9255572175957457	0.7951291949442328	-0.7828707148983307	-0.9901971184537735	-0.9526771570921528
ADGRB2 (ENSG00000121753)	0.9072814882161035	0.8801636653435314	0.9447694992433915	-0.8084146743387278	-0.909338822992263	-1.0144611554720355
AC068205.2 (ENSG00000283341)	-0.290646673844949	-0.5428868319186131	-1.6046543527953092	0.9504427994272991	0.8777542148309844	0.6099908443005901
ASB13 (ENSG00000196372)	1.125331472168768	0.6874855396760287	0.8802162819274678	-0.6958490700287634	-0.9368115831115904	-1.0603726406319054
TCEAL4 (ENSG00000133142)	-1.1476591392360374	-0.9317680517675211	-0.6195249622523632	0.8983130316977319	0.9374591152910088	0.8631800062671705
AC099521.2 (ENSG00000279693)	0.8779710361866293	0.8861241771850463	0.9708716948483616	-0.9846812377142273	-0.8775769955154946	-0.8727086749903122
RTEL1-TNFRSF6B (ENSG00000026036)	1.0413487536689032	0.9405778112826306	0.7100917144689279	-0.65203790629322	-0.9181017216076728	-1.121878651519565
TNFSF4 (ENSG00000117586)	-1.4737693075469929	-0.4163036808589082	-0.6765954376163266	0.8782662201330894	0.8544804360950357	0.8339217697941016
AC092042.4 (ENSG00000285766)	1.2532710793594732	0.5507657014036432	0.840072008196556	-1.0562231784571472	-0.6457031241390747	-0.9421824863634539
SYTL1 (ENSG00000142765)	0.9848722656212513	0.8396714062856292	0.871754211550305	-0.5934550591800761	-1.020923334761506	-1.0819194895156021
TNS1 (ENSG00000079308)	1.0053338803350207	0.29554499971202236	1.2700618203630507	-1.0147076826862726	-0.6226532806978173	-0.9335797370260047
IGLV3-4 (ENSG00000226420)	-0.3148672103959387	-0.5668706378607848	-1.5727338496434715	0.723256529144942	1.0709993694123294	0.6602157993429248
METTL27 (ENSG00000165171)	1.008502375974419	0.4542576454208525	1.166052038038209	-0.9292375579446724	-1.0833856365127403	-0.6161888649760718
PREX1 (ENSG00000124126)	1.0823996676452856	0.824216306734343	0.8190561040752629	-0.9074544423663081	-0.9390611677809962	-0.8791564683075882
SDR42E2 (ENSG00000183921)	0.466334118160791	1.143657401036412	0.8238261766060507	-0.5407891266806256	-0.34999973790747685	-1.5430288312151517
SOX1-OT (ENSG00000224243)	1.068091963505674	0.7591717450724869	0.7806864610232467	-0.4261997485437688	-0.8545462099789409	-1.3272042110787035
CCNO (ENSG00000152669)	0.8392194526191958	0.7714880712668124	1.0513136660741011	-0.8107611956708826	-0.5907113935027494	-1.2605486007864775
GPR174 (ENSG00000147138)	-1.4522086910877725	-0.623307310595598	-0.5073005396244289	0.9808675291874439	0.7998238425520633	0.8021251695682892
C1orf53 (ENSG00000203724)	0.8673355392755294	0.951362292350666	0.8689726847481076	-0.8300445924763138	-1.223061379188983	-0.6345645447090082
IGLC2 (ENSG00000211677)	0.5893497720911686	0.6940329673378808	1.352025173792859	-1.0093425320544496	-0.8461714660961548	-0.779893915071306
WNT10B (ENSG00000169884)	1.0600576792605085	0.8945365614739215	0.7004710330609568	-0.8742411094461561	-1.2335283300112918	-0.5472958343379397
AC010883.1 (ENSG00000234936)	0.8213596521904614	0.9916562502601279	0.7794655361092557	-0.7980824724950637	-0.403463610586155	-1.3909353554786243
AL139246.5 (ENSG00000272449)	0.9375800420675868	0.5142538445539399	1.0670122424525266	-0.8755379772436931	-0.2733959560471615	-1.3699121957831992
ALDH8A1 (ENSG00000118514)	0.8054816002641263	1.2162826820743364	0.45451759254411295	-0.7667244386869922	-0.2997517330402149	-1.4098057031553708
SLCO4C1 (ENSG00000173930)	-0.6150633048587187	-0.864469771690467	-1.2040755410652164	0.768316159652922	0.9650257720671264	0.9502666858943551
CRTC1 (ENSG00000105662)	1.0773828924862447	0.9401409681966072	0.6918119928372053	-0.8344716698139835	-0.8304825521886042	-1.0443816315174725
ATP5F1D (ENSG00000099624)	0.998068578121973	0.8201163464385746	0.9122654380175189	-0.8496843561531134	-0.8754362106998405	-1.0053297957251168
AC106872.5 (ENSG00000248632)	-0.7427845205800576	-0.5701645556330454	-1.328976196177692	0.8537283530886052	0.7730001658745075	1.0151967534276793
PGLS (ENSG00000130313)	0.4700161227339383	1.0821703308030606	1.1112546413632995	-0.8129507659241301	-0.9198061887352912	-0.9306841402408783
KCNN4 (ENSG00000104783)	1.0428048283755125	0.9807902199523576	0.566358625888431	-0.5392045140249804	-0.681631235224321	-1.3691179249669998
DOC2GP (ENSG00000231793)	0.7323851858064248	0.9115604042724067	0.9278706516825209	-0.8759813492487788	-0.3157265466925075	-1.3801083458200603
YDJC (ENSG00000161179)	0.9332175462159243	0.925966588497083	0.8727652571173687	-0.8029548702820729	-1.0131040432189313	-0.9158904783293739
CYP2D7 (ENSG00000205702)	1.2338149330110646	0.9610672269481689	0.43443726759083495	-0.8049874849203662	-0.7490457892935751	-1.0752861533361326
AC138932.1 (ENSG00000183458)	0.9433403598154276	0.891639358544761	0.8911089577428968	-0.9124181639952916	-0.758839012800337	-1.054831499307461
DNM1P46 (ENSG00000182397)	0.5647763778405022	1.0140508321674147	0.9674608179605295	-0.3384088482483742	-1.391047874163713	-0.8168313055563573
C19orf24 (ENSG00000228300)	1.053815294704168	0.8411800359052367	0.8330785723097267	-0.8520690226015137	-0.9052092287000918	-0.9707956516175301
DCST1-AS1 (ENSG00000232093)	0.792940543676221	0.7439502112531451	1.1321605075661751	-1.0298875168913268	-0.5627757469229178	-1.0763879986812974
FAM234A (ENSG00000167930)	1.032959356427309	0.830766579117891	0.8330221421416332	-0.8283484922052559	-0.6920467010413381	-1.1763528844402433
ARMC9 (ENSG00000135931)	-0.9241317967884989	-1.1691951158645753	-0.5963204126906599	0.9853998035022832	0.8599528099567406	0.8442947118847135
FBXO41 (ENSG00000163013)	0.8630324375850182	0.9386179837544335	0.9283306873398397	-0.8166349492084393	-0.8699723763288576	-1.0433737831419836
H1FX-AS1 (ENSG00000206417)	1.1211723658733397	0.8797412275349304	0.7132118869369065	-0.8931806144501576	-0.8621765192232143	-0.958768346671807
RASSF7 (ENSG00000099849)	1.0141208534345958	0.8916862884474126	0.8174563239455143	-0.8179874456213712	-0.8429160927734464	-1.0623599274327051
TSNARE1 (ENSG00000171045)	1.05038967044769	0.6981229928933924	0.9705120471834635	-0.9223527532277537	-0.9348224886690273	-0.8618494686277627
RPSAP47 (ENSG00000188856)	-0.996263140280849	-1.1395085653577195	-0.5202583194012966	0.6633135018622152	0.9161494925465326	1.076567030631112
AVPR2 (ENSG00000126895)	1.0386395167926645	0.5848777585216974	1.0721462071580288	-0.8449230225596195	-0.9649520009478321	-0.8857884589649381
AC084018.1 (ENSG00000272849)	0.6865506507362618	1.205979916997631	0.5164561773825358	-0.28786304349791386	-0.5731781980162907	-1.5479455036022223
ANKRD16 (ENSG00000134461)	1.0069743636070843	0.7995554156568462	0.9161526410333993	-0.8112938293001994	-0.8496818992850668	-1.0617066917120679
CETN3 (ENSG00000153140)	-1.1230678400592962	-0.7332878758339106	-0.8523021707602682	0.8426277773847592	0.824542081208349	1.0414880280603795
MEI1 (ENSG00000167077)	0.9019833089484209	0.8949556946341416	0.93086697009207	-1.0506978970722736	-0.7727692459952454	-0.904338830607107
ITGA3 (ENSG00000005884)	0.930753296298171	0.9033338788313053	0.9033197306647545	-0.9279750911496716	-0.9467881859582168	-0.8626436286863426
LIFR (ENSG00000113594)	-1.48186485904908	-0.7205531553692518	-0.30931974386911876	1.0763997336180302	0.7023886852491128	0.7329493394203066
EIF2S2P4 (ENSG00000128692)	-0.7832441610685498	-1.0877688777195587	-0.8481008417746516	0.8331842034130242	0.8672973931182644	1.0186322840314606
LINC00404 (ENSG00000229520)	0.997454491545413	0.8106590289068016	0.7359895243879814	-1.3524272561223105	-0.2303718765623503	-0.9613039121555342
SRCIN1 (ENSG00000277363)	1.0240693049422158	1.1193069829327555	0.38763711843074755	-0.6102303442225904	-0.5535214398299526	-1.3672616222531813
CRACR2B (ENSG00000177685)	1.0311748238266785	0.8479096344600694	0.8342471500563218	-0.8600443321644222	-0.7467182232534263	-1.106569052925218
SMKR1 (ENSG00000240204)	0.9844900273332218	0.8705363909532927	0.7321774547735592	-1.4029889978616876	-0.7755486943917372	-0.4086661808066458
TELO2 (ENSG00000100726)	0.9916936078317374	0.926308347265497	0.8103021140163414	-0.8962655061791388	-0.8149435366354177	-1.0170950262990148
C12orf57 (ENSG00000111678)	1.0350499966418827	0.7957975978687889	0.8998244928225102	-0.9200809238786037	-0.9017968162737943	-0.9087943471807904
TMEM121 (ENSG00000184986)	0.9241125067834761	0.8948808839749297	0.9054015362526187	-1.019792376897688	-0.980052826023647	-0.7245497240896818
MRPL12 (ENSG00000262814)	1.0601717598153464	0.855944489643882	0.8060397109189713	-0.8845189306842826	-0.8118928641125583	-1.0257441655813633
FAM230C (ENSG00000279516)	-1.5807536568762914	-0.7004548548139816	-0.15694055505889073	0.8646392873619343	0.8005918809522777	0.7729178984349526
LRRC29 (ENSG00000125122)	1.2515074094134764	0.5992529926360468	0.7504042923895126	-0.5705787753765994	-0.7659751636303563	-1.2646107554320793
CRB2 (ENSG00000148204)	0.9609794366946699	0.9155534744724083	0.646486330927445	-0.19223264858615924	-1.3485589569280447	-0.9822276365803196
TSPO (ENSG00000100300)	0.9509143296193119	0.8556090712764972	0.9298357515501153	-0.9072775986513134	-0.874677110589963	-0.9544044432046391
CPNE5 (ENSG00000124772)	0.925363758237438	0.8747882895339306	0.9171104092539966	-0.9195053217884906	-0.704070373196265	-1.0936867620406074
DLL4 (ENSG00000128917)	0.4928647203087476	1.0730170178929421	1.0752914933476188	-0.9294664056150064	-0.610303903723635	-1.1014029222106585
LINC01531 (ENSG00000205786)	1.113186779596379	1.0067770619825156	0.4284746472795502	-1.3099109079868403	-0.8202398420982044	-0.4182877387734037
PRR15L (ENSG00000167183)	1.001929443351995	0.6461272398418074	1.0474281573548279	-1.0536527479037836	-0.9294536257006178	-0.7123784669442356
ADAMTS14 (ENSG00000138316)	1.0188424272438115	0.7045719497370809	0.8342643295309935	-0.4886972588729509	-1.4762906663255988	-0.5926907813133362
GCAT (ENSG00000100116)	0.820376334207749	1.081898326610621	0.8017844204749702	-0.7214204662699059	-0.8735377380950557	-1.1091008769283774
AC145285.6 (ENSG00000275807)	1.1116366178569337	0.8100400953813048	0.7600675478788989	-1.191564277431315	-0.7338477225825297	-0.7563322611032952
AC009686.2 (ENSG00000272264)	0.5934304001032283	0.9253621224189076	0.9575810577362284	-0.3187020772390154	-0.6070096982956168	-1.5506618047237326
GPR157 (ENSG00000180758)	1.0455557460052392	1.0119252588300973	0.6175975978130337	-0.7646954194412341	-1.169495840112469	-0.7408873430946591
MISP3 (ENSG00000141854)	1.0205936366009203	0.745141276252408	0.9592437057823507	-0.979280597423099	-0.8609464657211497	-0.8847515554914291
APOM (ENSG00000204444)	0.8370160880939509	0.7158643799561911	1.106742882388911	-0.6001557297017038	-0.8282740008076002	-1.2311936199297446
OSBPL5 (ENSG00000021762)	0.9893243804079691	0.8748239536003098	0.8644931597176541	-0.7764494228487951	-0.9668426496019722	-0.9853494212751678
PGBD5 (ENSG00000177614)	0.774618557979767	0.9661127199854552	0.9348852894552043	-0.7633350371318363	-0.6549007503542211	-1.257380779934355
POT1-AS1 (ENSG00000224897)	-0.9093293275246117	-1.0305903291328677	-0.7889807800486656	0.8986799668728098	0.8601834228926422	0.9700370469406966
AC026462.1 (ENSG00000234337)	-1.2641802954307602	-0.9079683261609001	-0.44612290914445674	0.9749612004696447	1.0186732938272667	0.6246370364392044
CORO1B (ENSG00000172725)	0.8667936710774956	1.1088574286967017	0.7402020830780943	-0.8139425096217767	-0.9568839691528079	-0.9450267040776991
CBX3P9 (ENSG00000217241)	-0.920974587671841	-0.46938855677006647	-1.2502899145077566	1.0186277089126405	0.8981039887937915	0.7239213612432289
MAP3K6 (ENSG00000142733)	0.8543466976234262	1.0766649534431818	0.7757550179142464	-0.7255910660763546	-1.09078178961065	-0.8903938132938544
RHOD (ENSG00000173156)	1.0720343022203753	0.7536187876684344	0.8954930882563571	-0.9929428480424782	-0.892513212469736	-0.8356901176329469
FAM189A1 (ENSG00000104059)	0.8437111431534835	0.993310375246118	0.8488941054796252	-0.7608159906748759	-0.6895850455412732	-1.235514587663073
MAN1B1-DT (ENSG00000268996)	1.0577422619227357	0.6853600617041775	0.7283695149409616	-0.33523017738266253	-0.5747663669721836	-1.5614752942130323
VPS9D1-AS1 (ENSG00000261373)	0.8070637107225097	1.1592704805501988	0.728411119185826	-0.7209540962832137	-1.0437140621915346	-0.9300771519837884
DNAJC3-DT (ENSG00000247400)	-0.7836613441746472	-0.8518925151004405	-1.0722778742779753	0.9031726963633372	0.7203183087963377	1.084340728393387
CD109 (ENSG00000156535)	-1.1878200197999802	-0.6747126658338256	-0.8278211359202439	0.9130666161598562	0.755427546467132	1.021859658927068
OR7E14P (ENSG00000184669)	0.7823620170687215	0.9316464689439612	0.9982240920721858	-0.6937415594290176	-0.958932262151454	-1.0595587565044047
ZNF573 (ENSG00000189144)	-1.1843355624824266	-0.9170376291546388	-0.5835892940225548	0.9481946334936266	0.9338073504483504	0.802960501717643
ARRDC3-AS1 (ENSG00000281357)	1.3244044256964398	0.7030304932548953	0.5436121531977155	-0.47470729592843336	-1.1776295809787458	-0.9187101952418644
MELTF (ENSG00000163975)	0.9825948699347554	0.8550873851523249	0.8918500886653031	-0.7984269569413562	-0.9113923221778848	-1.0197130646331447
HEMGN (ENSG00000136929)	-0.9468875976631703	-0.8520422830132768	-0.9368338160355061	0.8560404431330729	0.9279194498623229	0.9518038037165439
FZD7 (ENSG00000155760)	0.86107117839158	0.95554542027852	0.9180215381749568	-0.8935013507948463	-0.8516886622289211	-0.9894481238212871
MAMDC2-AS1 (ENSG00000204706)	-0.4681283663451332	-1.7493567228692228	-0.03829369823587111	0.8181512817960992	0.6283081202966663	0.8093193853574622
NDUFA11 (ENSG00000174886)	1.0519138609060978	0.7607169932077227	0.8724564713133959	-0.8413406106098119	-0.6516405005234439	-1.1921062142939574
TCIRG1 (ENSG00000110719)	0.9471182101285133	0.850192816754518	0.9249868682057775	-0.7849853888450912	-0.8426669085239383	-1.0946455977197727
AC018638.2 (ENSG00000230715)	1.0224680784920597	0.958325082395811	0.7364860034100399	-0.7983954049743963	-1.0468139808008363	-0.8720697785226825
DPYSL3 (ENSG00000113657)	0.7421445820167804	0.9300718909034117	1.047145661695309	-1.017280341670822	-0.8972640067116253	-0.8048177862330581
WDR64 (ENSG00000162843)	-1.72626054478775	-0.322808950446444	-0.2738983476700412	0.7745518488733423	0.6291700773428092	0.9192459166880854
AC008982.2 (ENSG00000269688)	0.6713335469595104	1.0474170608341524	0.9899580600339922	-1.0342047550472597	-0.8552888138390021	-0.8192150989413909
SEMA3A (ENSG00000075213)	-0.7750372149131862	-0.6428941786013332	-1.2560654660033277	0.8153527834392397	0.8392529714825675	1.019391104596041
MATN1-AS1 (ENSG00000186056)	0.8789813936533403	0.6061846783193424	1.0355126589595969	-0.7352914811762352	-1.4641776580891268	-0.32120959166692264
APRT (ENSG00000198931)	0.9571808461503531	0.7657616486131278	1.0016826202041254	-0.8201973762524277	-0.8893663886923502	-1.0150613500228238
AL356273.3 (ENSG00000279838)	0.8017663158801733	1.0990040140459547	0.7977868384647615	-0.7413882247547328	-1.1334803649710385	-0.8236885786651171
AC007249.2 (ENSG00000257135)	0.6595873504944034	1.0451247247647864	0.9544026898003086	-0.6948086692221807	-0.7085054309393394	-1.2558006648979771
BFSP2 (ENSG00000170819)	-1.2950708069081163	-0.4393020004178479	-0.8891814791474418	0.9181393617806655	0.9975552002144978	0.7078597244782406
PKD1 (ENSG00000008710)	0.9569901524101347	0.8441828025703454	0.925270514672843	-0.7884417328392851	-0.8800233805748957	-1.05797835623914
UBALD1 (ENSG00000153443)	1.023499837393672	0.9087554551276082	0.7990500721928058	-0.8904379065280867	-0.8997646329177007	-0.941102825268294
AC138969.1 (ENSG00000227827)	0.8104895037481628	0.9146128654485787	0.9665453885904244	-0.9343026817928173	-1.1573549048582135	-0.5999901711361338
SEMA6C (ENSG00000143434)	0.5643510393763235	1.0827579706204065	0.9590437734750857	-1.2238414459120934	-0.9521134433969694	-0.43019789416276105
PPFIA3 (ENSG00000177380)	0.8435739306402139	0.9432246754831642	0.9463354351389532	-0.941815241944852	-0.9722492454299826	-0.8190695538874935
WTIP (ENSG00000142279)	0.8390181992458217	0.41629557947862145	1.3006797408279955	-1.0060339539312684	-0.44506538508929255	-1.1048941805318797
ERFE (ENSG00000178752)	1.1495386143619988	1.0264805676690023	0.31573725851401807	-0.3014427968233818	-0.9617328487874002	-1.228580794934236
WDR24 (ENSG00000127580)	1.148560345403681	0.6747684826554108	0.8777958233104434	-0.9774037576332527	-0.9456642509963591	-0.7780566427399267
S100A13 (ENSG00000189171)	1.1049259804373877	0.9772080856402753	0.396891036464434	-0.7982900714667241	-1.3957855021674042	-0.28494952890796804
GUCY2F (ENSG00000101890)	0.8988143309462199	0.9340273948711809	0.8400662565600835	-0.7975750642678191	-0.6064176487246582	-1.2689152693850065
MT-TK (ENSG00000210156)	-1.5352023134886787	-0.6115569771541778	-0.3485634677837934	1.0492868578640315	0.7469198993173743	0.6991160012452442
AHRR (ENSG00000063438)	1.2756008606417142	0.664971395635726	0.7184480999423442	-1.0789628874652188	-0.7581218370445598	-0.8219356317100068
AC104113.1 (ENSG00000272308)	-1.6406442873269722	-0.3562224833425133	-0.4427071310955415	0.7996559798760102	0.8453280315025672	0.7945898903864514
TFEC (ENSG00000105967)	-1.1318604964856538	-0.6828359764594922	-0.8806604751667547	1.0904482750303486	0.7946887636685483	0.8102199094130051
ZNF724 (ENSG00000196081)	-0.5788351091145141	-0.8679210656610847	-1.1940778438824093	0.6980740919699573	0.7353974017689373	1.207362524919118
HMGN2P3 (ENSG00000230330)	-0.4440435839711662	-0.6905620221449935	-1.4456717379955	0.8485821688193103	0.7749992861687977	0.9566958891235497
AC006116.4 (ENSG00000267192)	-1.1045914698799566	-0.6595368721690071	-0.9266132109263154	1.1155389663027735	0.7629236072104616	0.8122789794620446
SNORD17 (ENSG00000212232)	-0.9698287615442399	-0.8598070064801134	-0.9045571349369518	0.8501923484526762	0.9888212152097161	0.8951793392989071
AC022211.2 (ENSG00000263843)	0.5222603450103077	1.0713752077981136	1.0662914184174503	-0.8667488849703477	-1.100824756267896	-0.6923533299876243
EEF1A1P5 (ENSG00000196205)	-0.8950841133979135	-0.9733465975769144	-0.8683348897852746	0.8963797688639881	0.9058985996107424	0.9344872322853583
HELZ2 (ENSG00000130589)	0.9059221289438136	0.9213383565422276	0.9091349871695807	-0.8496374760959129	-0.9758027132157462	-0.910955283343972
CYP27B1 (ENSG00000111012)	0.8701291840417112	0.8664627414205971	0.9344069175213428	-1.2832899079431581	-0.6256628211378367	-0.7620461139026674
SDF2L1 (ENSG00000128228)	1.0619864801819052	0.8603960165493246	0.7839392339145723	-0.7666767751321494	-0.8141977144726078	-1.1254472410410383
AC244033.2 (ENSG00000285184)	-1.204092099484572	-1.0783615853283168	-0.26841418081391244	1.062977464587127	0.941963282790053	0.5459271182496256
TAS1R3 (ENSG00000169962)	0.4578955576572838	0.9259311955866436	1.179075701135946	-1.3167374697559635	-0.4956022554175693	-0.7505627292063419
DMTN (ENSG00000158856)	0.5930471359863133	1.172448698382178	0.886998137917512	-0.9782609450941262	-0.5837680814666467	-1.0904649457252316
AC254562.3 (ENSG00000281538)	0.5273872776969785	0.8508201669172616	1.1867764752928487	-1.3664326885945182	-0.6447095296504235	-0.5538417016621466
ALS2CL (ENSG00000178038)	0.4662293567491005	1.0909339972256014	1.074457959813138	-0.6230771386603091	-1.1321065914279458	-0.8764375836995809
ARMC5 (ENSG00000140691)	1.0237085988362007	0.8549633996575011	0.8243593326052736	-0.719655493659996	-0.8233191347390021	-1.1600567026999613
PRR7 (ENSG00000131188)	0.7187224669615467	0.9996052929015355	0.9729838566032859	-0.6915643949137289	-1.1727520381627343	-0.8269951833899036
ZNF571 (ENSG00000180479)	-0.6631511415093553	-0.8827995022047241	-1.1553941577090603	0.9843861559276156	0.8199413959688692	0.8970172495266607
ZNF257 (ENSG00000197134)	-1.6192998956454843	-0.5210846237958525	-0.3053782989582619	0.7527525339875377	0.928066371795404	0.7649439126166521
AP005717.1 (ENSG00000245330)	0.7807418513113352	1.000313091168763	0.8796669003614849	-1.2297922973493354	-0.9152562252092844	-0.5156733202829623
MRPL23 (ENSG00000214026)	0.788225240047565	0.5376421919086667	1.1800077949370402	-0.33068114290182016	-0.7543262973054271	-1.42086778668603
AL354836.1 (ENSG00000226332)	0.5964483272527723	1.2410620314571352	0.8398035368917006	-0.8172919351262418	-0.9083604320998656	-0.951661528375503
FAM201A (ENSG00000204860)	0.901525815505468	1.0542802342481434	0.7421256708647425	-0.9448214040419447	-0.6579133236415267	-1.0951969929348802
ANO7L1 (ENSG00000237276)	1.2680253390347134	0.857418422331732	0.510277561683471	-0.6901476697043366	-1.0903239960275979	-0.855249657317979
C1QTNF6 (ENSG00000133466)	0.7331928840067727	1.0653678408520073	0.8546107299398227	-1.0238580869708143	-0.4819077911695308	-1.147405576658252
AC012501.2 (ENSG00000242575)	-0.3549222013228195	-0.7162468541714313	-1.4651512743062487	1.018541447829586	0.6468640642370657	0.8709148177338489
SLC39A4 (ENSG00000147804)	1.0167367758311883	0.7859090790068695	0.9106596070297751	-0.8031885413167916	-1.113025498516207	-0.7970914220348264
GMPR (ENSG00000137198)	0.9347834592113036	0.7973703326750838	0.9941328391842206	-0.7966708695540315	-1.0181340800768193	-0.9114816814397583
RHOF (ENSG00000139725)	1.2147575897963903	0.850456224719436	0.5473596857451389	-0.5112961907456808	-0.9234014316740113	-1.1778758778412748
C1orf122 (ENSG00000197982)	0.9140690957098814	0.9674196491253244	0.8466002083233887	-0.768631426391905	-0.9540984221587556	-1.0053591046079338
ZNF204P (ENSG00000204789)	-1.0357976899728114	-0.607333830259454	-1.0397631349589143	0.941131094832165	0.6777969549179911	1.0639666054410204
GSTA4 (ENSG00000170899)	-0.9119849322113281	-1.2777545656847091	-0.4189011414420447	0.8831539259947825	0.648809335268094	1.0766773780752095
SNORA11F (ENSG00000221164)	-1.0559917875792215	-0.7966777640817286	-0.8712604122727904	0.986921605179699	0.8033969415764398	0.9336114171776042
CECR2 (ENSG00000099954)	-1.1821576092548973	-0.9396756145882714	-0.5415178425749391	1.0868840351213127	0.7540977849733829	0.8223692463234104
ITGB4 (ENSG00000132470)	1.160680059952059	0.8242869363831475	0.704266384462503	-0.7386976195008315	-0.8539982357477631	-1.096537525549124
FRY (ENSG00000073910)	0.9653713300957607	0.846331608896528	0.8720520008614486	-0.7581485802015082	-0.6777267735968575	-1.247879586055374
LINC01389 (ENSG00000225762)	0.7909204602064264	0.6550956866063017	0.87619769869117	-1.7109829461765536	-0.12770000405577134	-0.4835308952715719
TMEM54 (ENSG00000121900)	0.6465140837003637	0.9113740379210958	1.077153607715031	-1.279745653345329	-0.8099249141156878	-0.5453711618754726
BBC3 (ENSG00000105327)	1.0507373662443347	0.7729347569820477	0.8913917678121962	-0.7534293741088512	-0.9024503198728728	-1.0591841970568499
MFSD10 (ENSG00000109736)	1.044402038426329	0.8631353674755924	0.8209412442340311	-0.8806913408262835	-0.8626523898496875	-0.9851349194599744
IGHG4 (ENSG00000211892)	0.8820907137252141	0.8871789016074242	0.9325041157212277	-1.017967942144601	-0.605888122831057	-1.0779176660782126
PIDD1 (ENSG00000177595)	0.9920283862696241	0.8765117875228303	0.8561975958962162	-0.7987042334618184	-0.8586103505298313	-1.0674231856970162
C11orf96 (ENSG00000187479)	1.1096738332439005	1.138781299258683	0.3840708461453946	-0.8120089401050611	-0.9726726955080265	-0.8478443430348872
BLOC1S1 (ENSG00000135441)	1.1643505890193924	0.902548788424898	0.6290379938082046	-0.8375263582539696	-0.8757805810363711	-0.9826304319621554
CHST2 (ENSG00000175040)	1.002598173205653	0.7438072773866157	0.6753168776304216	-1.4168433139399486	-0.9888338219979659	-0.016045192284782347
ADRB2 (ENSG00000169252)	-0.5958696095967932	-1.106450750980342	-0.99367340469896	0.916168050184167	0.9608551741788357	0.8189705409130903
CAPG (ENSG00000042493)	0.7912925041543531	1.0056058263239762	0.8576027130076911	-0.8688127629843002	-0.5200481190212528	-1.265640161480465
LCAT (ENSG00000213398)	0.6734944855007514	1.1801755395720663	0.8208405117813956	-0.8001666424394492	-0.7335024169917251	-1.1408414774230438
TMEM191A (ENSG00000226287)	1.2755912220681533	0.33677031964552795	0.9238545925085616	-0.6187456751713033	-1.2626700800112844	-0.6548003790396496
SH2B2 (ENSG00000160999)	1.0170214224421443	0.7893731882687378	0.9107186786335539	-0.8181876791770123	-0.8067067728254289	-1.0922188373419832
HDAC10 (ENSG00000100429)	1.1556892429156724	1.0351196428710387	0.45243901359069644	-0.8078605322791663	-0.7576208806337976	-1.077766486464439
PAQR6 (ENSG00000160781)	0.8058980244826749	0.8831923394285882	1.0262740773158394	-0.8374484650356256	-0.7766973250701691	-1.101218651121302
KLHL17 (ENSG00000187961)	0.7121570031256939	0.9282594268068	1.068480175787458	-0.7540004674689514	-0.9060660238520559	-1.0488301143989305
HMGN2P5 (ENSG00000234664)	-0.6592575170344738	-1.277366874357154	-0.6802109314595669	0.7151897323146651	0.6756845081837077	1.2259610823528218
FCRL1 (ENSG00000163534)	0.3124663090527898	1.096869717454012	1.147008715788421	-0.48590025376249113	-1.080738109030448	-0.9897063795022838
EFEMP2 (ENSG00000172638)	0.9703496109449172	0.8910831738736513	0.7910945502837533	-1.3222866074173294	-0.7168395737091826	-0.6134011539758132
AC016586.1 (ENSG00000268670)	0.9173805828383772	0.49813796389416576	1.0146491595732094	-0.7316704346325617	-1.5211751207588065	-0.17732215091438172
LTBP4 (ENSG00000090006)	0.8571701748340534	0.9843101748040668	0.8851038709454276	-0.7930648716048996	-0.8807844403272468	-1.0527349086514086
AL365181.2 (ENSG00000272068)	0.8904176877766047	1.0122279188283685	0.8180965508607598	-0.732753824251267	-0.9819102588080171	-1.0060780744064537
PPID (ENSG00000171497)	-0.9418240951257982	-0.8965258078271636	-0.8936348757274334	0.8805979084855026	0.822358516919063	1.0290283532758344
FBXW5 (ENSG00000159069)	1.0125872774937548	0.8282889670528435	0.8877433846160653	-0.889546896302974	-0.824330966135311	-1.0147417667243739
NCF1B (ENSG00000182487)	0.9331114951779019	0.7388473520045147	1.0305442279379982	-0.720015544803284	-1.1287852744869011	-0.8537022558302247
SREBF1 (ENSG00000072310)	0.9435482538240962	0.9775147940095249	0.8118941277961429	-0.9175687454640372	-0.8564132897503458	-0.9589751404153811
HBB (ENSG00000244734)	0.8965439621275199	0.9284303798581234	0.9100418143716439	-0.9973767586361968	-0.897051887054681	-0.8405875106664057
CENPE (ENSG00000138778)	-0.9999427690906328	-0.6023735966538665	-1.0945306614723727	0.8697638365902413	0.9961778933884545	0.830905297238174
PLCD3 (ENSG00000161714)	1.0149106260463412	0.4913376728501136	1.161588726677387	-0.9565771696463855	-0.8533590592580335	-0.8579007966694157
NT5DC2 (ENSG00000168268)	0.9873256028280376	0.8197585778342665	0.9240951043701354	-1.0006474964774206	-0.8484326185965272	-0.882099169958487
MZT2B (ENSG00000152082)	1.0889891327163894	0.8837606338277955	0.7297125508406811	-0.7277697145718864	-0.8843045408981751	-1.0903880619147974
AC009996.1 (ENSG00000259659)	-0.9226192830683461	-0.9237608417450626	-0.8862995661144436	0.8011350347907735	0.9292831407715922	1.0022615153654884
NFIC (ENSG00000141905)	0.6627146938324677	0.8900516706039416	1.119360461263155	-0.6674650050475215	-0.8279672451871228	-1.1766945754649198
MESP1 (ENSG00000166823)	1.147281905346453	0.6156864856596015	0.9064018396962887	-0.6215782319808913	-1.0273997508958779	-1.0203922478255716
ABCA3 (ENSG00000167972)	1.228765574441542	0.6748244107078125	0.6499744158054308	-0.4186046274494678	-0.7863891672210956	-1.3485706062842218
NOS3 (ENSG00000164867)	0.9326394946415265	0.9077003078251867	0.8918184735413687	-0.8898338157635882	-0.8161869797647697	-1.026137480479725
MSMO1 (ENSG00000052802)	-0.9892924297867398	-0.9432685401295713	-0.7957009509438815	0.8348610156970785	0.8798852714155945	1.0135156337475149
FAM222A (ENSG00000139438)	0.6872914105166726	0.9506619871756896	1.0736614467582706	-0.8622923476229176	-1.0184121404323558	-0.8309103563953534
OTUD6B-AS1 (ENSG00000253738)	-1.0587974399039521	-0.7209259959557082	-0.9123665910716177	0.6594459021723502	0.9020615568360387	1.130582567922883
IRF7 (ENSG00000185507)	1.1333145010591021	0.7883435615175529	0.7865264460786318	-0.9633674343651972	-0.7601171853867843	-0.9846998889033077
AL663070.1 (ENSG00000228477)	0.5707353346094636	1.023640644465226	0.7878054135924559	-0.5658746593838124	-0.1884018698306032	-1.6279048634527284
NUMBL (ENSG00000105245)	1.1605442580980203	0.5845365595849182	0.8903400815107382	-0.6305158445527284	-0.7664692594122197	-1.238435795228739
AP001062.1 (ENSG00000184441)	1.0885831654603801	0.9371232127467084	0.6713926697524513	-0.9557165514604161	-1.0386466481598844	-0.7027358483392381
AL022328.3 (ENSG00000273188)	0.9498300566159869	0.8133101993638305	0.9529591935336622	-0.7670865131237418	-0.8322554103856173	-1.116757526004117
SCAND1 (ENSG00000171222)	1.0476273013130384	0.8252974905040911	0.8283505867102496	-0.6517764027228655	-1.0960267288342729	-0.9534722469702406
YBX1P1 (ENSG00000224861)	-0.4862373292691163	-0.8490417709452489	-1.2975476552735958	0.7327324413998233	1.0422300763258148	0.8578642377623205
SOCS1 (ENSG00000185338)	0.41384686292172607	1.1736087482366138	1.0445769101970466	-0.8804903836652666	-0.7160539548333434	-1.0354881828567846
AC020558.2 (ENSG00000265511)	0.9333745739094147	0.9321882015479583	0.8078526190392656	-0.8877756172917566	-0.5575506281865014	-1.228089149018376
PKD1P6 (ENSG00000250251)	1.073198235143967	0.8399534431553519	0.8124454191282456	-0.8560582889943092	-0.9013573549080373	-0.9681814535252133
RGS19 (ENSG00000171700)	0.800508833037722	0.9111086069798365	1.0073738718261984	-0.758282123757797	-0.8879355550284316	-1.072773633057532
ZNF100 (ENSG00000197020)	-1.0299511667447512	-0.6417263612669649	-1.036533321539863	0.8742702801766055	0.8579405637244796	0.9760000056504954
ZNRF1 (ENSG00000186187)	1.3228675245394532	0.5784459338955977	0.7087997157172026	-0.7833965259637945	-0.6575578121702523	-1.169158836018208
TLE1 (ENSG00000196781)	0.8193756772379541	1.0223043942070404	0.8888674196744389	-0.874280581141243	-0.8724469203667886	-0.9838199896113936
KRBA1 (ENSG00000133619)	0.9341392738108368	0.9501087195494238	0.8296721892298161	-0.7099927510037402	-0.8915802601285018	-1.1123471714578395
SELENOM (ENSG00000198832)	0.8171676109251697	0.7721871713473625	1.035020259326215	-0.9941133504754844	-1.2319996417553927	-0.39826204936786747
ZNF91 (ENSG00000167232)	-0.13925933512834027	-1.3373509572267768	-1.016328766917812	1.0624249262636498	0.6550780585218753	0.7754360744874103
DNAH1 (ENSG00000114841)	0.73790324050511	1.0086805964185788	0.9736806545854939	-0.7870918233023823	-0.9356313338101968	-0.9975413343966085
LINC01348 (ENSG00000280587)	0.6580811224573353	0.7935544072128592	1.1222175426481713	-0.347504105853509	-1.311611453334306	-0.9147375131305511
KLHL4 (ENSG00000102271)	-0.9888634666479887	-1.1993579948995892	-0.42699942449437567	0.7487466632384185	0.710890132588109	1.1555840902154317
TIGD5 (ENSG00000179886)	1.018995214878122	0.9641236318373062	0.7280922949842875	-0.9180545047225998	-0.7361623770053709	-1.056994259971732
ZNF296 (ENSG00000170684)	0.9372943625529124	0.9342645825716124	0.8538353947725776	-0.8533859525038315	-0.796149266815024	-1.0758591205782493
HSD11B2 (ENSG00000176387)	1.0194102642063105	0.8197086260289742	0.8513107660116148	-0.6104786100841225	-0.9208786072309648	-1.1590724389318146
TIMP1 (ENSG00000102265)	1.0805253570283766	0.7996847318690774	0.834746259306378	-0.9858297565066021	-0.7433851807925546	-0.9857414109046777
SCOC-AS1 (ENSG00000196951)	-1.0509309244417078	0.07837589551489925	-1.410568956240565	0.7343382636081011	0.8488547447719658	0.7999309767873087
ARHGEF19 (ENSG00000142632)	1.1435712829964588	0.8878901523528226	0.6656871802237518	-1.0531374452088305	-0.8336574842620552	-0.8103536861021512
JUN (ENSG00000177606)	0.8404888179939959	1.0106748760715831	0.8787295131314846	-0.824532303844397	-1.0021560939716148	-0.9032048093810493
NAA80 (ENSG00000243477)	1.3294736711465496	0.822418784767821	0.419133355988691	-0.6084148824804533	-0.7759218836750419	-1.1866890457475643
SERINC2 (ENSG00000168528)	0.789214266653103	0.6043570987884631	1.2636908789765136	-0.6851564534234538	-0.9643882960123725	-1.0077174949822545
REX1BD (ENSG00000006015)	0.929543045674787	0.9495541688458615	0.8496918102827778	-0.810432226573861	-0.871219210631695	-1.047137587597868
AC009090.3 (ENSG00000276663)	-1.3835244028932352	-0.471056603076538	-0.7426865179965665	0.6731541994340134	0.8982600312972394	1.0258532932350903
COMTD1 (ENSG00000165644)	0.991131506072503	0.9027396065406347	0.8270521878795255	-0.8211504449309933	-0.8087345337054161	-1.091038321856256
RPS28P7 (ENSG00000227097)	0.971895110009155	0.8351802808808458	0.923317090991519	-0.7963178793862191	-0.9886578240465994	-0.9454167784487014
ZNF572 (ENSG00000180938)	-0.6891030937234972	-1.526110614390841	-0.21895214010364272	0.4782301791061963	0.9203613932992266	1.0355742758125617
RFNG (ENSG00000169733)	0.8878901051169185	0.8617697241711562	0.9728177051378044	-0.9712022752876814	-0.7241228775660316	-1.0271523815721673
TCEAL3 (ENSG00000196507)	-0.3405674660968094	-1.2599322162060582	-1.0110768825809517	0.864842353778785	0.8531724267872121	0.8935617843178293
ZNF414 (ENSG00000133250)	0.9814248369823485	0.9891286891472476	0.7157147082478489	-1.201675222991557	-0.7509750936539968	-0.7336179177318923
AC010719.1 (ENSG00000270933)	-1.3434297347247717	-0.4822484737266292	-0.8052264705396054	0.9190451493329653	0.8091976696747949	0.902661859983253
PIGQ (ENSG00000007541)	0.8353309872263609	0.9817065348899326	0.9143729776661884	-0.9416215091925711	-0.8110103583702054	-0.9787786322196859
PEMT (ENSG00000133027)	0.9735804672259352	0.8955598363332268	0.847704707093716	-0.9612840006255252	-0.6955084238666223	-1.0600525861607257
MIR4537 (ENSG00000264781)	0.5774904724936846	0.9872777851479277	0.9547095761995735	-0.2230100811460419	-0.9317836645572645	-1.3646840881378828
IGLV3-7 (ENSG00000254077)	-0.8751751857099663	-0.720258530315409	-1.1196232531218533	0.9598656433695598	0.872622407897819	0.8825689178798474
INAFM1 (ENSG00000257704)	1.2437644188082573	0.6070337876235523	0.740598417365788	-0.4401878530536334	-0.956316704225918	-1.1948920665180451
AC009065.4 (ENSG00000260778)	0.6980075206563079	0.8141763970727733	1.0802029402701074	-0.9968394676443	-0.34143542059315796	-1.2541119697617307
LMTK3 (ENSG00000142235)	0.38740020391566204	1.1783880903127386	0.9794100882332571	-0.6313734897790222	-0.5880743204916912	-1.3257505721909455
ADAT3 (ENSG00000213638)	1.182745362375357	0.6670099516411319	0.788591690400478	-0.505627619979134	-1.0193012096765535	-1.1134181747612828
ZNF613 (ENSG00000176024)	-1.4213806879939497	-0.6756096713030824	-0.4635132224938208	0.5732154398410583	0.9428947637201595	1.044393378229634
ZNF775 (ENSG00000196456)	1.029503253070824	0.9526429530580947	0.7193926969015918	-0.7450172318413781	-0.8265548652225234	-1.129966805966611
ZNF43 (ENSG00000198521)	-0.23971909582030218	-0.8558056318500629	-1.4316867603553234	0.7045618947627865	0.8727809102572739	0.949868683005628
IGSF8 (ENSG00000162729)	1.0190749960446785	0.9276479299682668	0.7722736473282465	-0.7539719181042128	-0.9304821297999096	-1.0345425254370817
ZNF93 (ENSG00000184635)	-1.0660590082618466	-0.5980047696330835	-1.0322883033478842	0.9904193826362173	0.8068382364983414	0.899094462108258
QTRT1 (ENSG00000213339)	1.036034437425434	0.8470063079203446	0.844846830088323	-0.8651329353530084	-0.8537101709455509	-1.0090444691355425
PCP4 (ENSG00000183036)	-0.9902649694601773	-0.9157406858892567	-0.8266758081645263	0.8372894560862773	0.9544905043949446	0.9409015030327385
SGPP1 (ENSG00000126821)	-1.3273403540644033	-0.36853948549633814	-0.9125233806355852	0.8827288483550918	0.835808743840525	0.88986562800071
GALNT18 (ENSG00000110328)	0.5819064055722285	1.1624670023003414	0.8783346724723082	-0.5506949248289273	-1.2466003197138027	-0.8254128358021434
GPD2 (ENSG00000115159)	-0.8726318483043413	-0.9983156634855745	-0.8639931168624767	0.8884532680023698	0.8978626693685569	0.948624691281461
AC019118.2 (ENSG00000236760)	0.704719665373958	1.1898443822129752	0.6782022607323078	-1.3315920601846325	-0.8258772371098243	-0.4152970110247796
EDRF1-AS1 (ENSG00000236991)	0.7715270939028261	1.1284085534510384	0.8113365739905828	-1.0067894208210195	-0.9110516759811381	-0.7934311245422971
AANAT (ENSG00000129673)	0.9937948693429917	1.0789132740801026	0.5676632889212114	-0.9992531909041754	-1.1213371238772973	-0.5197811175628317
ZDHHC11 (ENSG00000188818)	1.003811934693303	0.679663606338899	0.9934189716407894	-0.6801380352732583	-0.7892948023334583	-1.2074616750662794
MELTF-AS1 (ENSG00000228109)	1.1308186937321738	0.7206194307313366	0.7940873505106325	-0.6102836168339493	-1.2704362709487196	-0.7648055871914727
SLC14A2 (ENSG00000132874)	-1.5520725789063539	-0.5626537967900596	-0.3456866888801269	0.6423127924080142	0.6972930762548434	1.1208071959136778
AC004951.2 (ENSG00000239556)	1.0722112923143938	1.15036014932798	0.3378441540536025	-0.4643472664072674	-1.0642544405348175	-1.0318138887538926
AL008721.2 (ENSG00000272977)	-0.7118271492301186	-0.8459529036426429	-1.1321285162324957	0.8560353592412588	1.1189376024183508	0.714935607445645
METTL26 (ENSG00000130731)	0.9373605629715644	0.9004481485198654	0.8743024958176652	-0.6971414883182713	-0.8848355348740147	-1.1301341841168164
IGHG1 (ENSG00000211896)	0.9538200738605719	0.9230517718037621	0.8454601374622511	-0.7245208721370294	-0.9611912513518148	-1.0366198596377507
NAGLU (ENSG00000108784)	0.9844708455679123	0.9159598884662901	0.8215167277316958	-0.8468343492878614	-0.7930022488364062	-1.0821108636416306
ABCD1 (ENSG00000101986)	1.132283318585475	0.5989063592912957	0.9122661937594737	-0.6076628067804076	-1.2246998964906246	-0.8110931683652145
AL033527.6 (ENSG00000285905)	0.5848449412764948	0.8946122297683137	1.095384422122436	-0.7646600644818463	-0.43889621097819503	-1.371285317707208
C12orf60 (ENSG00000182993)	-0.618811150867013	-0.2987545333647545	-1.5418903881851982	0.9369543091717363	0.5230247997583016	0.999476963486929
HSPG2 (ENSG00000142798)	1.0850298683087083	0.7387840616297946	0.861224575613374	-0.6929839642906208	-0.8078344133331212	-1.1842201279281321
NPM1P25 (ENSG00000229417)	-1.127727391214303	-0.9242249711156212	-0.5708837729941155	1.2626856740406789	0.7999733155118728	0.5601771457714892
SGSH (ENSG00000181523)	0.9228881545625806	0.9104150796178373	0.8850111708977192	-0.9461200943526752	-0.6980845308703749	-1.074109779855087
TINAGL1 (ENSG00000142910)	0.7067120743586607	0.9624332811225034	1.041874431261997	-1.054953970137	-0.7802154467832477	-0.8758503698229168
ATP2A1-AS1 (ENSG00000260442)	1.141705217557343	0.9606326561081836	0.5086826315977918	-0.677193290790197	-0.661543769398951	-1.272283445074168
PTRHD1 (ENSG00000184924)	1.1213663205556	0.6113886770551377	0.9575327689411827	-0.7700459998522103	-1.047406030765619	-0.8728357359340971
ZFPM1 (ENSG00000179588)	0.7971096049468611	0.8436446412548823	1.0708505309607634	-0.7648988855574849	-0.8587734581257942	-1.087932433479218
FGF9 (ENSG00000102678)	-0.9346225533636048	-0.3210311395602057	-1.291657084446142	0.8344013581860871	0.5467881948783878	1.16612122430548
ABCA11P (ENSG00000251595)	-0.9671487333879034	-0.6138152704858876	-1.0679136975189267	0.8837800141511154	0.5596228151636744	1.2054748720779305
PDE4B (ENSG00000184588)	-0.9885745864854574	-0.6514352618936152	-1.0677595877882828	0.9725358286503423	0.8088882976221344	0.9263453098948886
RIMS3 (ENSG00000117016)	-0.6630265001666944	-0.9119615144686676	-1.1271843598081617	1.0266845447168933	0.8530178643694479	0.8224699653571762
DEAF1 (ENSG00000177030)	0.8618139685291221	0.9597929800802792	0.9089429545805705	-0.9426738671012179	-0.7866709577945332	-1.0012050782942084
MALAT1 (ENSG00000251562)	-1.1820364632733322	-0.6890169688649779	-0.8305000422094109	0.8429131494248789	0.9457608104186721	0.9128795145041896
SNORA71C (ENSG00000201512)	0.4968706363609496	0.7826118473334978	1.1746504653705852	-0.20155915769084726	-0.8236616203892438	-1.4289121709849435
TRIB1 (ENSG00000173334)	0.9314712116753827	0.8826920358431604	0.9195173074442788	-0.8582467733375917	-0.8586896347089988	-1.0167441469162313
RNF126 (ENSG00000070423)	0.9197565550114588	0.9215395662601091	0.8876930045224376	-0.7695035056251184	-0.930314862226775	-1.0291707579421123
RPS20P14 (ENSG00000223803)	0.5784237342232258	0.6716111350600583	1.3347034129898612	-1.2320475457524906	-0.6691343705939626	-0.6835563659266884
RIBC1 (ENSG00000158423)	1.1866881146119947	0.9411735343150908	0.4540696002064606	-0.5858580138233346	-0.7113305814526102	-1.284742653857606
FEM1A (ENSG00000141965)	0.9320021988537915	0.83523823589753	0.9443040899849828	-1.1038499723144704	-0.9287735103293504	-0.6789210420924897
MRPS18C (ENSG00000163319)	-0.9501354413068619	-0.9381560261971237	-0.8434039904408996	0.8041638793350457	0.9372414184851644	0.9902901601246626
PLEKHG6 (ENSG00000008323)	0.512268419123851	1.094093567505867	0.9502982888875989	-1.0655181839423598	-0.30376106089417226	-1.1873810306807835
GLIS1 (ENSG00000174332)	0.5310163174383152	1.2187733266154674	0.8508839904355721	-0.7796559507576414	-0.5621601803342366	-1.258857503397478
NDRG4 (ENSG00000103034)	1.250180085495596	0.9318076538985325	0.44588361910057084	-1.0848229869218025	-0.8078008774995141	-0.7352474940733816
ZBTB6 (ENSG00000186130)	-0.9838184909431287	-0.7413318057892642	-0.9861415376976618	0.7601563602076444	0.8556705167884798	1.0954649574339228
SPDYA (ENSG00000163806)	-1.2708724272761325	-0.18205207746916927	-1.0782432721147694	0.7218189229386425	0.7796992980110302	1.0296495559103938
PTPRVP (ENSG00000243323)	0.8042151126386914	1.146927893227147	0.6899208898484291	-0.48446585391847835	-1.1069251063807208	-1.0496729354150731
POLRMT (ENSG00000099821)	1.0187991750159853	0.9123075286325824	0.798410799037221	-0.8635644859842933	-0.8798283266047919	-0.9861246900966935
TTC21A (ENSG00000168026)	0.5947778782372198	0.912173618733646	1.1728416112496654	-0.721340672137932	-0.9630895782430019	-0.995362857839591
MIR5587 (ENSG00000266124)	0.34669594118674574	1.1948963043182115	0.97410657051022	-0.36100818260746675	-0.9169265446989681	-1.2377640887087493
ARL2 (ENSG00000213465)	1.096985128281201	0.5036640597182666	1.0545094729555506	-0.68255361901455	-1.0850221901113306	-0.8875828518291401
HIGD2A (ENSG00000146066)	0.976442273723438	0.9017729815013104	0.8544263870056716	-0.8522966898082993	-0.8728549168352867	-1.0074900355868315
RBM7 (ENSG00000076053)	-0.757911861698073	-0.938376543914268	-1.0065555518125644	0.6552738779215445	0.9680646551552665	1.079505424348092
PIM1 (ENSG00000137193)	0.9011091642616724	0.8153714930828302	1.0131551147068287	-0.8566952548586125	-0.8701058640514795	-1.0028346531412167
CLIC2 (ENSG00000155962)	-1.0963726373327212	-1.0277879095686628	-0.5655915856194005	0.8197991561009839	0.9603978175869639	0.9095551588328306
TNFRSF14 (ENSG00000157873)	1.00054313308464	0.8873657687386236	0.8397653700935946	-0.8046717073521006	-0.891417167729141	-1.0315853968356015
SLC25A10 (ENSG00000183048)	1.0457299101214532	0.783012027407901	0.8802495481005685	-0.9449840958501411	-0.6953946435658008	-1.0686127462139756
NR1D1 (ENSG00000126368)	0.9721509904230196	0.8150613175206356	0.9459402796994929	-0.9411470462786198	-0.84912636465765	-0.9428791767068706
SYNGR1 (ENSG00000100321)	0.8923899322209561	0.9484391570926473	0.6180170863985394	-0.853471265236661	-0.1299576607040132	-1.4754172497714673
AC135178.3 (ENSG00000265749)	0.7581606028399398	0.921972025598289	1.037441216824984	-0.9937538640041871	-0.7488803488732778	-0.9749396323857439
PRR33 (ENSG00000283787)	0.7529004026700153	0.9233152990048906	1.0425984173473928	-1.0364268771135072	-0.7952355152734347	-0.8871517266353528
RNPEPL1 (ENSG00000142327)	0.9628838596966202	0.8423328938451005	0.930291996253115	-0.8657413757232764	-0.9213999156940947	-0.9483674583774772
FAAP100 (ENSG00000185504)	0.9418259621940236	0.875912571544332	0.9199985920125364	-0.9321698017708602	-0.9163187016487876	-0.8892486223312367
RAB43P1 (ENSG00000259856)	1.2016433713800272	0.4903759919883854	0.8648825342317578	-0.5295156179518757	-1.3543017446572205	-0.6730845349910758
PUSL1 (ENSG00000169972)	1.0145616874121106	0.7793919108495574	0.9325642145439342	-0.8149383718670364	-0.9215531315692459	-0.9900263093693225
ESF1 (ENSG00000089048)	-0.8987310934538613	-0.6625491231710271	-1.1422415580044498	0.913606873806957	0.9724819892740147	0.8174329115483614
TMEM144 (ENSG00000164124)	-0.8493902493345936	-1.1075208397058118	-0.7635669971638115	0.8781870756250072	0.9394295306889016	0.9028614798903084
CST3 (ENSG00000101439)	1.0088633116893833	0.9493462626838456	0.7553647277039227	-0.7275033907176498	-0.9264749417985234	-1.0595959695609782
TJP3 (ENSG00000105289)	0.8315091766517707	0.5183527044037953	1.2290933513073097	-0.9393318621636678	-0.4307707159037091	-1.208852654295499
TNK1 (ENSG00000174292)	0.6786193315155165	1.0718494790366018	0.8722433781938024	-0.4469997514717293	-0.9101839026887611	-1.2655285345854241
ZNF506 (ENSG00000081665)	-0.7972258305696901	-1.0285580273426453	-0.9001222915695669	1.0114117414296773	0.8149389816689175	0.8995554263832998
RRN3P1 (ENSG00000248124)	-0.4736296103151771	-1.7606098913352966	-0.005383964642859968	0.7828191830524511	0.7596558014088377	0.6971484818320429
ESRRG (ENSG00000196482)	-1.5842546019126227	0.1159453822124145	-0.8339796542195204	0.6736964856310923	0.7903334870491852	0.8382589012394532
KDF1 (ENSG00000175707)	1.0770592085675872	0.7887943734009699	0.8585413816428985	-0.9741835356615267	-0.8750304803289217	-0.8751809476209931
PAFAH1B3 (ENSG00000079462)	0.9344105586620421	0.7878377470665597	1.0037330908132969	-0.7889070478994428	-0.958397444181017	-0.9786769044614491
TMEM238 (ENSG00000233493)	0.9449752562989636	0.855198960435167	0.9259663968696078	-0.7805135241228875	-0.8825113079961575	-1.0631157814846959
MROH1 (ENSG00000179832)	0.9114175750065121	0.9367557047118801	0.874089156536191	-0.8068722253894597	-0.8121405073586234	-1.1032497035065025
UPF3AP2 (ENSG00000214832)	-0.7171148405089385	-1.1636820771221261	-0.7795108101806285	0.8311150742595674	0.6315520924662111	1.197640561085912
PIM3 (ENSG00000198355)	1.127019355306853	0.811578372451573	0.7727368378810026	-0.881873999136298	-0.807770092136728	-1.0216904743663924
RFLNB (ENSG00000183688)	0.7145792737399478	1.0557989957967104	0.7000975428495652	-0.3170258507467844	-0.5943612105032894	-1.559088751136153
H1FX (ENSG00000184897)	0.9981990777536686	0.797503663028931	0.9169386253605626	-0.7592727342712926	-0.8309268548048853	-1.1224417770669894
SPINT1-AS1 (ENSG00000261183)	0.6348265546205829	1.011184417826252	1.000684053152149	-0.697008694603397	-1.2803535822372816	-0.6693327487583142
TMEM150A (ENSG00000168890)	0.8919890399124445	0.7203698436359325	1.101332947211386	-0.8350752117929886	-0.8667212219177357	-1.0118953970490336
IL27RA (ENSG00000104998)	0.8541981057274096	0.9224289242906512	0.9414318753864939	-0.7173155808380333	-1.092967374652164	-0.90777594991436
DUSP23 (ENSG00000158716)	1.1048386112531692	0.7322873097464456	0.8680130250976859	-0.7193247890445447	-0.9773629153180687	-1.0084512417346871
PPP1R13L (ENSG00000104881)	1.0505724168569885	0.7551036150214265	0.920583948469502	-0.8963515645375271	-0.8935908167251284	-0.9363175990852602
ZNF276 (ENSG00000158805)	1.0062230685001794	0.8966852323770261	0.8264244382835578	-0.8619649522231109	-0.8500819390791573	-1.0172858478584952
AL358613.2 (ENSG00000279607)	1.0867610956101725	0.7306499057419421	0.8578313630137668	-0.7498241468361736	-0.7044723166910123	-1.2209459008386956
HLA-DMA (ENSG00000204257)	1.037527979420095	0.7999612263340856	0.8906148439363974	-0.8298707326281392	-0.9551429412560533	-0.9430903758063905
TMEM143 (ENSG00000161558)	1.0421258456609712	0.7899684215468561	0.8790406650303656	-0.8247499405811343	-0.7732300130211947	-1.1131549786358614
AL139022.1 (ENSG00000259118)	0.7091980335615501	0.7717161987153847	0.8446849658428727	-0.515776661120697	-0.10358574337260269	-1.706236793626507
PDXP (ENSG00000241360)	0.7983828551996156	0.4535534514010017	1.3449658978022172	-0.7786302437926218	-1.1196345540240387	-0.6986374065861767
AL080317.2 (ENSG00000271789)	-0.6355715194723451	-1.2028236133503791	-0.842450873208679	1.0292108162327496	0.9161404067775715	0.7354947830210821
AC073335.2 (ENSG00000273142)	1.085432338589733	0.8925611972334263	0.6900711875166426	-0.7554737918267237	-0.6831378025781656	-1.229453128934915
ACAP3 (ENSG00000131584)	1.0002324411730448	0.9478729917263613	0.7773403978717712	-0.857514088652485	-0.8420451112373443	-1.0258866308813428
CYB561D2 (ENSG00000114395)	1.0655258904600524	0.9130839824441436	0.7422947214097281	-0.859999367441887	-0.8639405069056282	-0.9969647199664141
RPS28 (ENSG00000233927)	1.0322403207962125	0.8054561176651117	0.8857215780743074	-0.7789008830965727	-1.0167423950410592	-0.9277747383980047
PPIL4 (ENSG00000131013)	-0.7505145052623325	-0.8761157949790442	-1.0909104501193798	0.7990905661069352	0.9471380447923179	0.9713121394615062
RAB40B (ENSG00000141542)	0.8874858304021913	0.8089852322862185	1.0203748297007311	-0.7151338585323441	-1.0317188815753573	-0.9699931522814396
CYBA (ENSG00000051523)	1.0621008540997778	0.8467543978497502	0.815956768337303	-0.8849117568874426	-0.8378586871365188	-1.002041576262893
HIP1 (ENSG00000127946)	0.8817301614539147	0.9437842938917135	0.7580455846890225	-0.5360842865284406	-0.5914618204773461	-1.4560139330288593
NBPF13P (ENSG00000227242)	0.8498425284433118	0.7408126564116927	1.0201749928554376	-1.119216766869583	-0.3438702589767311	-1.1477431518641317
FGD4 (ENSG00000139132)	-0.984295550554029	-0.782236361220058	-0.9633355256741706	0.9049732808184566	0.8526255568000428	0.972268599829753
RNF207 (ENSG00000158286)	0.7912812272142624	0.9905192122191939	0.9365775595273415	-0.7209199986788289	-1.0202151437276106	-0.9772428565543648
AL662797.1 (ENSG00000272540)	-0.27440973462152984	-1.2728900687449667	-0.9837185874202228	0.5598064630544446	0.7849490388612677	1.1862628888710047
AL603750.1 (ENSG00000280099)	-1.3712022562052322	-0.10305030319406693	-0.9990184420417253	0.8241942112863453	0.6346385106402228	1.0144382795144586
AL031727.1 (ENSG00000226396)	0.8718009517179003	0.7074858541647266	0.9482113885988523	-0.8081085733085354	-1.4551493547452308	-0.264240266427712
TAF13 (ENSG00000197780)	-0.9541174836854085	-0.6672251479363097	-1.08718113296954	0.796130877299291	0.9507209559745631	0.9616719313173991
SARS2 (ENSG00000104835)	1.1636761214867692	0.3533666992601899	1.0911895139035297	-0.687848743406768	-0.8788811495873257	-1.0415024416563978
ZNF66 (ENSG00000160229)	-1.5884034101097668	-0.3915468776010706	-0.4935630703928851	0.9065657713250956	0.9070401264718236	0.6599074603068042
SH3BP1 (ENSG00000100092)	0.873787286639731	0.7845768471710654	1.0126882276546845	-0.5972531918721993	-0.8267036891955908	-1.2470954803977
APBB3 (ENSG00000113108)	0.9851641760383992	0.9407568964222781	0.7810531695679372	-0.7566803153403326	-0.8019481548461153	-1.1483457718421526
AC104109.4 (ENSG00000273345)	0.9277237012031323	0.6865478358931877	0.8476408073331947	-1.6075881187856016	-0.4374422898195606	-0.416881935824356
CEP170B (ENSG00000099814)	1.0510861793515192	0.9036717529273369	0.7574423106027697	-0.9084403687173774	-0.739341315043659	-1.064418559120587
ZSCAN31 (ENSG00000235109)	-1.1477198026148503	-0.9177089485571559	-0.6341344776814254	0.8733057282411648	0.8492856598834423	0.9769718407288245
SLC12A4 (ENSG00000124067)	0.9398232833827848	0.9478575019605002	0.8421553593159565	-0.946126233312846	-0.7843669808020682	-0.9993429305443197
HNRNPA3P6 (ENSG00000213300)	-0.6188276050106856	-1.1304010117337007	-0.8983990645640744	1.065754711775009	0.52155671826817	1.0603162512652842
PSMC1P1 (ENSG00000241506)	-1.1711411721885816	-0.5577789231161986	-0.953509927049186	0.8161149793522937	0.9170288612901866	0.9492861817114872
C16orf86 (ENSG00000159761)	1.1721253506641736	1.0332879322154074	0.4063553348045805	-0.9736351641887595	-0.5914623389725598	-1.0466711145228422
WDR97 (ENSG00000179698)	0.6862382823142833	0.9400556776193397	0.9811361994775021	-0.7219101018639794	-0.5045837160538632	-1.380936341493279
RELB (ENSG00000104856)	1.1778652908108964	0.8375786338733215	0.6796482670945225	-0.9034339483538263	-0.7775897624389042	-1.0140684809860228
TSPAN4 (ENSG00000214063)	0.8240702409624754	0.8663651369029184	1.0399340103160115	-0.8978984518774356	-0.9590165715974395	-0.8734543647065316
AJ239328.1 (ENSG00000280604)	1.0467351436153631	0.8184743832079732	0.852351260917439	-0.9611450292376421	-1.0225072652135494	-0.7339084932895824
CHST12 (ENSG00000136213)	0.9829174684962296	0.8773340681959229	0.8626452536257856	-0.7821655011765827	-0.8585633419385178	-1.0821679472028403
ZNF404 (ENSG00000176222)	-0.715791951650417	-0.23785562697911453	-1.5362815276574788	0.8836576151357839	0.8037752826008528	0.8024962085503702
TMEM102 (ENSG00000181284)	0.5789985886075617	1.1425044676472178	0.9594701538232893	-0.7907618476809294	-0.828685316348719	-1.061526046048414
KCNC4 (ENSG00000116396)	1.063368378832995	0.8711110492596953	0.7827037343917442	-0.8849395806680351	-0.7817496175642046	-1.0504939642521895
SLC52A2 (ENSG00000185803)	1.0404228936781947	0.8408425008293262	0.8456318600963784	-0.807015827361167	-0.9358165001405455	-0.9840649271021635
CLCN2 (ENSG00000114859)	1.1074231397782395	0.8344944668625337	0.7467576350729568	-0.6836119237076614	-0.8574087940269546	-1.1476545239791114
AP001469.1 (ENSG00000223901)	0.8742236487136169	1.2701499119670407	0.46907392147252625	-0.6900902413623569	-0.7660440244268686	-1.1573132163639572
CCDC153 (ENSG00000248712)	0.4926016371905307	0.8399294642872641	1.2584869648435477	-1.0670254294445924	-0.47195094641056096	-1.0520416904661865
RAB8B (ENSG00000166128)	-0.9272108308619484	-0.9499877818822794	-0.8536444537806571	0.8736278831702508	0.8255429540895797	1.031672229265052
CCDC183-AS1 (ENSG00000228544)	0.7669692166045524	1.201538701858337	0.6888546310578122	-1.1296649607244669	-0.9227031004339714	-0.6049944883622593
GALK1 (ENSG00000108479)	1.2097513960796396	0.8211536644514846	0.6584096690170149	-0.7878601480525514	-0.9611328457911754	-0.9403217357043993
LDHB (ENSG00000111716)	0.6826482148345477	0.9671407751581552	1.032568710819735	-0.8335705092922944	-0.6708337808056178	-1.1779534107145258
ECH1 (ENSG00000104823)	1.2431499460665523	0.7809775182990217	0.6607490047443778	-0.9431347816586966	-0.841478574687813	-0.900263112763437
ARHGAP22 (ENSG00000128805)	0.9576894547109204	0.9648921484528601	0.7918568824543123	-1.1160280638776285	-0.8292064639486433	-0.7692039577918208
ZNF467 (ENSG00000181444)	0.5098354960144631	1.1641449570317484	0.8284178618432689	-0.19689280661684344	-1.1202448276791486	-1.18526068059348
AADAT (ENSG00000109576)	1.0090834094088548	0.6175266230896513	1.0046155619562662	-1.1388138700343233	-1.0467185134665618	-0.44569321095388803
TICAM1 (ENSG00000127666)	1.0260888753130772	0.7876287393223079	0.8994355375951556	-0.7869252843676187	-0.8158556573893608	-1.1103722104735536
FBXO48 (ENSG00000204923)	-0.6822257645286411	-0.9096845051791295	-1.1197039307775225	0.8794110989136141	0.8891086715879533	0.9430944299837283
CXCL10 (ENSG00000169245)	-1.0313654411915794	-0.8013538155785545	-0.8971675055981936	0.9308350953104544	0.8523006768927343	0.9467509901651389
LMF2 (ENSG00000100258)	1.0184841606814716	0.830913327882545	0.8793360574568019	-0.8051174684286462	-0.9434013947520846	-0.9802146828400955
STAT5A (ENSG00000126561)	0.9714323076504405	0.6116472685043106	0.925009786289361	-0.6129637563378874	-0.3752479038020679	-1.519877702304158
TP73 (ENSG00000078900)	0.9885895891780824	0.9805071068180287	0.7494947498972464	-0.7707154930492471	-0.9089713601326515	-1.0389045927114615
UQCRB (ENSG00000156467)	-0.9560589561957609	-1.025964730915907	-0.7399597998648968	0.830893966975976	0.8850775494918578	1.0060119705087205
TMEM129 (ENSG00000168936)	1.0050890485087554	0.8404118252968186	0.8742023573453452	-0.7657945830360828	-0.8675163030489258	-1.0863923450659028
RPUSD1 (ENSG00000007376)	1.0842825925656325	0.8194997952003463	0.8096565742260275	-0.8532562379878025	-0.7904105008732808	-1.069772223130918
MACC1 (ENSG00000183742)	-1.023879325164362	-0.7922211501810784	-0.9147852290338442	0.9025964100985416	0.8894099535434444	0.9388793407373014
E4F1 (ENSG00000167967)	0.9989881372676166	0.9519941224074153	0.7739428490319935	-0.9378470007392189	-0.7926398960386453	-0.9944382119291534
SAC3D1 (ENSG00000168061)	0.8927943243824633	0.7383925576613352	1.0881766965601603	-0.8322640912074999	-0.9564036735405198	-0.9306958138559468
ARSA (ENSG00000100299)	1.0809286198795602	0.9188350618977786	0.7108210072333051	-0.8043202188817776	-0.8576968802725762	-1.048567589856306
TRMT61A (ENSG00000166166)	1.1439714813586526	0.7584383464512636	0.7588605865645683	-0.749897982201665	-1.2306515445225534	-0.6807208876502673
IL17D (ENSG00000172458)	0.7565799848502592	0.8506982650641425	0.9176538628715996	-0.751024585771033	-0.2851237664713891	-1.4887837605435814
DVL1 (ENSG00000107404)	0.9367216892833814	0.8360270609323229	0.9469216110389878	-0.8668159127090885	-0.7546045504358385	-1.0982498981097677
AC011498.6 (ENSG00000267769)	1.1437013259272335	0.4254980590978179	0.981343481694771	-1.303703477516873	-0.4351158693776042	-0.811723519825344
ZC3H12A (ENSG00000163874)	1.0676949182207476	0.7889244399238275	0.8660353367742941	-0.9293512773745577	-0.8073594506840306	-0.9859439668602678
C2orf74 (ENSG00000237651)	-0.6256492804430076	-1.1741053058306639	-0.8514360617353405	0.986179867205585	1.1030743842836832	0.5619363965197413
SPPL2B (ENSG00000005206)	0.8669297702345827	0.9708888869364087	0.8866029535700913	-0.7729082163726948	-0.8804850584631962	-1.0710283359051838
RGS2 (ENSG00000116741)	-0.8832883614292919	-0.8046662907935885	-1.034902728535281	0.8208231324386964	0.8543930643772875	1.0476411839421882
AL133410.1 (ENSG00000227388)	-0.6244849538942315	-0.29294972414975495	-1.5611482252220692	0.6813799222107683	0.8362823746107269	0.9609206064445571
TMPRSS9 (ENSG00000178297)	1.1771069750658174	0.9473785697012195	0.552123953930915	-0.9465186216868343	-0.7661833328748356	-0.9639075441362779
AC005329.1 (ENSG00000248015)	0.9310669411623084	0.8956168367969518	0.711899011058453	-0.6813125346592137	-0.3650433147705404	-1.4922269395879622
SEMA3F-AS1 (ENSG00000235016)	0.673176718552161	1.2002903665093971	0.8147309725354868	-0.8860738664146771	-1.0302845531789804	-0.7718396380033848
PHETA1 (ENSG00000198324)	0.5659308241217537	1.218033889757372	0.7041811842409524	-0.7091592031613552	-0.33499312222067273	-1.4439935727380526
HMGN5 (ENSG00000198157)	-1.012512078618375	-0.7346706265464193	-0.9632070727545635	0.7482060013431447	0.8752247801712854	1.086958996404925
B3GALT6 (ENSG00000176022)	1.165519022752079	0.6268882573669473	0.9018557403855729	-0.9712085400354832	-0.9228800899721782	-0.8001743904969405
PARD6B (ENSG00000124171)	-1.1596382967069603	-0.9843910059823752	-0.4943536156553644	0.7278364948765385	0.7467209527527856	1.1638254707153746
NUDT18 (ENSG00000275074)	0.9765059222892204	0.7326727167090661	0.995691434364903	-0.6805314678819604	-0.9568115216336206	-1.0675270838476072
AL033527.3 (ENSG00000261798)	0.5763751129120452	0.830217198541988	1.1127875510932326	-1.37027134230332	-0.2564613087647632	-0.892647211479187
CFAP410 (ENSG00000160226)	0.9516782931141085	0.9003410939689541	0.8526899121574254	-0.6918093668167123	-0.8450018543616814	-1.1678980780620993
PLCD1 (ENSG00000187091)	0.857876506000356	0.5997464337726265	1.2164684158805645	-1.0089736657674602	-0.7320093795127043	-0.9331083103733814
SPACA9 (ENSG00000165698)	0.6397230070916715	0.8423860636481331	1.033906210345903	-0.30330236524040005	-1.4752308223358157	-0.7374820935094887
FAM189A2 (ENSG00000135063)	-1.5569546166410029	-0.5585207764022058	-0.3740719780499073	1.025627842222932	0.7150134515829781	0.7489060772872028
LENG8 (ENSG00000167615)	0.9949413244235933	0.8622131568844029	0.8521351658564713	-0.7837075877770799	-0.7725081149275217	-1.1530739444598421
BHLHE22 (ENSG00000180828)	-1.2306589085707857	-0.07923340777586264	-1.179411985068288	0.7086003421084226	0.8727402343715132	0.9079637249350054
PRKACB (ENSG00000142875)	-1.1217329416632629	-0.7919657038724904	-0.8008787856136049	0.8582001566902868	0.845960598447084	1.0104166760119953
AL109811.3 (ENSG00000271895)	0.6676718552566943	0.9140449694653152	0.929086430250307	-0.41918482941779606	-0.5496314460724488	-1.5419869794820764
AP000873.2 (ENSG00000247137)	-1.3608580457714674	-0.5462247227005983	-0.7269097228439327	0.911839528194007	0.9200232670233043	0.8021296960986857
GIPC1 (ENSG00000123159)	0.860916277058075	0.8667298984302081	0.991433581906133	-0.8941264382423707	-1.0856420481881361	-0.739311270963916
AC005381.1 (ENSG00000267243)	-0.9386269385899618	-0.997503648870482	-0.7135203679842832	0.988400876573855	1.1898202649247842	0.4714298139460784
NAGPA (ENSG00000103174)	1.0608411809543237	0.7350049642645076	0.9146844321080851	-0.7517530234747576	-0.8951310772300938	-1.0636464766220624
ZNF695 (ENSG00000197472)	-0.5807711250652812	-0.7873310958741419	-1.263380567113112	0.8300130842748822	0.6408157091548874	1.160653994622772
FAS (ENSG00000026103)	-1.1561854641069151	-0.4850267702052462	-1.0226376038799092	0.8444328435546674	0.9933464326153978	0.8260705620220001
ZMYM1 (ENSG00000197056)	-1.2828611828083774	-0.8257409803024409	-0.5476076133482665	0.8570797395315742	0.8007601701698694	0.9983698667576463
PKD1P5 (ENSG00000254681)	1.2372367473915455	0.6330463988517323	0.7766856270253415	-1.1069457567159355	-0.9344690567648157	-0.6055539597878575
HEXDC (ENSG00000169660)	0.9815148784296661	0.961921529091168	0.7820150258278031	-0.8527231255604016	-0.8386512366045948	-1.0340770711836382
FAM86HP (ENSG00000253540)	1.0305966779519506	0.8472044313319861	0.7474691395496197	-0.7330861768114472	-0.5375523191488543	-1.3546317528732539
EVI2A (ENSG00000126860)	-1.0901363204826446	-0.8692289385298106	-0.7599757221674628	0.8469196019411471	0.8720739839214802	1.0003473953173014
SLC26A11 (ENSG00000181045)	1.0576578465049105	0.5991218516344697	1.0259544961004055	-0.9199597653434368	-1.068225975303449	-0.6945484535928986
LSR (ENSG00000105699)	0.9926328738141907	0.8047268735406318	0.9319434203402103	-0.9328403519675242	-0.8123662469869859	-0.9840965687405254
DUSP8 (ENSG00000184545)	1.0038243358755312	0.8965924049298167	0.8149768870553469	-1.0019312998196237	-1.0186393653655894	-0.6948229626754872
SESN3 (ENSG00000149212)	-0.9482077264369165	-1.0340797726145339	-0.7374676926937342	0.9541662739882171	0.7862617132474263	0.9793272045095306
LLGL2 (ENSG00000073350)	0.7857793190937101	0.7755670959571795	1.1333327421008834	-0.6766877137839578	-0.9732714841396627	-1.044719959228158
PYCR3 (ENSG00000104524)	0.9273423207869368	0.7722725892937262	1.0237785828650356	-0.8823021646772048	-0.8150873030074641	-1.0260040252610405
WNT10A (ENSG00000135925)	0.9758120324671046	0.8151915143815374	0.9313176237293244	-0.7573394419656443	-0.9058047226083377	-1.0591770060039627
CHTF18 (ENSG00000127586)	0.9414205204301683	0.8865419686078564	0.8810813901844464	-0.7524407599837973	-0.7896864156246072	-1.1669167036140613
AC110769.2 (ENSG00000270019)	-0.4375205168446422	-1.1219944689775354	-1.0353706483793748	0.4916786262788189	0.9415487476552274	1.1616582602675085
GLYCTK (ENSG00000168237)	0.8849377374899158	0.8118935014550754	1.019857373256776	-0.7921134772832944	-0.8241452578507196	-1.1004298770677639
GLIDR (ENSG00000278175)	0.5330583184989974	0.9138179206956325	1.1238740254399222	-1.232253709570091	-0.9881974060206363	-0.3502991490438326
IGFALS (ENSG00000099769)	1.1888109341788873	0.7883040718059849	0.5259472639259631	-0.20282982988808163	-1.1184133040517328	-1.181819135971015
MAZ (ENSG00000103495)	1.0067070993048366	0.7867975316772144	0.9246794642513584	-0.7593395463883899	-0.8863475228288775	-1.0724970260161528
MILR1 (ENSG00000271605)	-0.6341694453034363	-1.4782163003268918	-0.39123429934065307	0.9665010649049852	0.5000918763355467	1.0370271037304466
AC027601.1 (ENSG00000260005)	0.7976134213503244	0.7713605444985034	1.102625730418092	-0.9211191165900761	-0.5815732315630857	-1.1689073481137673
PITX1 (ENSG00000069011)	1.0588375383808089	0.7023561329232904	0.9546069032044562	-0.8337311502661626	-0.8774568053574342	-1.0046126188849587
LIPT2 (ENSG00000175536)	0.7342932888281437	0.6946948865248973	0.9401649863423882	-1.5675465285787142	-0.7981781161408107	-0.003428516975907573
AC009533.2 (ENSG00000255753)	0.8128605950374007	1.059538543211229	0.8185401017869645	-0.9211446524071062	-0.6279596375685007	-1.1418349500599834
GJA1 (ENSG00000152661)	-1.015760077957362	-0.9167680655554408	-0.7990377124669829	0.8825459201188368	0.9023531480177276	0.9466667878432266
GPR137 (ENSG00000173264)	1.0404046261949706	0.8773466993051655	0.7971885573945293	-0.787492261222855	-0.8321180390407393	-1.0953295826310792
STAP1 (ENSG00000035720)	-0.5668270651388128	-1.1821861104055378	-0.9363707671040465	0.878272144048272	0.8944900355166289	0.9126217630835002
OAF (ENSG00000184232)	0.98615700716531	0.7661926285592018	0.9631669526975404	-0.7143329802618639	-1.0081121404204902	-0.993071467739687
ALDH16A1 (ENSG00000161618)	0.9372585848515791	0.8701213699476036	0.9018006764163851	-0.7119172364578487	-0.8407804998665926	-1.1564828948911319
PNPLA6 (ENSG00000032444)	1.0764484872809783	0.7814441067710405	0.867538989701366	-0.8885811895570229	-0.8920277748094674	-0.9448226193869054
NPM1P27 (ENSG00000249353)	-0.9443572824132552	-0.9874790587069886	-0.7839294833454553	0.7070714696267894	0.9803427177409342	1.0283516370979673
RNF215 (ENSG00000099999)	0.6798376943874581	1.2914627371432972	0.695076795702045	-0.9886960087701805	-0.8073285259324944	-0.8703526925301295
CLSTN2 (ENSG00000158258)	1.1156674896310645	0.27906478766852416	1.178454841004935	-0.6290161525923602	-1.0114008258833305	-0.9327701398288302
TYMSOS (ENSG00000176912)	1.0332189701686465	0.9978575315935764	0.6497351331571775	-0.850773328493669	-0.6739301602062479	-1.1561081462194727
NLRP1 (ENSG00000091592)	0.9899335942114733	0.9125668132812131	0.8259925567576625	-0.919523117518507	-0.7965940764723809	-1.0123757702594556
DPM3 (ENSG00000179085)	0.7692383397806667	0.8518384946194173	1.0798775564106375	-1.1297517078279495	-0.7316098513734745	-0.8395928316092949
RHBDL3 (ENSG00000141314)	0.88185546806779	0.7724818192306256	1.0677931284312836	-1.0035632235955592	-0.8314909119703033	-0.8870762801638299
SPC25 (ENSG00000152253)	-1.0769095299743756	-0.8570948472271063	-0.7838053002823061	0.7933333764923199	0.8911003421205349	1.0333759588709412
ZDHHC8 (ENSG00000099904)	0.9477833181331298	0.8567623197864462	0.9226845208181919	-0.7932845078637881	-0.8749261426577526	-1.059019508216227
ZNF253 (ENSG00000256771)	-0.7516076934680973	-0.861327016735945	-1.1053082495737092	0.9750130931309536	0.8982570336828434	0.8449728329639571
MSC-AS1 (ENSG00000235531)	-1.0968149692130642	-1.1080544032750623	-0.38458872289088825	0.5417190333420551	1.1488229878274057	0.8989160742095489
MYLK (ENSG00000065534)	0.9413478936512014	0.9572698315263357	0.8138608109612856	-0.8097663314499947	-1.1374351375197196	-0.7652770671691004
QPCTL (ENSG00000011478)	1.1769788795631442	0.7801244974044279	0.7491322816728017	-0.8554497492804977	-0.9107506276643492	-0.9400352816955351
HMGB1P5 (ENSG00000132967)	-0.7345225893225279	-0.9989289863130519	-0.9913515559892635	0.8579401820810465	0.9090435033800802	0.9578194461637248
MTSS1 (ENSG00000170873)	-0.3783459535823053	-1.1646436800041915	-1.0412226421725483	0.6133788979334268	0.7640695933190259	1.206763784506595
LIME1 (ENSG00000203896)	1.0156095008844226	0.42044355154587176	1.1678928714596561	-0.9120791698700498	-0.5589701096038671	-1.1328966444160335
IQSEC2 (ENSG00000124313)	0.7374296419161072	1.053372786038162	0.798409592561219	-1.0285037419528291	-0.3148327612728048	-1.245875517289861
CRYZ (ENSG00000116791)	-0.9718783367288608	-1.1013629309596864	-0.6219558805640745	0.7696956767178258	0.8941443135558742	1.0313571579789325
ASPSCR1 (ENSG00000169696)	0.850373950929502	0.7248916587685746	1.1298814822828442	-0.8053531000997101	-0.8460657843796027	-1.0537282075015972
MPP7 (ENSG00000150054)	-1.4137873497210947	-0.5408996550034033	-0.6472111053556651	0.8770771210711589	0.7339918826901856	0.9908291063188173
AC005062.1 (ENSG00000243004)	-1.3633618113897714	-0.5800308250633421	-0.6944257944494668	0.9003177938773851	0.9044943209454839	0.8330063160797114
CD86 (ENSG00000114013)	-1.139536711590324	-0.8843706157926919	-0.6789391617184766	0.8480265728360782	0.8297913573902025	1.0250285588752146
PRXL2B (ENSG00000157870)	0.6724165850667685	0.8344041358674975	1.1339208916321524	-0.599794460682644	-0.7721159182809125	-1.268831233602855
MET (ENSG00000105976)	0.8334826618836793	0.7927591084594506	1.0830650334080285	-1.0256967703387985	-0.973114850145873	-0.7104951832664814
RGCC (ENSG00000102760)	1.1744887240218378	0.607417508883216	0.9094763639216912	-0.9412488629130619	-0.815739447962786	-0.9343942859508942
FAM19A5 (ENSG00000219438)	1.0124423868412673	0.8440031723850777	0.8772124839904003	-0.9465784653721971	-0.8817115096393022	-0.9053680682052321
STAC (ENSG00000144681)	0.7597110476626799	1.0160513573202543	0.9147429018431383	-0.6778764090476128	-0.8207474517631335	-1.1918814460153209
CSPG5 (ENSG00000114646)	0.6765434092055854	0.6752027902580983	1.2531845254912466	-1.2583438125948574	-0.5596240988493185	-0.7869628135107583
TMPRSS5 (ENSG00000166682)	1.1098854625151668	0.6140962830269686	0.9096877859616456	-0.8182002584187039	-0.5569554013334985	-1.258513871751584
PCED1A (ENSG00000132635)	0.9920604293697729	0.8047185169223809	0.9327896963559935	-0.8138046311086025	-0.9379603617096199	-0.9778036498299387
C15orf39 (ENSG00000167173)	1.000271969510284	0.8779868357480112	0.8520079211661205	-0.8401672544274515	-0.8723910025190937	-1.0177084694778593
PDLIM2 (ENSG00000120913)	0.8655084803876403	0.744646915165571	1.0790795581237658	-0.7694765402917063	-0.73947841221831	-1.1802800011669634
FKBP3 (ENSG00000100442)	-1.1568078685463297	-0.9136391166791031	-0.6135193687554199	0.7324904155600905	0.905091929335202	1.0463840090855574
TXNDC5 (ENSG00000239264)	0.9185542852974717	0.9493015198290993	0.8565953225091893	-0.7409795503231883	-0.9407521644880559	-1.0427194128245025
MAFG-DT (ENSG00000265688)	0.9121305693559617	0.9002924125479287	0.9096539202542177	-1.0988277286925205	-0.7609796225249918	-0.8622695509405914
INF2 (ENSG00000203485)	0.9751549928469552	0.9912436006565721	0.7601515983496184	-0.8365866004937734	-0.9074312753647221	-0.982532315994642
LIX1L (ENSG00000271601)	-0.9033798781915143	-0.7718099478764974	-1.0435053476229759	1.0480638960631854	0.7835062458695615	0.8871250317582394
ANP32E (ENSG00000143401)	-1.0187494499534662	-0.8681337340947375	-0.8414257221692202	0.8153023554072649	0.9018170359826916	1.0111895148274646
LINC01431 (ENSG00000232645)	0.7570545296355269	0.7556704770002024	1.1791834559540473	-0.7516090608344586	-1.0651757025782949	-0.8751236991770176
ARRDC1 (ENSG00000197070)	1.0827574503091757	0.8780064851113097	0.726564299348262	-0.8239111481681701	-0.6931147091158208	-1.170302377484778
DLGAP5 (ENSG00000126787)	-0.9644412903543091	-0.8618940742971399	-0.9026902814499107	0.8019564653414344	0.8854005008069782	1.0416686799529389
MST1 (ENSG00000173531)	0.6060311417275578	1.0327830982681878	1.0434280464071133	-0.8405057546423421	-0.7273526471805298	-1.1143838845799827
SIVA1 (ENSG00000184990)	1.1243338085993304	0.8409427349192852	0.7211799927561029	-0.7425570358355408	-0.7877967756269982	-1.1561027248121793
AP003096.1 (ENSG00000260808)	0.8407587519931472	1.120645233780092	0.6060227260647293	-0.7204125577996947	-0.45165405943759634	-1.3953600946006748
PRSS53 (ENSG00000151006)	0.7285836394821091	1.1600968553474784	0.7725052278156902	-0.7056248850535877	-1.2191942401910416	-0.7363665974006594
JOSD2 (ENSG00000161677)	1.1166589476258204	0.9944956993436316	0.5329944859746953	-0.7945848206444428	-0.6619524900827394	-1.1876118222169596
BRAT1 (ENSG00000106009)	0.9435306499813091	0.8875175298007294	0.9047968915845276	-0.8731142365271128	-0.8757166067223775	-0.9870142281170812
ZNF92 (ENSG00000146757)	-1.1821343517831642	-0.81521483230516	-0.7055198534433433	0.880991330573641	0.8637161162653664	0.958161590692671
PLEKHA6 (ENSG00000143850)	1.1003994025432127	0.9762711589901084	0.6141754265735572	-0.7330302920824788	-0.9291596546301334	-1.0286560413942687
ABHD17A (ENSG00000129968)	1.0021038047506237	0.9112986828501753	0.8156967214515328	-0.8094289267765411	-0.926523357006092	-0.9931469252696793
EXOSC4 (ENSG00000178896)	0.9596292046053555	0.7251792060646427	1.0366086197237387	-0.8318110358358015	-0.9717703071331109	-0.9178356874248149
MRPS2 (ENSG00000122140)	1.0105942831341201	0.8593561732455327	0.8459025772720049	-0.8533256960143639	-0.7552150860858333	-1.107312251551466
AC012306.2 (ENSG00000272667)	0.7933624779788921	1.009527287992208	0.9199569128244581	-1.0059388241560987	-0.7601922784558339	-0.95671557618362
STARD10 (ENSG00000214530)	1.0663059703743096	1.1505295617153337	0.3171206360998175	-0.8321424900799534	-1.2370167884384098	-0.46479688967109895
CHST14 (ENSG00000169105)	1.0600694571307225	0.7781439033031171	0.8667346990487543	-0.7821495497390251	-0.7893806503799977	-1.1334178593635809
XKR8 (ENSG00000158156)	0.8073169529755027	0.8776926723508122	1.0425516672066917	-0.9934198495579729	-0.8824762712512733	-0.8516651717237533
ULK3 (ENSG00000140474)	0.9634158493502586	0.877396766928412	0.8941312352625224	-0.8461034716548386	-0.9071101802863651	-0.9817301996000087
HLA-F (ENSG00000204642)	0.9920487566230302	1.0210486777308414	0.6677270060064432	-0.8954593090766164	-0.6359455334253754	-1.1494195978583337
MFSD13A (ENSG00000138111)	0.7833268273822548	0.7750959044832212	1.1421837629215263	-0.7699360913195575	-0.8546645553409187	-1.0760058481265247
ZNF721 (ENSG00000182903)	-1.1545424240831297	-0.7416786649762924	-0.8148551283826477	0.9381632084359186	0.8620107048094746	0.9109023041966849
ZNF524 (ENSG00000171443)	0.899935753409056	0.6726714452274746	1.1081835581097212	-0.6209129929974767	-1.065129948784336	-0.994747814964439
PRR15 (ENSG00000176532)	0.8609901303210282	0.7029002733414261	1.080071648181067	-0.46054862333028806	-1.057645727304033	-1.1257677012092058
ULK1 (ENSG00000177169)	1.0975495625233032	0.6778994791289457	0.917947714934344	-0.8346056664038015	-0.7435320605340244	-1.1152590296487723
TGFB1 (ENSG00000105329)	1.1059225799855905	0.8350070026468848	0.7761182274648296	-0.832599455971224	-0.8768621244725343	-1.007586229653555
SNORA55 (ENSG00000201457)	0.6795102135964498	1.1861245937034268	0.8091567114438865	-0.9189686381726178	-0.6649802515861528	-1.0908426289849897
NDUFS7 (ENSG00000115286)	1.0062117137264213	0.7810992509340912	0.9432135458188199	-0.8737728144536894	-0.9121309609945482	-0.9446207350310863
UNC93B3 (ENSG00000172971)	0.8816020834350482	0.8790471604156485	0.9081806086403201	-0.7040898227124436	-1.2981370711059483	-0.6666029586726233
BTG2 (ENSG00000159388)	-0.9731064772572208	-1.0049951891303266	-0.7485327172350661	0.9325158248217332	0.9402493240508799	0.853869234749992
TRAF4 (ENSG00000076604)	0.9064704672167203	0.9087155765150617	0.9204876362569675	-0.8583131156412035	-0.8825240011560297	-0.9948365631915135
GTPBP6 (ENSG00000178605)	0.9393800001901048	0.9093214876700518	0.8828931262608796	-0.9244173327504105	-0.7947146156260475	-1.0124626657445754
AL359921.2 (ENSG00000273058)	1.1083621123409286	0.8906152826460126	0.65382567904127	-0.9266285181503798	-0.5449912874414272	-1.181183268436404
TBL3 (ENSG00000183751)	0.8586189610769113	0.8323190861312557	1.0322523687395235	-0.8345712028109972	-0.8335777071522842	-1.0550415059843978
FAM89B (ENSG00000176973)	0.9658560129485672	1.0527592135274146	0.6952077221112761	-0.9662368994226581	-0.7875834593420724	-0.960002589822522
TAF1C (ENSG00000103168)	0.8946619928026734	0.9836334202374104	0.8362838095608286	-0.7996189875428709	-0.7846395451407998	-1.1303206899172389
CD79A (ENSG00000105369)	0.7359429660828397	0.6781078138041742	1.0871208997992907	-1.5116720854108934	-0.3498038151230726	-0.63969577915234
KDM6B (ENSG00000132510)	1.1067094448582135	0.5881856497053014	0.9833874412367113	-0.6821735225412617	-0.9501239563661829	-1.0459850568927886
NAPRT (ENSG00000147813)	1.0487639218078868	0.8428349048744675	0.8244850817935562	-0.758833509606666	-0.8819167403931062	-1.0753336584761441
HEY1 (ENSG00000164683)	1.2009202761834048	0.8223104024893668	0.6721031624999995	-0.9518244158971129	-0.9164265967286256	-0.8270828285470312
WIZ (ENSG00000011451)	0.9691478304124532	0.8907048177137433	0.870257649973986	-0.7796781603023738	-0.9806122453383509	-0.969819892459472
C18orf54 (ENSG00000166845)	-1.0411365600855682	-0.8652378988755655	-0.8109300925528787	0.8034409378155419	0.8287988288198489	1.0850647848786243
LPCAT2 (ENSG00000087253)	-0.9889501294327174	-0.6777091957328155	-1.04882009451231	0.8993690395327141	0.9563830865503717	0.8597272935947586
HCFC1R1 (ENSG00000103145)	1.0838056025895342	0.7700630958210615	0.8631046585618851	-1.0124619082067192	-0.7827581072927517	-0.9217533414730155
PDXDC2P-NPIPB14P (ENSG00000196696)	0.8670027098453368	0.7994031645478484	1.0154590510940888	-1.2002497452190153	-0.8820743149560695	-0.599540865312192
SYTL3 (ENSG00000164674)	0.6716673128140577	0.9989300640648336	0.9437430714825153	-0.4890524154872431	-0.7773775737906188	-1.347910459083548
DDR1 (ENSG00000204580)	0.6317428878029292	0.6346691809726819	1.151099955427324	-0.4196011967018784	-0.4068507585364007	-1.5910600689646512
ZNRF2P1 (ENSG00000237004)	0.7980683574963167	1.0098340837784123	0.9226512013889634	-0.8554619805394732	-0.9041002801945658	-0.9709913819296434
TEAD4 (ENSG00000197905)	1.1389660488407596	0.8290232377633688	0.7115165577630667	-0.7755652131422552	-1.170172785138362	-0.7337678460865833
BSN (ENSG00000164061)	0.6196079044713467	1.0023896290169976	0.8355246142772464	-0.12997276536172114	-0.8575364573115815	-1.4700129250922869
PSMG3-AS1 (ENSG00000230487)	0.8183411110636399	0.623019096999114	1.0378915715184704	-1.4539212813541273	-0.17695130181859742	-0.8483791964084993
GRIN3B (ENSG00000116032)	0.9655601194363923	0.7821003325177481	0.7384108142514353	-0.7379751920284396	-0.22665523951511574	-1.5214408346620227
TPMT (ENSG00000137364)	-1.2378528429364417	-0.7451581763380549	-0.7015969630025075	0.8571227117560761	0.8251119888034063	1.0023732817175286
AC137767.1 (ENSG00000256092)	1.1675318071705194	0.692397111902389	0.7367694242275973	-1.2629011144233044	-0.9220454207147474	-0.41175180816245177
AC010834.3 (ENSG00000253854)	-0.659930757010119	-0.35494552164564386	-1.5012392890015607	1.061311598421899	0.7180193843007339	0.7367845849346953
LHPP (ENSG00000107902)	0.5186250693884364	1.0056911297581643	1.1515172057455771	-0.95948743786203	-0.8646394784737049	-0.8517064885564515
FBRSL1 (ENSG00000112787)	1.1489546746892965	0.7391141366418327	0.7964641630999247	-0.7319815948573816	-0.8071118856267177	-1.145439493946963
ANKS6 (ENSG00000165138)	0.8617683052955409	0.862822999287005	1.002850106613501	-0.7738631755917179	-0.9702565951516687	-0.9833216404526604
JUP (ENSG00000173801)	1.0034921964744992	0.7351465980527522	0.9868295933198632	-0.8969258126958214	-0.8791261834792444	-0.9494163916720431
AP5Z1 (ENSG00000242802)	0.9885466246155352	1.0107884740645643	0.7144725020474265	-0.8471828981121888	-0.8093193627621403	-1.0573053398531886
PPDPF (ENSG00000125534)	1.0637405121213752	0.6936196969095803	0.955110451279817	-0.8332620012561093	-0.8527892677104841	-1.0264193913441817
JSRP1 (ENSG00000167476)	1.1081756134626497	0.7041011432490797	0.9022906492092291	-0.8640127903757614	-0.8848688949053656	-0.965685720639823
AC027290.2 (ENSG00000280138)	0.8075721967290359	0.9339869324868533	0.9784055167680544	-1.0664040514896365	-0.7435058086381807	-0.9100547858561308
NFIA (ENSG00000162599)	-0.69389364243709	-0.8693058668497515	-1.1459062606697479	0.9233135225097655	0.8562701204341591	0.9295221270126633
COPE (ENSG00000105669)	1.0027242057243768	0.8484823452836171	0.8647056819328343	-0.8160020541360066	-0.7822987973757932	-1.1176113814290312
TMEM175 (ENSG00000127419)	0.8544995619025311	0.8610254893395222	0.9991599854258675	-0.9413203905024902	-0.6974076982259788	-1.0759569479394517
CISD3 (ENSG00000277972)	1.0095588221392873	0.7974745590139855	0.9183635747887968	-0.839335809211906	-0.8472816004218551	-1.0387795463083114
AC007240.1 (ENSG00000284681)	-1.276162996462574	-0.49037727812148785	-0.8536547041184583	0.9105440699979525	0.6185330936286932	1.0911178150758676
SLC25A30 (ENSG00000174032)	-0.8831468691262186	-0.8059449213772468	-1.0366130789153565	0.946944818617637	0.7965372356684337	0.9822228151327511
HMMR (ENSG00000072571)	-0.9040887746240047	-0.95375977720387	-0.8713171826702996	0.8251706859449083	0.851332463878514	1.052662584674752
C19orf66 (ENSG00000130813)	0.8244641256346674	0.7660687218245217	1.0883815223992805	-0.8393803648997931	-0.643794897000826	-1.195739107957842
DDN (ENSG00000181418)	1.0482766573011497	0.7712841920955343	0.8419920018759782	-1.002299709110508	-1.1583521494800337	-0.5009009926821124
NUDT8 (ENSG00000167799)	1.107481771714643	0.8334693005269029	0.7546654773616703	-0.6676761607929851	-0.9538432382942953	-1.0740971505159416
CEND1 (ENSG00000184524)	1.140398993045744	0.7549959653626932	0.7464880455101333	-0.6429299842388638	-0.7157854148262147	-1.283167604853492
B9D2 (ENSG00000123810)	1.0341283266823724	0.4417255412594577	1.1597287753510828	-0.9232999538847277	-1.0459405922102758	-0.6663420971979107
MNX1-AS1 (ENSG00000243479)	0.5972888455752108	0.63690247258645	1.3253015107013701	-0.8024031737137012	-0.49537104207052773	-1.2617186130788047
XRCC3 (ENSG00000126215)	1.070089381873228	0.8356926970561347	0.7893827183044957	-0.6747470826601922	-0.874058464904976	-1.1463592496686792
POLE4 (ENSG00000115350)	0.8155741828523653	0.8608832962719777	1.0409601310674084	-0.7271327810572511	-0.9753715248151046	-1.0149133043193985
NBEAL2 (ENSG00000160796)	0.9293554196968455	0.9172199691943835	0.8808084674592404	-0.8310807437422294	-0.8246515045221916	-1.0716516080860454
GSDMC (ENSG00000147697)	-1.0383453214787126	-0.7290907585020187	-0.9512029098116666	0.8041699514679034	1.0128830744022042	0.9015859639222915
AC125232.2 (ENSG00000285793)	0.7803632763908155	0.7455744368310382	1.1778908316965548	-0.8163229385068439	-0.9450290398342784	-0.9424765665772933
FBXW9 (ENSG00000132004)	1.127199059365083	0.7986259898339474	0.790826603207005	-0.8964605094763421	-0.964971564111236	-0.8552195788184586
RPL13P12 (ENSG00000215030)	0.9088015564656962	0.8458660706157077	0.9780633667637887	-0.8203736405399219	-0.970568580722265	-0.9417887725830014
HLA-DRB1 (ENSG00000196126)	1.1579391897476476	0.7861292321783612	0.7633553450390651	-0.8102344252793529	-0.9145156644695203	-0.9826736772162064
ZNF267 (ENSG00000185947)	-0.8485127272826555	-0.9876778581235578	-0.8954853343018958	0.8135051069534694	0.9351644556146925	0.9830063571399386
DECR2 (ENSG00000242612)	0.7694299631912187	1.3273514175452452	0.515281801860265	-0.7470226986374225	-0.7283518126465485	-1.1366886713127635
TMEM201 (ENSG00000188807)	0.9231447361770029	0.9046005805476854	0.8871478102102109	-0.8755850627285424	-0.7143566027718359	-1.1249514614345124
SAMD10 (ENSG00000130590)	0.9637581681190491	0.7725415590103784	0.9674945708655682	-0.6854297938857875	-0.88349941658981	-1.1348650875194066
AC093297.2 (ENSG00000272335)	-0.6472227797205693	-1.1848827328593385	-0.8631850341068631	0.8190302228662381	0.9613709916783312	0.9148893321422004
C20orf27 (ENSG00000101220)	1.0301831991741552	0.8508980839917875	0.8490325569367821	-0.8859699185874867	-0.9871205802167179	-0.8570233412985259
DGCR6L (ENSG00000128185)	1.0979559754679915	0.9293774416235263	0.6854532385528144	-0.8880537297693637	-0.9733564307580943	-0.8513764951168685
CRAT (ENSG00000095321)	0.8990268348892918	0.7808457861525556	1.0154493166666514	-0.7038034175477816	-0.8053898362559367	-1.1861286839047733
MT-RNR1 (ENSG00000211459)	-1.0752038962929502	-0.3807378961677434	-1.1711293342571487	0.956548409431073	0.927790770696888	0.7427319465898758
CENPI (ENSG00000102384)	-1.075363725944344	-0.8396332516505606	-0.8074152429226572	0.818375980350056	0.9057945438891536	0.9982416962783495
PPAN (ENSG00000130810)	0.8835977248633738	0.9635752577747199	0.8534924077932163	-0.7281965401106211	-0.7779778414850357	-1.1944910088356449
TBC1D8B (ENSG00000133138)	-0.9922222039133318	-1.0091078855037439	-0.6813300414879987	1.0075343030045931	1.0771846018886488	0.5979412260118354
ETHE1 (ENSG00000105755)	1.1787559474950797	0.8504387600468657	0.6708076956721433	-0.9055705532427792	-0.9574426137780593	-0.8369892361932503
AL109918.1 (ENSG00000216775)	-0.7488762090237374	-1.0516109344717965	-0.9244979775321963	0.8822094948220922	0.9560126493728834	0.8867629768327374
ETV1 (ENSG00000006468)	-0.9204622116253602	-1.4450339508795456	-0.10886215781548268	0.7509838937302903	0.8181630095902546	0.9052114169998448
NCDN (ENSG00000020129)	0.9760321492098174	0.7776564752689152	0.9745290267746284	-0.8537341239714926	-0.8772474943481376	-0.9972360329337423
SLC19A1 (ENSG00000173638)	1.0345023116064043	0.7489593185377098	0.9393163204804289	-0.8579098967620196	-0.8560339732174619	-1.0088340806450529
TPRN (ENSG00000176058)	0.807745332392392	0.7950996179585557	1.1148648000654997	-0.9724065733544539	-0.9163804077528352	-0.8289227693091638
AJM1 (ENSG00000232434)	0.8340795274035706	0.961051860300818	0.9132983552201103	-0.7143933487438668	-0.8418918763982783	-1.1521445177823508
TRADD (ENSG00000102871)	1.0189038555377121	0.8475828148461306	0.8606383603807934	-0.7877886013445509	-0.941241606201264	-0.9980948232188244
CELF2-AS1 (ENSG00000181800)	0.876319105979389	0.9157906308466621	0.9333928280837849	-0.76795014600006	-0.8881754084113751	-1.0693770104983953
PSMC1 (ENSG00000100764)	-0.920082598752728	-0.9122741349364989	-0.9010412110677694	0.8022992911478969	0.9423815410451215	0.9887171125639634
DMPK (ENSG00000104936)	0.9399892839748757	0.9575019914232176	0.8292396843534467	-0.8984617973051404	-0.7848017510265497	-1.0434674114198528
IFT140 (ENSG00000187535)	0.9189362183141022	0.6394877898341124	1.125995030317633	-0.6697684014098566	-1.0266705867027384	-0.9879800503532412
SSB (ENSG00000138385)	-0.9267377622097387	-0.8715490436416158	-0.9386868844583866	0.8882498918817907	0.8886645204395834	0.9600592779883698
NME3 (ENSG00000103024)	0.9100775662296573	0.979951847532884	0.8412880897389301	-1.0168041886512142	-0.8541875722407789	-0.8603257426094856
SHROOM1 (ENSG00000164403)	1.0517586122168792	0.9157378423924455	0.7316401314795129	-0.7775274427708544	-0.7749404148894595	-1.1466687284285122
GRB7 (ENSG00000141738)	0.9752886296093762	0.8983385787051076	0.7647309866227611	-0.6642396126825895	-0.6215459168129034	-1.3525726654417576
SLC9A9 (ENSG00000181804)	-0.699719280863136	-0.8532926598542612	-1.1548242696704552	0.9156027920671092	0.8498204615079976	0.9424129568127569
LRRC45 (ENSG00000169683)	0.9031992158693017	0.9863605199004948	0.8284898181618667	-0.7245461425472446	-0.9163350278322693	-1.0771683835521553
TKFC (ENSG00000149476)	0.968885838199565	0.9058187466070132	0.8580807493740769	-0.959530767446339	-0.9625709647601968	-0.8106836019741075
ZNF708 (ENSG00000182141)	-0.8629339987897349	-0.9272665987701899	-0.9468652712310379	0.933854925683202	0.8781763040494203	0.9250346390583521
AC016727.1 (ENSG00000270820)	-0.09483740681544485	-1.3469129628006211	-1.049706078716703	0.8337325954295719	0.8827797263396686	0.774944126563527
ANAPC2 (ENSG00000176248)	1.0058280137366193	0.9090222652199504	0.804746425918235	-0.8217632201320658	-0.810730346113179	-1.0871031386295629
RPS23 (ENSG00000186468)	-0.7840700805280194	-0.972456721580428	-0.9739311106221299	0.8589976846008487	0.9044131031054539	0.9670471250242777
ZNF598 (ENSG00000167962)	1.1068425646040574	0.8128891337037627	0.8003998552052849	-0.8502432554949872	-0.9009136610082942	-0.9689746370098324
CELSR3 (ENSG00000008300)	0.7315620179125778	0.5988478830030186	1.230663767950379	-0.44640655319874534	-1.337045553861397	-0.7776215618058318
PHPT1 (ENSG00000054148)	1.1258713034027303	0.6850345981421271	0.8930090430069922	-0.8586093673828403	-0.8088769688618103	-1.036428608307199
TUBGCP6 (ENSG00000128159)	0.9102350311629475	0.9982820726080408	0.8117839582537337	-0.8245691077887745	-0.8080484853654931	-1.0876834688704429
LTBP3 (ENSG00000168056)	0.9467700365915264	0.9219844915955777	0.8441278245319204	-0.889067318235407	-0.7028286151949882	-1.1209864192886234
CTU1 (ENSG00000142544)	1.0838428877454698	0.6767280588956015	0.9489247283801163	-0.973176691406415	-0.7894482799998801	-0.9468707036148968
MYO1B (ENSG00000128641)	-0.9214580434366664	-0.5937935261607362	-1.1572147427337283	0.7643801838247852	0.7889598135098087	1.1191263149965411
RUSC1 (ENSG00000160753)	0.9766286630490107	0.8342399366837184	0.9125429974533308	-0.7869902504189307	-0.8603033288935014	-1.0761180178736192
POLH-AS1 (ENSG00000203362)	-0.5648696322851892	-1.4643068115112838	-0.494254573119912	0.5547189646888592	0.8313632564230194	1.137348795804497
CEP55 (ENSG00000138180)	-1.1933875835195846	-0.8747449175028353	-0.6187894419216066	0.8478267050584745	0.8252044619210946	1.0138907759644518
AC104447.1 (ENSG00000280173)	-0.8210902109664856	-0.5719948892076425	-1.268992462102342	0.7673105247896298	0.9945764137410594	0.9001906237457823
LINC00957 (ENSG00000235314)	1.294989114224956	0.5032094112273202	0.8185928881019985	-0.6260164630716522	-0.8809320204376044	-1.1098429300450239
AC018638.4 (ENSG00000243302)	0.9542369769068857	1.0152125420761122	0.749155263935278	-0.9789664745173791	-0.7558112672450563	-0.9838270411558463
FAAH (ENSG00000117480)	0.9233955321126536	0.9111095164312139	0.8938870244916897	-0.7552757186337739	-1.0105440337270966	-0.9625723206746954
VN1R81P (ENSG00000268357)	-1.340862943860663	-0.49215980164132245	-0.7662913716560558	0.881017463220391	1.1043006910092508	0.6139959629283979
MYLIP (ENSG00000007944)	0.5175774649013134	1.0179616809492003	1.1301787271794963	-0.7958204083822608	-0.7989795409042247	-1.0709179237435087
RAB26 (ENSG00000167964)	0.9876815308069542	0.7780282790706466	0.8888862763155839	-1.264740408702179	-0.5165733113066608	-0.8732823661843476
ZNF823 (ENSG00000197933)	-0.5756302543454274	-1.0892897643953885	-1.0267736491460313	0.8854282571245609	0.823908569815518	0.9823568409467667
BX255925.3 (ENSG00000284976)	1.0213711874472842	0.9552944344624837	0.6976644996075363	-0.6733454699367303	-0.7745346117041602	-1.2264500398764167
QSOX1 (ENSG00000116260)	1.1181965808296135	0.8344617532193617	0.7569423214719396	-0.8152081989819636	-0.8437010264085757	-1.0506914301303696
C15orf61 (ENSG00000189227)	0.40051516455848823	1.241472979336445	0.9699474531650102	-0.7776523259259879	-1.1048830577889361	-0.7294002133450191
NUF2 (ENSG00000143228)	-0.9605994548721041	-0.889999693937508	-0.8782327698925863	0.8237316226997455	0.8510142459087102	1.0540860500937426
PTMA (ENSG00000187514)	-0.8208622219728239	-1.0137057730335628	-0.8941211043051017	0.8921014496350368	0.8267482755758069	1.0098393741006477
KCNH2 (ENSG00000055118)	1.111676399031634	0.6697676830710846	0.9161148959415649	-0.9343954370496803	-0.7252925145357418	-1.0378710264588673
NTNG1 (ENSG00000162631)	-0.29650755042871063	-1.6551056761132965	-0.44026781687589606	0.8464691592782252	0.5880254890836365	0.9573863950560453
GPAA1 (ENSG00000197858)	0.9993788020701364	0.8556904302993037	0.8752898666085727	-0.8836350008782299	-0.8314441921038626	-1.0152799059959203
IRF9 (ENSG00000213928)	1.0004545104059204	1.0510597408845583	0.4962385493456816	-0.6112209211756933	-0.5213640370283023	-1.4151678424321676
PHBP9 (ENSG00000230224)	1.0405887718386766	0.8567530932713772	0.8234127407322388	-0.8952508888804303	-1.0495629310062047	-0.7759407859556618
SNORA2B (ENSG00000207313)	-0.9182353178287523	-0.5956484108019093	-1.1518546719076728	0.9617269255041586	1.0739645781180056	0.6300468969161663
FRAS1 (ENSG00000138759)	-0.7767400159626803	-1.389238454446332	-0.4122999339447981	0.6807407093876948	0.8203794720802203	1.0771582228858925
BIN1 (ENSG00000136717)	1.1038146640639632	0.8097231071478947	0.7994513625478691	-1.0445043688373383	-0.790032009475129	-0.8784527554472568
TRABD (ENSG00000170638)	0.9716816835254022	0.8603440841413444	0.9007982457070185	-0.8480832268579854	-0.8759015755330757	-1.008839210982707
NR2F6 (ENSG00000160113)	0.9039339886551266	0.7124162459458072	1.0971556681011274	-0.9513187201940261	-0.7975569641654104	-0.9646302183426246
SSR4 (ENSG00000180879)	1.0556908873458792	0.7976518439679087	0.865468912665683	-0.861666912552412	-0.7995981386805828	-1.057546592746479
PIEZO1 (ENSG00000103335)	1.0060805977125074	0.8875662818128222	0.835921906007965	-0.8318428556730184	-0.883219593653448	-1.0145063362068338
AL356481.3 (ENSG00000280758)	0.7797055132360589	0.8482151337993649	0.9887842370811148	-0.4023376202680379	-0.9055535478122332	-1.3088137160362683
HOMER2 (ENSG00000103942)	1.1082557568024267	0.8440292784798274	0.7654035041113554	-0.9684575537176228	-0.9281256624319657	-0.8211053232440182
TNFRSF10D (ENSG00000173530)	-0.8926136765050993	-0.7879820667596164	-1.041268930540125	0.8586657296090515	0.8197466374401821	1.0434523067556025
DDX11L2 (ENSG00000236397)	1.097941998315547	0.7547876411414179	0.8479243907031394	-0.7092869461680362	-0.8957240272967653	-1.0956430566953057
TMEM44 (ENSG00000145014)	0.7810515598217472	0.9290889371608102	1.013141139937485	-0.7731189683045494	-0.9976321893753277	-0.952530479240158
SLC39A13 (ENSG00000165915)	1.0011812800686957	0.7667435643031438	0.9377475525017108	-0.8369217946252252	-0.7296591784123319	-1.1390914238359904
AL138789.1 (ENSG00000233589)	-0.3193541107289745	-0.5955016563390474	-1.5702893759665784	0.7637166796256032	0.7811502293895135	0.9402782340194874
ANKRD9 (ENSG00000156381)	0.7256691533998639	0.9715095652988744	0.9881548652064813	-0.6090437950012813	-1.153685836811273	-0.9226039520926552
SMPD3 (ENSG00000103056)	1.01151621945303	0.8769380516033596	0.837101624105345	-0.7921092292793364	-0.8941615443111878	-1.0392851215712047
ENO3 (ENSG00000108515)	0.9820703493975619	0.8870858780102739	0.8188317735200785	-0.883508484215285	-0.6111464779935167	-1.1933330387191097
AC027307.2 (ENSG00000267317)	0.8636572726076965	0.9108396026161213	0.9385955610640162	-0.9976476266882669	-1.0537191804124144	-0.6617256291871454
Z83851.1 (ENSG00000233903)	0.9957477382523562	0.7400066209540151	0.8129909341289411	-0.4844492436942195	-0.5660084407173012	-1.4982876089237864
ANKRD13B (ENSG00000198720)	1.081077667853553	0.7975835096987566	0.8176973414531941	-0.8430035920328708	-0.7048832119173244	-1.1484717150553203
AF129075.1 (ENSG00000231125)	-0.9387201304481554	-0.9594928372088032	-0.7795296454641467	0.6566129525145291	1.2523172056559053	0.768812454950671
P2RX1 (ENSG00000108405)	1.0124078774982173	0.9783141502115774	0.6817403293133434	-0.954818872099458	-0.5704355540829594	-1.1472079308407321
SLC2A8 (ENSG00000136856)	0.7259348787641227	0.9357233616577565	1.0562292381709506	-0.8383168062912274	-1.0193218525315266	-0.8602488197700786
FAM155B (ENSG00000130054)	1.1144441071694295	0.678664212514002	0.8529913750963195	-0.637375913201725	-0.7340830878918083	-1.274640693686212
TMEM86B (ENSG00000180089)	0.6645476236747978	0.907387442763876	1.07772030158204	-0.7521163128802586	-0.6266381450969802	-1.270900910043482
PAQR4 (ENSG00000162073)	0.9311253924167243	0.8321634385181069	0.951445734307269	-0.859866260263246	-0.7329832204881125	-1.1218850844907418
BOP1 (ENSG00000261236)	1.0945756144147707	0.7451420026216029	0.8767960649883921	-0.8529186763465904	-0.8483324214478043	-1.01526258423038
PTTG1 (ENSG00000164611)	-0.8864685441861634	-1.0706295307973854	-0.7668306617398376	0.8458311545225404	0.9185419864566452	0.9595555957442097
RABAC1 (ENSG00000105404)	0.5653894075715767	1.2284157467757826	0.8678957002647594	-0.9764691748112603	-0.6932979446529118	-0.9919337351479508
RASSF8 (ENSG00000123094)	-0.9402780416043564	-1.1580287790325532	-0.5897628341975264	0.8695255552511748	0.8159973519659743	1.0025467476172896
SLC39A3 (ENSG00000141873)	1.0345300490168818	0.7711431169113429	0.9182442069557539	-1.0174837157834191	-0.8347449257466627	-0.8716887313538879
NUDT14 (ENSG00000183828)	1.0336468805433996	0.8922143348393003	0.7956772035256188	-1.0405852362065025	-0.7821410969620324	-0.8988120857397839
DENND5A (ENSG00000184014)	1.0308578360535752	0.8055132404408529	0.8322970958167134	-0.8214999202016061	-0.59580013397724	-1.2513681181322867
KPTN (ENSG00000118162)	0.8066379814459769	0.9144723242887564	1.0072152792764124	-0.8034996888715364	-0.9465415752661499	-0.9782843208734548
ZNF493 (ENSG00000196268)	-1.323748308777219	-0.8908800746306963	-0.38617802918810906	0.7368827937414348	0.820634011385509	1.043289607469082
SLC14A1 (ENSG00000141469)	-0.4504212355329666	-0.6930948821788004	-1.4322773603936503	1.0331593386266744	0.8347343175829968	0.7078998218957602
DPH1 (ENSG00000108963)	1.1043678360532287	0.9404520846887883	0.6400568255939217	-0.8757762723333594	-0.7010281529343029	-1.1080723210682852
SBNO2 (ENSG00000064932)	1.1018729588122051	0.8193127981955243	0.7789075842355918	-0.7187267828934342	-0.8714553695863058	-1.1099111887635784
EVI5L (ENSG00000142459)	1.1230768311430457	0.6074414273464458	0.9553718210916875	-0.818019475490379	-0.7867078113004068	-1.0811627927903962
TMEM198B (ENSG00000182796)	1.0642413464623919	0.9749386424062584	0.6645557225278406	-0.8302681549633942	-0.8123048024343116	-1.0611627539987878
AC009779.2 (ENSG00000258056)	-0.25075077433141474	-1.2607139111508343	-1.041489692516725	0.7454959127428391	1.0958314138429879	0.711627051413154
C2orf81 (ENSG00000284308)	1.1922522847249455	0.8865135621392036	0.5200751527453549	-0.8987237755840999	-0.48314832550233894	-1.216968898523068
FAM71D (ENSG00000172717)	-0.6614102704078804	-1.5730716903024506	-0.22210090566664142	0.8002040421627609	0.943365766719849	0.7130130574943716
TAF15 (ENSG00000270647)	-0.8403568271518002	-0.987711840270556	-0.9056995435816948	0.8498839082706996	0.9182633652432073	0.965620937490153
AC024293.1 (ENSG00000244313)	1.1939170596386504	0.7731901341364287	0.7338083888059063	-0.8445650318342486	-0.9594446139492027	-0.8969059367975281
TMEM119 (ENSG00000183160)	0.9671292844246382	0.9897681891280777	0.7539435586200821	-1.1143863993816288	-0.8123383937242101	-0.7841162390669622
NIFK-AS1 (ENSG00000236859)	-0.9929075447136838	-0.582671355284644	-1.113881487195038	0.7741636167694107	0.971551027727969	0.9437457426959877
CBLN3 (ENSG00000139899)	0.9816810609099214	1.0917036730050893	0.6302752354071826	-0.8278350062890695	-0.9737459088132179	-0.9020790542199089
SMIM30 (ENSG00000214194)	-0.9986209955957257	-0.9214002215420863	-0.8109938908068277	0.8321840964597235	0.9299646383753231	0.9688663731096082
CDHR5 (ENSG00000099834)	0.6168798044355082	1.0603144361724564	0.902774460928652	-0.3460723258745441	-0.9362850860579103	-1.2976112896041678
LIG4 (ENSG00000174405)	-0.7104894851030271	-0.9720546479041389	-1.0376109714387356	0.8489005645183799	0.9691606858101195	0.9020938541174053
RGS9 (ENSG00000108370)	-0.9382157272435478	-0.9330066056477008	-0.836757349216768	1.0247743185976723	0.6387055285345891	1.0444998349757508
TP53I13 (ENSG00000167543)	0.8199844072803545	1.0663616374880072	0.8348196871303668	-0.8895726625307894	-0.8042877635265534	-1.0273053058413917
COL9A2 (ENSG00000049089)	0.9528707316706967	0.7548482270601206	0.9923997810439357	-0.712072169074166	-0.8294437607940855	-1.158602809906513
PPP1R16A (ENSG00000160972)	1.1142392812875852	0.9563793819644334	0.6141714465886777	-1.0994715239459882	-0.768705226231151	-0.8166133596635718
MIR635 (ENSG00000207561)	-0.4004438951216324	-1.2173867184865317	-1.0000985110985965	1.0068690318918183	0.9569808204192852	0.6540792723956657
KCNJ11 (ENSG00000187486)	0.7276088957879833	0.8031724999071029	1.1200413810106373	-0.4934015020888982	-1.0659001994014616	-1.0915210752153592
CD274 (ENSG00000120217)	-0.5140078389334467	-1.0200212744981287	-1.1284468332230728	0.8768299541540874	1.0643801469413432	0.7212658455592251
SRM (ENSG00000116649)	0.986307122405351	0.8050537675205868	0.9404442391171443	-0.8452968558645026	-0.9615273120758242	-0.9249809611027611
WFS1 (ENSG00000109501)	0.9497524070440729	0.8366582049475025	0.932059107911907	-0.8592907892996818	-0.7526920032077901	-1.1064869273960016
PLXND1 (ENSG00000004399)	1.1117695740403941	0.7275901662861951	0.8758948740825783	-0.9349565210805313	-0.8249003422643344	-0.9553977510642914
LINC01134 (ENSG00000236423)	0.9048852182952742	0.9213182628191167	0.8702092957567887	-0.5922944186278661	-0.9791843865004343	-1.1249339717428748
DIAPH3 (ENSG00000139734)	-1.0529799104158544	-0.6802958972520837	-0.9695950057926127	0.7886768101834857	0.8262614690557832	1.0879325342213115
CHAC2 (ENSG00000143942)	-1.1048274002795648	-0.58513485336519	-1.0048579065570917	0.876151378529291	0.8554136166180348	0.9632551650544999
EFEMP1 (ENSG00000115380)	0.4936067760141339	1.0742657653801901	1.0077614719872634	-0.7368010689158806	-0.49918253880926206	-1.3396504056564402
SPATA2L (ENSG00000158792)	0.8246643592216849	0.7921419609085384	1.0854762573030508	-0.9516839253693127	-0.6801314635156251	-1.0704671885483348
SNHG11 (ENSG00000174365)	0.998518138219372	0.9342985233044266	0.7688738423869309	-0.7150540524568577	-0.8286726694041942	-1.157963782049679
NT5C (ENSG00000125458)	0.9036080108656659	0.8467450680147786	0.9456080210373886	-0.601741317217028	-0.9539166483872407	-1.1403031343135763
LINC00641 (ENSG00000258441)	0.5389858645405821	1.2103282529745576	0.8935579414627449	-1.1100150625088572	-0.9064199949714432	-0.6264370014975843
CCDC18 (ENSG00000122483)	-0.9713203085495806	-0.5742716976644502	-1.14423756356665	0.8351935679081282	0.9337843750276887	0.920851626844864
TEDC1 (ENSG00000185347)	0.8187273044781815	0.9873652603358506	0.9099372306157568	-0.6983522747541507	-0.9663976744129597	-1.0512798462626696
SYF2 (ENSG00000117614)	-0.7112114970843705	-1.0380454153360859	-0.9670549943340719	0.8143307076833267	0.881911594902851	1.0200696041683386
SLC2A4RG (ENSG00000125520)	0.9648065161384027	0.7544798655080777	0.9956886382775705	-0.7427823718589129	-0.9085879951920535	-1.0636046528730874
AC027601.5 (ENSG00000279187)	0.7730174883326852	1.0460627035608814	0.7997163931661947	-1.376783167408868	-0.6511722403072334	-0.5908411773436607
KCNK6 (ENSG00000099337)	1.2089675931256623	0.6055921441521059	0.8369297677959013	-0.6156775807144026	-0.9182061667579546	-1.1176057576013196
CACFD1 (ENSG00000160325)	0.8538051269866717	0.8869044361470823	0.9666725104616762	-0.6833836227844948	-0.8803490384344023	-1.1436494123765302
ISG20 (ENSG00000172183)	0.9666499509974786	0.915601733574169	0.85273351032867	-0.9398462376582729	-0.9501718061865813	-0.8449671510554784
HYAL2 (ENSG00000068001)	1.3115297109410404	0.6269476316603804	0.7024364680884152	-0.8346785345244717	-0.722178006788455	-1.0840572693769268
NME2 (ENSG00000243678)	0.9193755295865411	0.7492560373639555	1.035137922201753	-1.0495080733240818	-0.6657369407332621	-0.9885244750949057
CYBB (ENSG00000165168)	-0.981726655380949	-0.9599512604638046	-0.7816659390162348	0.8509189291096774	0.8207695414257443	1.051655384325573
PRX (ENSG00000105227)	0.9850051657487371	0.6972024563235207	0.816810707649762	-0.9294474431900015	-0.15994750722315812	-1.4096233793088535
ALG1L6P (ENSG00000238278)	0.6385243948469626	1.3041713076305468	0.6506586504428997	-0.8987993727402696	-0.5122636730038145	-1.1822913071763295
TOR2A (ENSG00000160404)	0.97385804537246	0.828146560553423	0.9137211077109134	-0.730015087867684	-0.8778723883484186	-1.1078382374206939
RGS1 (ENSG00000090104)	-0.8537314757994561	-1.0172656220106493	-0.8609215507713329	0.8658550825680218	0.8865255215367867	0.9795380444766328
GAMT (ENSG00000130005)	1.0210352904654199	0.8397447518407086	0.8353546510319004	-0.709920757446513	-0.7956380932322012	-1.1905758426593207
UNKL (ENSG00000059145)	0.9676416568437393	0.924044617370301	0.8326385625894408	-0.9558782290217881	-0.744367481463741	-1.0240791263179638
LINC01484 (ENSG00000253686)	-1.0607632109726863	-0.8853096475662576	-0.7621476201127406	1.0434151864505075	0.6989191985435289	0.9658860936576499
LAGE3 (ENSG00000196976)	0.968785288638575	0.7576351557498676	0.9871730210408984	-0.7138578005817	-0.9558840982986652	-1.04385156654897
XRCC4 (ENSG00000152422)	-0.8086067796710087	-0.9520083172972625	-0.9735142876476298	0.9100616001997793	0.9001718902208753	0.923895894195248
SGO2 (ENSG00000163535)	-1.2118200382072895	-0.7550443714712604	-0.7255226707122249	0.8179244543001029	0.8693653969167433	1.0050972291739375
PAXX (ENSG00000148362)	1.1200426306595166	0.5813862274650263	0.8861604257211066	-0.8109811665835879	-0.44878408969271527	-1.327824027569348
DGAT1 (ENSG00000185000)	1.016842816203407	0.9415834539397135	0.7677705543899305	-0.8941426435881209	-0.8376774441024266	-0.9943767368424975
CKAP2L (ENSG00000169607)	-0.8643654194059012	-0.8812282523723735	-0.988149048697954	0.8385776292258118	0.9679889751052864	0.9271761161451243
AC092368.3 (ENSG00000261512)	1.1713116145656812	0.6750033886732338	0.848394429797505	-0.9521940530810734	-0.9890986398600099	-0.7534167400953277
TMEM161A (ENSG00000064545)	0.9555843000608643	0.761513555879447	1.0070377563918558	-1.0030853027133662	-0.913645293416149	-0.8074050162026729
AC009133.1 (ENSG00000238045)	0.6882419082305692	1.0712695495624383	0.9244984529665249	-1.1530542402549784	-0.65926925531889	-0.871686415185661
GNAZ (ENSG00000128266)	1.0377644781369058	0.7292400079412924	0.9226293135411041	-1.1893403304032297	-0.7545273806686131	-0.745766088547467
CCDC22 (ENSG00000101997)	0.9145824056167904	0.8060188120273795	1.0007130222829166	-0.7686414787227602	-0.889241702120061	-1.0634310590842606
BEX5 (ENSG00000184515)	-0.8442045513454516	-0.6082897409369158	-1.2247239129828336	0.914958313673489	0.7640297216075672	0.9982301699841432
CCDC24 (ENSG00000159214)	1.0432913968146955	0.8659139905590906	0.7497860581759372	-0.9854746678928137	-0.4990696522355595	-1.1744471254213573
MAPK12 (ENSG00000188130)	0.9408339102121035	0.8773614258820369	0.9126977104504924	-0.8271317771642667	-0.8631368773987861	-1.0406243919815772
AL021707.6 (ENSG00000272669)	1.0112804538032358	0.9532824570891788	0.6523894793879929	-0.44049115903722014	-0.8876961283094038	-1.288765102933791
AL031717.1 (ENSG00000261207)	0.8867171869898762	1.2951466837324959	0.4460026924657297	-0.967303041321039	-0.9375163574966189	-0.7230471643704441
TRIM61 (ENSG00000183439)	-0.22183731521473993	-1.39108544202877	-0.8904426212372961	1.0157927548785226	0.9493469606724617	0.5382256629298284
LSP1 (ENSG00000130592)	0.9451260866759497	0.8548224409442291	0.9332354514273985	-0.8146679344617617	-0.936332961387269	-0.9821830831985496
ZNF501 (ENSG00000186446)	-1.1606522229416325	-0.8408635258544983	-0.6582787544376599	0.6045134057291309	0.8953957433005354	1.1598853542041303
EMP1 (ENSG00000134531)	-1.1271725625583595	-0.8543695244827166	-0.7325818005531464	0.8368591811792339	0.9538631977252436	0.923401508689748
MXD3 (ENSG00000213347)	0.9415409366125671	0.9177577800892048	0.8581329176231567	-0.8387085772276759	-0.7568827937459859	-1.1218402633512639
AC007569.1 (ENSG00000257221)	-0.7646319650363034	-0.7315232344306933	-1.1992773718689358	0.9572787897343853	0.9556030005385102	0.7825507810630459
NCLN (ENSG00000125912)	1.0053201820700797	0.8918370372756582	0.8354092508336354	-0.8533865385523465	-0.9070152655824788	-0.9721646660445603
ZCCHC10 (ENSG00000155329)	-1.158823060582167	-0.7944100671655914	-0.7567357517223082	0.8888085305901695	0.8600843860106419	0.9610759628692491
NSA2 (ENSG00000164346)	-0.9220181346683416	-0.935973960825364	-0.8755532883866788	0.8847952732018981	0.8365098692653667	1.0122402414131164
SLC6A8 (ENSG00000130821)	0.6049326384491599	1.1408835627444622	0.898603522072027	-0.8004711782362646	-1.2253928643752112	-0.6185556806541761
GNG2 (ENSG00000186469)	-1.2053811965954058	-0.9356592112441818	-0.5256741110759218	0.7765859986638511	0.8908147652084636	0.9993137550432005
HSPBP1 (ENSG00000133265)	1.142242506948519	0.7351951271550753	0.8116128365734003	-0.844906744998774	-0.7198908355231463	-1.1242528901550741
FASN (ENSG00000169710)	1.0060561347412222	0.9112313251060234	0.8112460797798905	-0.8354203739546624	-0.8775551564125033	-1.0155580092599887
NDUFA5 (ENSG00000128609)	-0.9760621740988565	-0.8861321663907477	-0.8616732953264867	0.8121651083868967	0.8280308660241096	1.083671661405109
CD244 (ENSG00000122223)	0.7365437329685837	1.0065424496406403	0.793137501439121	-1.067874094113002	-1.2804934704207975	-0.1878561195145566
KDM5B (ENSG00000117139)	0.7854249636076767	1.237799866021895	0.6218555752427509	-1.14692716001652	-0.6337915868898641	-0.8643616579659429
PPP1R12C (ENSG00000125503)	0.9978337053863631	0.9184549257225488	0.803157205805462	-0.7814880898039275	-0.8524816648428254	-1.0854760822676304
GPAT2 (ENSG00000186281)	1.0914076104229935	0.9778321167803892	0.5978193278196381	-0.6682972531779913	-0.8394743004862267	-1.1592875013588055
CCND2-AS1 (ENSG00000255920)	0.6483567139396851	0.95586143964425	0.8756647458910387	-0.07834122185203915	-1.2690905679270958	-1.1324511096958443
FJX1 (ENSG00000179431)	0.7892707415505597	0.918464179833985	0.9966768742542755	-1.002586045135166	-1.0592710221796504	-0.6425547283240143
ZBTB18 (ENSG00000179456)	-0.7629142912910848	-1.084253455228162	-0.875684126818593	0.9480833898422495	0.9171318459215927	0.8576366375740099
PCYT2 (ENSG00000185813)	1.0194328234528185	0.8245095108575089	0.8505490704655012	-0.6800824330189653	-0.8254447608916232	-1.188964210865228
NEIL1 (ENSG00000140398)	0.7863635020296535	0.7974804435888444	1.131120271663497	-0.9299500970525623	-0.8281664505294859	-0.9568476696999467
BCKDK (ENSG00000103507)	0.7548054956591197	0.925741097428131	1.0302518410793458	-0.7136642351844888	-0.9342861409786468	-1.0628480580034638
ASMTL-AS1 (ENSG00000236017)	0.68425811897618	1.0839264811322185	0.8978015452145881	-0.6699270231419815	-0.763595807581168	-1.2324633145998267
FAM160B2 (ENSG00000158863)	0.8535739245035543	0.8648544422265522	1.010057444500961	-0.8360130165867925	-0.863841297832293	-1.0286314968119818
IGHG3 (ENSG00000211897)	0.7461123465714073	1.18390032819258	0.6330396629360693	-0.4972706487315543	-0.6723689498507153	-1.3934127391177897
CYP51A1 (ENSG00000001630)	-1.0600941512147433	-0.5773520674257033	-1.0464338305321321	1.0682264024677732	0.835801983163226	0.7798516635415902
RBM38 (ENSG00000132819)	0.9539119985869972	0.8747990800744001	0.9026550645729542	-0.8332907773139754	-0.8645576973420689	-1.0335176685783318
SERPINB6 (ENSG00000124570)	-0.6753821392816926	-1.176521519027385	-0.8449778885375379	0.919098318216333	0.9905531275337734	0.7872301010964906
ARMC6 (ENSG00000105676)	1.0274039266263926	0.8031253964283848	0.8992138869541397	-0.8424640502498331	-0.9533392004749166	-0.9339399592841829
SPINK2 (ENSG00000128040)	0.9963864826981566	0.8927657564022143	0.8234605482457061	-0.7142464521460312	-0.8869022530569669	-1.1114640821430728
SRP9P1 (ENSG00000180581)	-0.899204410481944	-0.9007088818926907	-0.8513601389630875	0.9076980009297091	0.4772008740770192	1.266374556330997
SEC22B4P (ENSG00000277406)	-0.6753434574957657	-0.5433726447145849	-1.378736121009442	1.0539244952347495	0.620521795056272	0.9230059329287651
AL136295.5 (ENSG00000259529)	1.2437702480671142	0.8356455384017368	0.5750855438703718	-1.0730980177942941	-0.6856989250090032	-0.8957043875359287
AC137932.1 (ENSG00000260279)	0.8227887712826369	0.9990510927798917	0.8639592424371201	-1.221345659000058	-0.6471009034337163	-0.8173525440658835
AKR7A2 (ENSG00000053371)	1.0116390522733851	0.8657184194372195	0.8431111773093104	-0.9550316396864122	-0.7313708269602147	-1.034066182373282
TONSL-AS1 (ENSG00000232600)	0.8168739564473746	0.977845485582937	0.6636520036324578	-0.32466497712630543	-1.5933236367450037	-0.5403828317914615
UNC93B1 (ENSG00000110057)	1.0551978174054684	0.8139032194748888	0.8523607121675147	-0.8629034996361046	-0.8155283029243873	-1.0430299464873798
PLXNA2 (ENSG00000076356)	1.1051307932429335	0.7054035717968089	0.8944909800418933	-0.8550898623753309	-0.785920448101416	-1.064015034604892
MCIDAS (ENSG00000234602)	0.7457093069187092	0.9989841197165198	0.9004439816196436	-0.7286775544860034	-0.5923277335810805	-1.3241321201877814
PLEKHH3 (ENSG00000068137)	1.0553107486895368	0.9020089250043685	0.7533527569575734	-0.7458754244721781	-0.8859232214883729	-1.0788737846909278
MFAP1 (ENSG00000140259)	-0.8011612467924693	-0.9476434993157121	-0.975389351053264	0.7907848876274008	0.8819940846437558	1.0514151248902794
PYCR1 (ENSG00000183010)	0.8836827343154672	0.8502199245251324	0.9920229739581357	-0.8249848465640304	-0.8392647486858139	-1.0616760375489003
HSP90AA1 (ENSG00000080824)	-0.9890138352113785	-0.8994503757058302	-0.8399582953489899	0.8230991863419574	0.8669587714542376	1.0383645484700004
AC087741.1 (ENSG00000262580)	0.9636846322885191	0.8273630188454906	0.9383808412407344	-0.8305648504782621	-0.8671389742907609	-1.0317246676057226
FN1 (ENSG00000115414)	-0.8150564392353723	-1.0306120030940773	-0.8810058423632836	1.0076284036090548	0.9068316884961773	0.8122141925875042
LAMP5-AS1 (ENSG00000225988)	1.0506511531255545	0.6856089646674618	0.9724686206821499	-1.0486365846463688	-0.8673664301503853	-0.7927257236784275
PPIG (ENSG00000138398)	-0.9689042520558149	-0.8144424291286163	-0.9496373365795561	0.8980108877104158	0.9727597977057112	0.8622133323478726
ABCB9 (ENSG00000150967)	0.9168345939277569	0.9550426731731316	0.836893664424797	-0.6457560656661191	-1.0006792841211463	-1.0623355817384093
AC093525.8 (ENSG00000279520)	0.5371623818534714	1.1228011541494756	0.8365179004826115	-1.3991724845595104	-0.8579155601599523	-0.23939339176610006
LINC01560 (ENSG00000196741)	-1.0804955020670257	-0.8352219533901545	-0.7229053712253563	1.1274738355845704	1.0712948593724236	0.43985413172553794
IL11RA (ENSG00000137070)	0.8687880465868563	0.9219883036597976	0.9275588683864759	-1.0570031556458372	-0.6937141039791486	-0.9676179590081364
AC026124.2 (ENSG00000276853)	0.6681235263622338	0.6005621853071237	1.2937269339070263	-0.4126928047864551	-1.2131414945805594	-0.9365783462093737
EXOC8 (ENSG00000116903)	-0.6573773068361669	-1.0347340417102011	-1.018873395144665	0.8754798183550127	0.854217172332833	0.9812877530031933
SKA2 (ENSG00000182628)	-0.8461739091620115	-0.9244582405558287	-0.9602355765080919	0.8084558387596384	0.9069853813528828	1.015426506113411
INPP4B (ENSG00000109452)	-1.1685757085828328	-1.002799595133612	-0.4870878364192632	0.7495157171301066	0.8922030009018878	1.0167444221037074
LGI2 (ENSG00000153012)	-0.9941263337861671	-0.8838672562202612	-0.8479562609368843	0.8317124790703313	0.8338746418303926	1.060362730042601
BMP8A (ENSG00000183682)	1.1168964064924247	0.6906728689453262	0.7128147328393138	-0.7900639618634313	-0.2967395069652839	-1.433580539448348
MAP1S (ENSG00000130479)	0.9557106667140443	0.9340626957916648	0.8394242784963112	-0.8487846411142717	-0.8374957642210176	-1.0429172356667247
NPRL3 (ENSG00000103148)	0.9562879444683634	0.9450674741114962	0.8334857477810985	-0.8568462315274105	-0.9437087715765436	-0.9342861632570288
RAB11FIP3 (ENSG00000090565)	0.8385085995033149	0.8456788505834975	1.0298111284234617	-0.8469892358895231	-0.7589095087475697	-1.1080998338731782
DOK3 (ENSG00000146094)	1.027780231774486	0.6643626424669866	0.9887229910955307	-1.184918960236678	-0.7183473865020173	-0.777599518598311
INTS1 (ENSG00000164880)	1.0173894547122113	0.9407108199065827	0.7561138082134672	-0.780425843249111	-0.8455664947552552	-1.0882217448278764
BCL3 (ENSG00000069399)	0.9963122591439586	0.6912475467170517	1.0177975397583057	-1.0104564189163427	-0.7128025348480489	-0.9820983918549181
PFKL (ENSG00000141959)	1.016380508975581	0.8339317597901639	0.8752807483545096	-0.8338038668454976	-0.8440365621176334	-1.0477525881571144
MAGEC3 (ENSG00000165509)	-1.224655510241572	-0.9635256764281601	-0.38447013682412656	0.476512580899166	1.0427396372212847	1.0533991053734035
AC093249.6 (ENSG00000261840)	1.0206882241481563	0.7696270589747979	0.8545472492175009	-0.4315953563566115	-1.1124812482734865	-1.1007859277103627
GPRC5D (ENSG00000111291)	0.8334090542398017	0.8734349558805162	1.0230938022287435	-0.9926153954117336	-0.8950229666930756	-0.8422994502442617
UBA7 (ENSG00000182179)	1.096934285281594	0.789148103358719	0.8363278579988978	-0.8704029498316583	-0.8946241177810106	-0.9573831790265418
CDT1 (ENSG00000167513)	1.0227314910500818	0.9524255055898833	0.7503269987416505	-0.8373216504861201	-0.9547882206461326	-0.9333741242493659
TBCE (ENSG00000285053)	-1.1401551319906125	-0.6488606401157769	-0.9119434329783473	0.9345496691123504	0.7998353751414995	0.9665741608308869
AC138866.2 (ENSG00000254701)	-0.3819612106759156	-1.016988245438967	-1.229688454355663	0.8216778682153961	0.9036047888385376	0.9033552534166193
WDR45 (ENSG00000196998)	0.8343664420549429	0.8349478383399013	1.0469428441326498	-0.727450501360253	-0.9511291585742786	-1.0376774645929439
ARHGAP4 (ENSG00000089820)	0.982568764020918	0.8748295154380484	0.8691639712878065	-0.8073559986491166	-0.8588908966424998	-1.0603153554551472
DEPDC1 (ENSG00000024526)	-1.0790279977014374	-0.826164572591298	-0.8154463939785399	0.8682278714827419	0.8296012179291858	1.0228098748593601
AC073861.1 (ENSG00000242299)	1.1838200955596023	0.8028929704433959	0.7100513904851687	-0.8112780709194093	-1.026583275067929	-0.8589031105008289
WASHC1 (ENSG00000181404)	0.8926019907896104	0.7417523827050211	1.025616326199671	-0.5344250518148735	-0.8945557712880076	-1.2309898765914062
VARS2 (ENSG00000137411)	0.9719927407302902	0.9406607469722612	0.8009061199284045	-0.8089236107766886	-0.7780189596949076	-1.1266170371593411
MZT2A (ENSG00000173272)	1.0255950336116468	0.8760312086405432	0.8229032923000952	-0.8101999860561132	-0.8711371841607799	-1.0431923643353984
TERT (ENSG00000164362)	1.0206024950837445	0.9047762679226641	0.7930377479752255	-0.7304322477224531	-1.0191873526368416	-0.9687969106223379
GEM (ENSG00000164949)	-1.29109604208535	-0.7530684008659116	-0.6131418744662014	0.8243323816565341	1.0401709107912145	0.7928030249697067
AP000350.6 (ENSG00000273295)	1.2272944592060928	0.8682093349671038	0.4260331306896597	-0.5615316826432925	-0.5785499294657461	-1.3814553127538163
NRGN (ENSG00000154146)	1.106255502659772	0.761721187245278	0.8477875344871572	-0.8363472886455945	-1.0160468451628453	-0.8633700905837534
IFT80 (ENSG00000068885)	-1.2181291481527703	-0.7312849965424528	-0.7412337921965515	0.8366912550662655	0.845350673387202	1.0086060084383162
SYNPO2 (ENSG00000172403)	-0.9171954474881803	-0.2346323295432847	-1.355735616756496	0.5029182789137044	1.0438755653776066	0.9607695494966472
MRPL4 (ENSG00000105364)	1.0089689901667045	0.8272362807603462	0.8934444679065071	-0.8510541060922342	-0.866617598053739	-1.0119780346875846
ZNF865 (ENSG00000261221)	0.8486801373217001	0.7685799568177709	1.0854292791584517	-0.7436169487163403	-0.8400342308657258	-1.1190381937158378
H2AFX (ENSG00000188486)	0.9222134895818296	0.8421408045808179	0.9669529856596627	-0.8143314692102515	-0.9095532681092862	-1.007422542502763
COQ8A (ENSG00000163050)	1.0609241555040911	0.8108546563801032	0.8527126526964661	-0.8377040565746123	-0.8797370212456522	-1.0070503867603928
NCBP2-AS2 (ENSG00000270170)	0.984347607848506	0.8420878147052081	0.9034180417460907	-0.7897491321973289	-0.963821613596708	-0.9762827185057585
CCNG2 (ENSG00000138764)	-0.7730276771641728	-0.7981815304353518	-1.1363205883952805	0.7668723679645914	0.9319808329329559	1.0086765950972703
CDK2AP2 (ENSG00000167797)	1.1233523453819967	0.6851820924062195	0.8792189638857518	-0.7181236021409271	-0.8431167340089685	-1.1265130655240785
CLUH (ENSG00000132361)	1.0628454530782556	0.8547019897533236	0.7949741697539873	-0.7933576291433602	-0.8238458586988817	-1.0953181247433432
HDX (ENSG00000165259)	-1.3017469894434193	-0.07098554145863732	-1.110403496376174	0.8264295971119189	0.7505845621611544	0.9061218680051628
THAP7 (ENSG00000184436)	0.9135717027706879	0.8416683343007482	0.9592075657337843	-0.7733658452100178	-0.8048482727475845	-1.136233484847618
CKS1BP3 (ENSG00000268942)	-1.4991271780202184	-0.5996742299281874	-0.3743851460039454	0.5098102489094182	1.1626778442689243	0.8006984607740047
AC069281.2 (ENSG00000274272)	0.5976945705306304	0.8294030394204516	1.0228707836732376	-1.5808294006447279	-0.5607920577941456	-0.3083469351854461
SNAI3 (ENSG00000185669)	1.010652750701374	0.9782456311885723	0.7119309711087488	-1.1123952323781723	-0.7053740410489516	-0.8830600795715742
CCL3 (ENSG00000277632)	0.5911682759855955	1.012040077761019	1.071955284302228	-0.745972678092654	-0.7916175876318007	-1.137573372324397
AMPD2 (ENSG00000116337)	0.8815187398212054	0.881315489100382	0.94830508619346	-0.7158501779369573	-0.8494988028841653	-1.145790334293931
CAPN15 (ENSG00000103326)	0.8454408407967591	0.9837398368364944	0.8906484820542321	-0.8077360283991271	-0.8081556656297119	-1.1039374656586622
RIMBP3 (ENSG00000275793)	0.45273869915895815	1.18121396809936	1.022572386672462	-0.8798047352726104	-0.8593512961032058	-0.9173690225549562
RPP25L (ENSG00000164967)	1.3271291182994085	0.4917737367645797	0.7420989874195042	-0.5779926856381176	-0.7213770295277844	-1.261632127317583
CEBPB (ENSG00000172216)	0.959704851970773	1.0251081741020955	0.7409074648347825	-0.941177380916625	-0.8692060072281658	-0.9153371027628635
PWWP2B (ENSG00000171813)	0.7595074423866413	1.109555492061371	0.8164226109352674	-0.8554383042545657	-0.6709150068469621	-1.159132234281752
C9orf16 (ENSG00000171159)	0.9324671119993473	0.7988849427016078	0.9917779600752625	-0.8025141216743078	-1.0609379405107953	-0.859677952591099
WDR13 (ENSG00000101940)	0.8945012192664549	0.8932660005027904	0.9497995017180546	-0.8838724053009573	-0.9109948738816426	-0.9426994423046937
ZNF273 (ENSG00000198039)	-1.0108481625146604	-0.7577170619535358	-0.9555344101426632	0.8283883707663238	0.8849392324540177	1.01077203139054
IER2 (ENSG00000160888)	0.5979404260201877	1.1347019509670477	0.9310898820558451	-1.173953676196528	-0.7377124492860876	-0.7520661335604635
LAMP5 (ENSG00000125869)	1.0066249981973139	0.8030448142943141	0.9200018615741158	-0.9081533138942317	-0.8342258403527386	-0.9872925198187829
AC244394.1 (ENSG00000225603)	1.2479986738671878	0.7409948032486329	0.6671392375047416	-0.9723628063644858	-1.0484294652999802	-0.6353404429560838
KIF14 (ENSG00000118193)	-0.9549622405347421	-0.956795178530957	-0.821110090937101	0.8652408500453022	0.9872545358733251	0.8803721240841696
PCNX3 (ENSG00000197136)	0.9647732414370215	0.9224232390210413	0.8316193232216106	-0.7340676053525005	-0.8967464165708938	-1.0880017817562477
SC5D (ENSG00000109929)	-1.1943905288728114	-0.9698775452014418	-0.5023800008844762	0.8338170685856845	0.8639870102737496	0.9688439960993045
CELSR2 (ENSG00000143126)	0.8974507338578949	0.9557246474006249	0.8069334662269508	-0.7878388271429146	-0.5779148071946909	-1.2943552131478575
GAS2L1 (ENSG00000185340)	0.8610257026614263	0.9377270765708552	0.9363088567568687	-0.8811664712842282	-0.8648573133594006	-0.9890378513455292
CMBL (ENSG00000164237)	-0.5354200176948767	-1.2170689962522498	-0.9150490394595933	0.9180785611740676	0.9786075984919016	0.7708518937407507
ARHGAP33 (ENSG00000004777)	1.0637870605875743	0.8618758206619234	0.7943740878314645	-0.870004304308648	-0.8103885691939801	-1.0396440955783246
TRIM60P18 (ENSG00000227986)	-1.1962899571394559	-0.3330087908418143	-1.0536724156237922	0.9311279474635278	0.5845943776150797	1.0672488385264565
FLJ42351 (ENSG00000237753)	0.7364790915296104	0.8414208654350842	1.0607212105512616	-1.254260892637107	-0.9079148313422694	-0.4764454435365783
CCDC121 (ENSG00000176714)	-0.9778875255164017	-0.6417999707066505	-1.0823003768915183	1.016910837592078	0.785072354734817	0.900004680787682
SCAMP4 (ENSG00000227500)	0.9417547486020119	0.9126684313579849	0.8752006611024664	-0.8175019851396218	-0.8618705913080213	-1.0502512646148359
TRPT1 (ENSG00000149743)	0.7753287627941157	1.131061413899129	0.7015470236482345	-0.6275100494400941	-0.6210371616449302	-1.3593899892564505
TSC2 (ENSG00000103197)	0.9054307476705933	0.9220439063550705	0.8804783209760453	-0.7873906246759161	-0.747532196733626	-1.1730301535921515
CHORDC1 (ENSG00000110172)	-0.9904675679190321	-0.7964253153887713	-0.9452964311273813	0.9461534716535859	0.871489295867348	0.914546546914257
JAZF1 (ENSG00000153814)	-0.8553926660465013	-1.1846996630984339	-0.6587326174769794	0.9441334993642667	0.876265992447851	0.8784254548098032
NR4A2 (ENSG00000153234)	0.953536543198859	0.4469556036883333	1.1454353920353098	-0.628023799327064	-0.5433888528612856	-1.374514886734145
STARD8 (ENSG00000130052)	0.9755209264234745	0.6910681017892654	1.0255344268636424	-0.6788882701159362	-1.1323468687732947	-0.8808883161871515
ZNF154 (ENSG00000179909)	-0.3368895046862021	-0.6030491562037057	-1.5293386863772698	0.5784981436526733	0.7696379893480532	1.1211412142664399
IDH1 (ENSG00000138413)	-0.8277113938806266	-0.7643430107474233	-1.124957959153192	0.9233307498205905	0.852362380720232	0.9413192332404162
UBB (ENSG00000170315)	-0.809172750845884	-1.0321197646750389	-0.8893544594788406	0.8621951599893231	0.9278891242591015	0.9405626907513451
PRAF2 (ENSG00000243279)	1.3212984470055071	0.5209642900103413	0.7942682933887815	-0.806005346660514	-0.7994014110088425	-1.0311242727352825
GFER (ENSG00000127554)	1.0976266620252417	0.7275884763301007	0.8683268929505877	-0.795114171619471	-0.7522134072870555	-1.146214452399388
TEPSIN (ENSG00000167302)	0.8991665438168014	0.7963347082126433	0.9998286143846061	-0.6706127285092311	-0.841724274432196	-1.182992863472636
MAMDC2 (ENSG00000165072)	-0.5750507098855617	-1.1687751184053297	-0.9401583660022491	0.8765246264613452	0.809833071976317	0.997626495855489
MRPS26 (ENSG00000125901)	1.0030470257715176	0.9573346781448775	0.7644264568552362	-0.8008954734597019	-0.9832354010103177	-0.9406772863016022
PDK2 (ENSG00000005882)	0.9770409450959018	0.8964962367120839	0.8555943828973431	-0.9599253113523453	-0.9921711384066183	-0.7770351149463652
AF001548.2 (ENSG00000263335)	-0.791016484013195	-1.2226238451857434	-0.5589006383264095	0.7492313164711871	0.49720499485623854	1.3261046561979268
PLXNA3 (ENSG00000130827)	0.9560972985910999	1.0104606545775947	0.7459200496708742	-0.7443197373300032	-0.8902304506899511	-1.0779278148196114
ZNF444 (ENSG00000167685)	1.0869905153151331	0.6313210832828866	0.976606675174564	-0.7454317336162001	-0.9033032364328859	-1.0461833037234758
AC007191.1 (ENSG00000279407)	-0.6591343536811715	-0.7231538197639459	-1.2678780705482482	0.8063222033726704	0.715718557362963	1.128125483257732
ZNF512B (ENSG00000196700)	0.8968767119229577	0.9280936201678841	0.8880829792975674	-0.7650852838483068	-0.7966174329616145	-1.1513505945785132
SEC31B (ENSG00000075826)	1.0082706063748634	0.8516779613935124	0.8714652677232742	-0.8392784947850838	-0.9007529047411472	-0.9913824359654189
PLD2 (ENSG00000129219)	0.840700608359465	0.8681909111542082	1.02113912208441	-0.8578842915293498	-0.8716119985354679	-1.0005343515332816
ATF5 (ENSG00000169136)	1.1118162284062683	0.6721706013471284	0.8761351923392452	-0.6810823436960242	-0.7422686526963526	-1.2367710257002495
LDOC1 (ENSG00000182195)	0.8365195215658324	0.9512470957040504	0.8534165676347354	-0.577632850527391	-0.7121937896196071	-1.351356544757634
FNBP1L (ENSG00000137942)	-1.0019429115999456	-0.5076256617627258	-1.1327434467934137	0.8242989144339851	0.6607482735072058	1.1572648322148897
PLA2G6 (ENSG00000184381)	0.8614598377717742	1.0072370576798861	0.8590763149338932	-0.9206617980350164	-0.7919663518949946	-1.0151450604555297
LLGL1 (ENSG00000131899)	1.0579494851846918	0.7695571663987767	0.8937818887357094	-0.8238063525616779	-0.8752483838310334	-1.0222338039264538
GNB2 (ENSG00000172354)	0.8278771893439714	0.8908225388923381	1.0061729793359577	-0.7683192993144778	-0.931879862437746	-1.0246735458200593
RPS19 (ENSG00000105372)	1.0471862887648165	0.7814610793878203	0.8815484718425765	-0.7758440683120446	-0.8208896199532107	-1.1134621517299548
PELI3 (ENSG00000174516)	0.7752543916932426	0.8903826567644135	1.0230115130259452	-0.5800873295048247	-1.0462105306152842	-1.0623507013634892
TRIM69 (ENSG00000185880)	-0.9510852203053335	-0.9539442972370167	-0.8286730656874	0.8413029342244096	0.9594151333830118	0.9329845156223288
HYAL3 (ENSG00000186792)	0.7197213526146553	0.8230551899603717	0.9111212261698868	-1.5897999491500256	-0.623938254030994	-0.2401595655638984
RGS16 (ENSG00000143333)	0.9217518790519434	0.890066320235372	0.9073423292767732	-0.768561149114277	-0.8307657714451337	-1.1198336080046842
ITPR3 (ENSG00000096433)	0.9483719153575104	0.8948144787363185	0.8915810695553339	-0.9042267820331757	-0.8380845638023507	-0.9924561178136266
ARHGAP27 (ENSG00000159314)	0.9927338812166101	0.8031570857857241	0.9346572924034544	-0.8350607887763111	-0.9155646599281726	-0.9799228107012953
TONSL (ENSG00000160949)	0.9347687430045533	0.8759970845296453	0.9114251260344469	-0.7461274770410916	-0.8905096869072153	-1.0855537896203258
LRP5 (ENSG00000162337)	1.0534883889022972	0.7424919976209312	0.9178218628583632	-0.8760673920557668	-0.7768426110472454	-1.0608922462785892
MAP3K10 (ENSG00000130758)	1.0082825663610606	0.9639557315077513	0.7458615543973589	-1.0363932744933209	-0.7713312439638144	-0.9103753338090356
PDE8B (ENSG00000113231)	-0.6345498563638184	-0.1996564060783095	-1.5781043744803638	0.5180174845853996	0.8994234438598593	0.994869708477234
NFKBID (ENSG00000167604)	0.5644043442264073	0.7126230350090673	1.3462824514451746	-0.737218414376067	-0.8034421600248799	-1.0826492562797005
AK4P1 (ENSG00000263535)	0.8767097580119038	0.7043641334593194	0.9811000939053405	-1.438843315745136	-0.37260477638272965	-0.7507258932487024
RHOC (ENSG00000155366)	1.0705046447591133	0.7175410530079058	0.9228917912674263	-1.011643043472279	-0.9501532689762611	-0.7491411765859229
MYC (ENSG00000136997)	0.9705600477804092	0.91350105825056	0.8505077750640921	-0.8599850878961747	-0.8951078681211238	-0.9794759250777886
SGF29 (ENSG00000176476)	1.0037031985267493	0.7642810656176295	0.9600616597406486	-0.964012047098791	-0.9094847861904524	-0.8545490905957889
COMT (ENSG00000093010)	0.7979769372244813	1.0029498507553685	0.9303134695193099	-0.8510753139307562	-0.9410712752171757	-0.9390936683512181
IRF2BP1 (ENSG00000170604)	0.955246415647057	0.6359809000645145	1.0757110017487466	-0.6536667367968007	-0.8169426311048021	-1.1963289495587215
GGACT (ENSG00000134864)	0.7294722579917555	0.8164136620167711	1.138569833908106	-0.6370255117042974	-1.0637831238158344	-0.9836471183965041
RPL13 (ENSG00000167526)	1.0357419073341714	0.8609599573919746	0.8235495917538981	-0.833957047984258	-0.8142769837982137	-1.0720174246975822
MRPS12 (ENSG00000128626)	1.0059908671253883	0.8549456193505619	0.8528862902100246	-0.8094027028922297	-0.7774320419979072	-1.126988031795854
ZNF443 (ENSG00000180855)	-0.8153527678669676	-1.1600233804155093	-0.72459635111533	0.8536400178844614	0.7980010449312823	1.0483314365820553
PANK1 (ENSG00000152782)	-0.980480065905413	-0.8374764230508028	-0.9109654917018851	0.8449886377335469	1.0389866073884764	0.844946735536081
JRKL (ENSG00000183340)	-0.38831323801658374	-1.2350647405774546	-0.9752162098985622	0.5839072312982181	0.973051808999682	1.041635148194702
CCND2 (ENSG00000118971)	-0.9885652739225839	-0.8539105450215123	-0.8930338335029184	0.8851243181944363	0.9433317305919449	0.9070536036606399
NCF1 (ENSG00000158517)	0.9529807810621683	0.8414388285670156	0.8392403056234659	-1.3313683514141808	-0.47944736557067535	-0.8228441982677921
ZFYVE28 (ENSG00000159733)	0.9304021030057652	1.0287496305450392	0.7440248492071625	-0.6881907949430339	-0.9106354849349164	-1.1043503028800135
IMPDH1 (ENSG00000106348)	1.0010728053452815	0.8304571369284592	0.8996863581896504	-0.9634820742710002	-0.8205473517946333	-0.9471868743977738
PBK (ENSG00000168078)	-1.0964130812974422	-0.9208265330206391	-0.6932360709711123	0.8275853892473406	0.8644870711557705	1.018403224886105
JUND (ENSG00000130522)	1.069701066870934	0.7640310971827198	0.8857013622398122	-0.9147323668692217	-0.7967078644220089	-1.007993295002229
TRIM28 (ENSG00000130726)	0.9470660256849055	0.8019248811162804	0.9821899561447944	-0.8594329583378849	-0.886173856688042	-0.9855740479200726
RPS7P10 (ENSG00000226525)	1.0330483855631625	0.5806080525283427	1.0492843831900942	-1.1434911030812633	-0.8877326317595481	-0.631717086440785
DUS1L (ENSG00000169718)	1.0464681355058172	0.834829900147561	0.8445760454316927	-0.8803517639566406	-0.8314943988362399	-1.0140279182921679
SNHG7 (ENSG00000233016)	1.0446222792412094	0.8788542123212596	0.801094462853058	-0.8010200699409963	-1.0003116184527716	-0.9232392660217429
ATG2A (ENSG00000110046)	0.9457739911201214	0.85614699944012	0.93215737841744	-0.8470903979343261	-0.8901903682492397	-0.9967976027941027
AC091057.6 (ENSG00000284906)	-0.5449424342274546	-1.1894814624058667	-0.9307424404166889	1.009578258227613	0.9545928972982591	0.7009951815241382
CD5L (ENSG00000073754)	1.3665810530051516	0.8498399177388832	0.3307080052241037	-0.5675023435473581	-0.8914750143157709	-1.0881516181050075
AL354732.1 (ENSG00000231407)	-0.7342223565255803	-0.10954726414240272	-1.5393874004887	0.6982692746410034	1.1358719055132516	0.5490158410024268
ERICH3 (ENSG00000178965)	0.6233355440092843	0.7608443493559576	1.2305781879679323	-0.49077737338246097	-0.9577393471991005	-1.166241360751612
EFNB1 (ENSG00000090776)	1.2298123740368885	0.22952113358862905	1.1001777842770037	-0.8070968157651116	-0.7390815680081014	-1.0133329081293025
NPIPB6 (ENSG00000198156)	0.434276602033384	0.8464128982996421	1.2510306522054042	-0.6878528883743966	-0.499531864928999	-1.3443353992350329
PSD (ENSG00000059915)	0.9799033997810993	1.275817674189216	0.3021797607155023	-0.5944771981696163	-1.1228618345155037	-0.8405618020007002
AOC1 (ENSG00000002726)	1.2254522839410442	0.4348450649925361	0.9168706583360894	-0.5096405486388992	-1.2227826175310739	-0.8447448410997009
REELD1 (ENSG00000250673)	0.4420896505338588	0.9912316040629423	0.8934572045568421	-1.2408641703968373	-1.2116880547546913	0.12577376599788634
RF00019 (ENSG00000200591)	-1.310279934753189	-1.1257111569687441	-0.02171460688710767	0.8024280789965672	0.7992968043203591	0.8559808152921123
LINC01250 (ENSG00000234423)	1.3009505109278496	0.9614302695759107	0.2756482270758819	-1.068309105910587	-0.5276462696776784	-0.942073631991383
RNA5SP277 (ENSG00000202356)	0.808351505250987	0.32817844605372415	1.372964697115552	-0.5343632259686948	-0.7449563887202639	-1.2301750337313055
BNIP3P17 (ENSG00000271524)	-1.6758841018436006	-0.6693565318725893	0.1776499304339769	0.7432651044069625	0.44288590532172795	0.9814396935535222
MST1L (ENSG00000186715)	1.3395510186873663	0.7499080986137098	0.4050986754423696	-0.8067271890946335	-1.2933266636026564	-0.3945039400461547
LINC02585 (ENSG00000228350)	0.8974260857574752	1.1141701698284017	0.4853788516223031	-1.1420833315958543	-0.17973190088981436	-1.1751598747225118
AKR1B1P4 (ENSG00000237876)	0.7193454523952219	0.9009026929507915	0.8836507782964356	-0.578225175118307	-0.3705431490081559	-1.5551305995159868
PNPLA7 (ENSG00000130653)	0.44322557384752265	0.7856892137474704	1.3040156498257012	-0.6711530888965067	-0.5421517332442131	-1.319625615279972
MYH3 (ENSG00000109063)	1.158040834575462	0.24726089822741462	1.1468295982073513	-0.9042740664611736	-0.5924583567515866	-1.0553989077974677
ARHGAP27P1-BPTFP1-KPNA2P3 (ENSG00000215769)	0.9928673658109448	0.473970116167083	1.0375276380138647	-1.2383805168774438	-1.0678246318884093	-0.19815997122604295
SNURF (ENSG00000273173)	-0.8037936180130558	-0.7280768067847699	-1.0805405787251658	0.8989582617374382	0.4207413165161097	1.292711425269442
SEMA3G (ENSG00000010319)	0.802916473767124	0.3898013183340582	1.39246539194167	-0.8324723609751686	-0.7432908516648455	-1.009419971402838
UBE2V1P2 (ENSG00000214192)	-0.1386078554407819	-0.9926988773666792	-1.3233226507985991	0.43535161230779745	1.0987499904559443	0.9205277808423135
NHLRC4 (ENSG00000257108)	1.3969951198856363	0.29650649146177793	0.8521808753726278	-0.9695865682677077	-0.6265874288484763	-0.9495084896038533
AC025430.1 (ENSG00000259563)	-1.4332921531336824	-0.7852383482427024	-0.24591506418715922	0.4190702483485974	0.9981911870932938	1.0471841301216498
FCRL2 (ENSG00000132704)	0.8888452938370743	0.8287186855474821	0.5513931119826151	-0.2542378863548196	-0.25737247610822755	-1.7573467289041225
AC112722.1 (ENSG00000250410)	0.38469718801647995	1.3879077083606763	0.7825306741946824	-0.5695751854746943	-0.8986390824861927	-1.0869213026109505
AC116351.1 (ENSG00000215246)	-1.5005149541518525	-0.5096338536703993	-0.4719289062507795	0.501982562705286	1.1538102355143036	0.8262849158534404
HLA-DQA1 (ENSG00000196735)	0.21096841100013794	0.9069018540169512	1.2332104641782988	-0.7256019387193426	-0.19442536290298257	-1.4310534275730635
LRRC37A6P (ENSG00000230445)	-1.1527132231374069	-0.06290070250699888	-1.2309538291811928	1.0051098960443923	0.4939006740904379	0.9475571846907701
AC025031.2 (ENSG00000258096)	1.1268017832246113	0.4949958572358267	0.7887763425196103	-0.3728679947462616	-0.44965384822216703	-1.5880521400116214
AC009107.2 (ENSG00000260927)	-0.5839316620705015	-1.2395303903927357	-0.79574273707787	0.9038467992629128	0.5404912212820285	1.1748667689961632
ADCY9 (ENSG00000162104)	0.6927075439966943	0.7383840858757668	0.7558247743353123	-1.8002684459406604	0.016389291131804155	-0.4030372493989185
ABHD14A (ENSG00000248487)	0.40443761124756483	0.7391070988089108	1.4357292654460427	-0.9325609485807597	-0.7825485969149425	-0.8641644300068211
ZBTB42 (ENSG00000179627)	0.7970730373807836	0.3911143325451104	1.3376061410270113	-0.7098830987837971	-1.2752525222973354	-0.5406578898717648
AC058791.1 (ENSG00000273319)	-0.7040582443557639	-1.4727793451420697	-0.3453077499444553	0.630630942084351	0.8245614807564889	1.066952916601451
EVA1B (ENSG00000142694)	1.3590055233995784	0.8891246345225441	0.34526112862486397	-0.891727195073786	-0.8376336712823955	-0.8640304201907986
AC068282.1 (ENSG00000236682)	1.2257985367545368	0.33481564660079716	0.9646912078453195	-1.1655154017234686	-0.972936582394559	-0.38685340708263444
TRIM46 (ENSG00000163462)	1.2780935660048183	0.29538569163222494	0.9394575432883528	-0.41591484022410563	-0.9369136059991844	-1.1601083547020996
CD33 (ENSG00000105383)	0.3238407212948643	0.956498733573864	1.288605093193758	-0.5740510121706605	-1.011581819276849	-0.9833117166149827
AC139495.1 (ENSG00000248477)	-0.038222712732222386	-1.9477776564122486	0.09589166784678471	0.5851117981100362	0.681149267445398	0.6238476357422522
ODF3B (ENSG00000177989)	1.3931055966259172	0.48929887619900736	0.6053908213463749	-0.8707401265767011	-0.3682303635718657	-1.2488248040227339
FER1L4 (ENSG00000088340)	1.3343243937517573	0.7660923709225624	0.375297819784962	-1.2206867428409756	-0.3002457798668678	-0.9547820617514408
DGCR5 (ENSG00000237517)	1.315745757003269	0.5216595764007044	0.6566881711951906	-0.4711649809438361	-0.6258941061408735	-1.3970344175144576
LIPH (ENSG00000163898)	1.1216530587222602	0.58462617917087	0.609692485700495	-0.3217048239940336	-1.6813620271652492	-0.3129048724343406
MIR4312 (ENSG00000265195)	1.1586961389449868	0.17256463983932463	1.1651195132751333	-1.1697460760375042	-0.7678545857197115	-0.5587796303022252
AC011978.2 (ENSG00000261542)	-0.24307827439624616	0.1907349689269584	-1.9039644556381807	0.6291961217653512	0.6251366543485117	0.7019749849936058
ATG9B (ENSG00000181652)	1.1650723370988871	0.9874917715534589	0.23163457207800103	-1.486344626897962	-0.4765003342923534	-0.42135371954003586
RF00019 (ENSG00000252367)	0.7666787161984127	0.5505591910009552	0.9619185328997462	0.12769987580471498	-1.5715416855579436	-0.8353146303458868
MT2A (ENSG00000125148)	0.9190516910232708	0.30840337661713824	1.2144317408512035	-0.9600587641151612	-0.20904614093061027	-1.2727819034458407
LRG1 (ENSG00000171236)	0.9028409796063666	0.7514053390700974	0.45216640306182726	-0.1328416985997061	-0.13511787765055341	-1.8384531454880353
CCDC183 (ENSG00000213213)	1.3728031390113622	0.9140231354225683	0.26097586285344615	-1.0283126132971538	-0.7571169285994083	-0.7623725953908124
ACBD7 (ENSG00000176244)	-1.6337586254815029	-0.08530319609437981	-0.5833231070731275	1.0448877872195894	0.8533039680259212	0.4041931734035035
REC8 (ENSG00000100918)	1.0253983527245916	1.3100321425574206	0.20065848197091302	-0.9774347942368499	-0.6743747947069378	-0.8842793883091352
LINC01521 (ENSG00000213888)	1.0928243040892314	0.7591075043552467	0.5571237037635789	-1.0065198466234442	-1.380410184461995	-0.022125481122613012
AC009652.2 (ENSG00000255308)	-0.2806647899198245	-0.20768732870769194	-1.7657682927322464	0.8942316724579578	0.8138409908646784	0.5460477480371227
RNA5SP78 (ENSG00000201492)	0.7021968342661253	0.7685578924638917	1.0273263041683567	-0.5794354003219189	-0.37430438582186215	-1.5443412447545959
ADGRE2 (ENSG00000127507)	0.8765306547864183	1.284321800778371	0.46814932401879567	-1.0691219477210756	-0.7386273896152034	-0.8212524422473059
TRABD2A (ENSG00000186854)	1.2398249040459115	0.686827796531906	0.4983509285955278	-0.2952745795560088	-0.6245872556573464	-1.505141793959989
SBSPON (ENSG00000164764)	0.0037955878786687376	-1.292489834306036	-1.1219299565318763	0.5729917349435848	0.7545561927648772	1.0830762752507817
INPP1 (ENSG00000151689)	-0.07315221918100161	-0.3984574032889445	-1.7618114328711356	0.5544796621534247	0.7527783411740905	0.92616305201357
PKP3 (ENSG00000184363)	0.23720876272272157	1.044980343411732	1.2303807884207505	-1.2083236321272286	-0.5352128156511976	-0.7690334467767749
GLIPR1L1 (ENSG00000173401)	-0.7914877642963674	-0.9461220291492453	-0.8639181339249172	0.6813465660047251	1.4206687465569676	0.4995126148088402
ZNF723 (ENSG00000268696)	-1.0905556404365386	-1.3841567729242312	0.12133708111767544	0.7354262688285622	0.6857991424430132	0.9321499209715138
AC006329.1 (ENSG00000232445)	-0.2964643742799344	-0.314615625053265	-1.7088762951407424	0.5409235966776925	0.7952012286777388	0.9838314691185092
AC091152.1 (ENSG00000240305)	0.6465607267179398	0.7348530957687281	1.279499677313186	-1.0586312837289749	-0.7857076184368019	-0.8165745976340746
MIF-AS1 (ENSG00000218537)	0.3235535194546014	1.269251962747895	1.0103445337348402	-0.893342718021824	-0.898117005782303	-0.8116902921332098
APH1B (ENSG00000138613)	1.1500766880810311	0.2817126579994685	1.0637157332238614	-0.4636342047386398	-0.7099418691399989	-1.3219290054257218
MECOM (ENSG00000085276)	-1.358243826139095	-0.13899362768569204	-0.9695880056751354	1.1270487036506809	0.5515373717796089	0.7882393840696345
TOB1-AS1 (ENSG00000229980)	-1.6630487377219947	-0.15409950458235866	-0.4996774038706977	0.8855164516242644	0.4396271172940051	0.9916820772567818
CBX3P2 (ENSG00000266405)	0.7615161496677603	1.3472731517746095	0.45741191837378414	-0.48995663114609467	-1.0265195180027367	-1.0497250706673213
CBSL (ENSG00000274276)	1.3003550486526456	0.37653049412524686	0.8508137571766013	-1.0445680237888457	-0.3862798815825794	-1.096851394583068
COX6A1P2 (ENSG00000226976)	1.2406981926895224	0.6135902882417482	0.5767945556616011	-0.6543800502599059	-0.2780511603830615	-1.498651825949901
AC115223.1 (ENSG00000243199)	0.20265333104265176	1.0026140050019416	1.3031672907756882	-0.6900299433600826	-0.6581917070000891	-1.16021297646011
AC068620.3 (ENSG00000283156)	1.2765242373398549	0.9312322937375126	0.3462673689587431	-1.0897047823505228	-0.48334291561798726	-0.9809762020675963
AC008758.2 (ENSG00000234848)	-0.1949784155035238	-0.5424209981798616	-1.6234114074231951	0.4461155895615069	0.9461617682630427	0.9685334632820289
S100A1 (ENSG00000160678)	1.150300318296229	0.7250720485009943	0.48279699645061636	-0.3157088495240232	-0.41604755316815417	-1.6264129605556639
MIR647 (ENSG00000207554)	1.0124736955153257	0.27402783437333683	1.2372293244343262	-0.7119671293992728	-1.238243314662779	-0.5735204102609371
CYSRT1 (ENSG00000197191)	1.07848807872858	0.689280387843947	0.5147680493632858	0.07282601146863918	-0.7791841365910162	-1.5761783908134364
FO393401.1 (ENSG00000230155)	-0.9688942688082147	0.10467950254956221	-1.4759250636635748	0.6306506433221911	0.7740153216808676	0.9354738649191718
AL355488.1 (ENSG00000273373)	0.09259458806334678	-0.525055102242785	-1.756549934968365	0.721077488569051	0.8622423060224939	0.6056906545562606
AP003721.1 (ENSG00000256196)	0.6969461691138841	0.4486634505847281	1.394297699768345	-1.1352682390861835	-0.4860308186359937	-0.9186082617447819
MX2 (ENSG00000183486)	0.9029886837470266	0.6355355251545091	0.7469479942483096	-0.8798066313641192	-1.557457606716509	0.15179203493078477
GALNT15 (ENSG00000131386)	0.653642913315905	1.3786012646003678	0.563540314610818	-0.9064527806835081	-0.614389555585154	-1.0749421562584272
AC012501.1 (ENSG00000227400)	-0.6225860514373545	0.11773075732350068	-1.7008903827000463	0.8158524837911938	0.5026172382993466	0.887275954723358
AC007342.7 (ENSG00000279722)	-0.9669629610761659	-1.1451507934736076	-0.4283016478757625	0.4753433775177672	0.7069922903809998	1.358079734526775
RAG1 (ENSG00000166349)	-1.2553587988352402	-1.089372388965529	-0.09652611205833175	1.0335340685266186	0.41318157230618335	0.9945416590263009
FOXO3B (ENSG00000240445)	1.2908812937907008	0.20288180417641297	1.0313691312969477	-0.6075220487707731	-1.0613836746947651	-0.8562265057985232
AC023157.3 (ENSG00000276900)	-1.0486755733518967	-1.2928787824329477	-0.12421598249850484	0.9420538398406498	0.47463624056780584	1.049080257874891
MAGIX (ENSG00000269313)	1.0525293479378444	0.3248879792123867	1.039064815843244	-0.2553166302744105	-1.4720347411492798	-0.6891307715697836
AATBC (ENSG00000215458)	0.11197912418305207	1.1949901099565685	1.1794741374396813	-0.6156444555109338	-1.075645107131518	-0.7951538089368476
MYO15B (ENSG00000266714)	0.3974247012814985	0.9435035277239178	1.1996105887420994	-0.35852455292154684	-1.133763151650394	-1.0482511131755774
CHST8 (ENSG00000124302)	1.4597422602566628	0.4496284789529703	0.6550655151616391	-0.6997717024649739	-1.0020049185129678	-0.8626596333933306
SYT15 (ENSG00000204176)	-1.058586878029687	-0.544906632958907	-0.9547941523494795	0.881618789443706	1.3322867440663506	0.3443821298280186
ENHO (ENSG00000168913)	0.7002092055452862	0.4435813801273521	1.4147956315912051	-1.1040278440795617	-0.8587106088266593	-0.5958477643576231
NPAS1 (ENSG00000130751)	1.1497273329137327	0.7154641356697835	0.5629790798238522	-0.0814497043895712	-1.3844401131010333	-0.9622807309167644
AL139125.1 (ENSG00000232591)	-0.3491794262213497	-0.37344587615326885	-1.6312753000630447	0.8532685563556968	0.41599783391372297	1.0846342121682435
SMIM5 (ENSG00000204323)	1.0136083683348016	1.2199756063974878	0.25663383901768805	-0.4648608324161463	-0.7376642876934187	-1.2876926936404183
CDHR2 (ENSG00000074276)	0.29896562943680977	0.8949760204146711	1.2638485881759793	-0.6131606426596207	-0.455930259076803	-1.3886993362910325
CA11 (ENSG00000063180)	1.4045508451849504	0.7800960437060883	0.37550868604482324	-0.9674140790091598	-0.9879139231232511	-0.6048275728034613
AC055720.2 (ENSG00000256185)	-0.43140089085266503	-0.2784498814550278	-1.6524104697222488	0.7956542429222643	1.053214739903999	0.5133922592036777
AC083843.3 (ENSG00000279518)	-0.4886668089007617	-1.3359790838606482	-0.6657942512216862	0.8860133699276225	1.2823020892808887	0.32212468477458933
Z84723.1 (ENSG00000260803)	0.6376649019082616	0.9694413309679173	0.7488226039692838	-1.1673137880808986	0.12116691246070133	-1.3097819612252668
CNR1 (ENSG00000118432)	-0.6562787992638512	-0.040935557159075944	-1.6158864714261907	0.4313741537180773	0.9398556926414438	0.9418709814895956
Z83851.2 (ENSG00000273366)	0.3253875120088154	0.925074290005422	1.2604400605775055	-1.2996429110177805	-0.4894280157095507	-0.7218309358644124
AC098679.2 (ENSG00000251429)	0.18670817489696823	-1.6526526988827974	-0.7357000502253981	0.5871574597640998	0.956552543031286	0.6579345714158402
NR4A1 (ENSG00000123358)	1.4499986012616362	0.8254217403686517	0.24632153201204673	-0.8161131200950403	-0.9848813341823994	-0.7207474193648958
AC137932.3 (ENSG00000268218)	1.2504497081658328	0.9915517087317745	0.25378352008107163	-1.0515887778779993	-0.3756125600442325	-1.068583599056441
AL645933.2 (ENSG00000272221)	1.2749534219022496	0.5414055774933716	0.6818440220482638	-0.2601410133345527	-0.9701545798869404	-1.2679074282223946
AC008040.1 (ENSG00000239219)	-1.7558001402810863	-0.12190259464123114	-0.30593539815674825	0.3535975776003309	0.8473678841008359	0.9826726713778985
RN7SKP74 (ENSG00000199719)	-1.224483108465775	-0.2544209626908652	-1.0394596313788511	1.2406035115821472	0.6378457317431037	0.6399144592102448
CNFN (ENSG00000105427)	0.5357972914970325	1.1797234932380665	0.7642731412493133	-1.4646681515142688	-0.3119007493104082	-0.7032250251597326
DOCK9-DT (ENSG00000260992)	1.069794965693054	0.1954778352545839	1.2152068159629559	-1.1993116620500404	-0.8425188861621995	-0.43864906869834974
CH17-340M24.3 (ENSG00000197180)	-0.5319911013024591	-0.7329708511058287	-1.2731260364477721	0.8829168953728991	0.3750640685789683	1.280107024904189
LINC01137 (ENSG00000233621)	0.2837293603799797	1.3686271536898325	0.9091182869429509	-0.801066102171751	-0.7605485700762302	-0.9998601287647729
GLYATL1P4 (ENSG00000254399)	-1.3729433513393556	0.19543506320182338	-1.1056739721235873	0.6412567946357657	0.6028493867609629	1.0390760788643927
AC013356.3 (ENSG00000259364)	1.1978029849647058	0.4265681841946306	0.829233068621453	-0.6265068345464165	-1.4765881483529018	-0.3505092548814702
AC245028.1 (ENSG00000226477)	-0.3694447932972364	-1.6755136488999995	-0.2647477468003428	1.1415884273015044	0.5667456247147689	0.6013721369813019
AC008894.3 (ENSG00000279198)	0.8232141733836877	0.39928090048516535	1.0882445649879862	-0.21838326866613125	-0.43710178920976306	-1.6552545809809425
AC245100.8 (ENSG00000280649)	0.2746872549741263	1.2791973309666824	0.9561681590730033	-1.0836244784748135	-0.4112598802468705	-1.0151683862921248
ESYT3 (ENSG00000158220)	1.1940383263077963	0.3651449261541422	0.9353639530972407	-0.6010306979385387	-0.4928333419152744	-1.400683165705364
MAST1 (ENSG00000105613)	1.3411599374890768	0.16208258839650877	0.9232972381479948	-0.3583432027923876	-0.8676454228968423	-1.200551138344353
AL928654.2 (ENSG00000257270)	0.24234732911277304	0.9173015130762079	1.3036575439013283	-0.4972469141657994	-1.3149584159446501	-0.6511010559798592
COL22A1 (ENSG00000169436)	0.8492978802701598	0.6865369444338728	0.5505033484564373	-1.864861638462148	-0.14292009075577908	-0.07855644394254327
AF127936.2 (ENSG00000232884)	-0.0903121533109492	-1.5372981679174749	-0.7726784898033162	0.7396108910297514	0.6005823908279977	1.0600955291739913
NCBP2-AS1 (ENSG00000225578)	-1.2764365864955514	-0.9688096184490496	-0.21759453282871277	0.3674399502450654	0.8827673226168555	1.2126334649113961
AL133325.3 (ENSG00000278041)	0.7455929820522336	1.2651296912027803	0.4098062556369828	-0.26944881230887396	-0.6951315239773849	-1.4559485926057374
NALT1 (ENSG00000237886)	0.5489637812640858	0.9619521087063678	0.758056644261374	-1.4574124656015333	-1.0162188371932288	0.20465876856293297
AC010627.1 (ENSG00000248791)	0.11452592470882876	-1.7565303296269945	-0.5208868520213896	0.57187239028059	0.6586639853531433	0.9323548813058224
ENDOV (ENSG00000173818)	0.1497023889227345	1.208390074559789	1.0823974337994295	-0.49283841240647236	-0.6527061667743519	-1.294945318101125
PAK6 (ENSG00000137843)	-0.3196516519257871	-0.8546450737529485	-1.289335014346172	1.1768997908384484	0.2612094831478313	1.025522466038628
RTN4R (ENSG00000040608)	1.198246643410336	1.1863158035019692	0.053411952556750054	-0.8068915114714129	-0.5216729749540517	-1.109409913043589
AC109460.1 (ENSG00000260367)	1.0149548791076901	0.22214638684009033	1.236567754955559	-0.6787567473498848	-0.49754864332095905	-1.2973636302324931
HEPHL1 (ENSG00000181333)	0.3129129399551541	0.8925534225637103	1.3380539351360918	-0.9233474010034712	-0.5362297192835661	-1.0839431773679147
ZNF785 (ENSG00000197162)	-0.22306872696316635	-0.6556774820756079	-1.5535515255090429	1.1101983657875336	0.6731173747777904	0.6489819939824933
COL16A1 (ENSG00000084636)	0.6558652798198475	0.5979688717549188	1.0068324374756368	-0.3935967094873155	-0.12710172224869398	-1.7399681573143873
TCTE3 (ENSG00000184786)	-1.057545504377768	-1.1469472963780283	-0.28380084629787655	0.44348103776067027	1.337256865013634	0.7075557442793742
SLC5A10 (ENSG00000154025)	-1.4307719251132023	-0.16548135718868714	-0.8642718013610038	0.9972108737330406	0.49346799215713893	0.9698462177727165
AP4B1-AS1 (ENSG00000226167)	-0.8807570873854293	-0.34668332414178454	-1.2702259014358888	0.5413764626936075	0.6013291069879002	1.354960743281595
RHEX (ENSG00000263961)	0.21378386986273107	1.0460037935212934	1.1943920478502479	-0.7737019223955762	-0.38035701129664984	-1.3001207775420476
MUC12 (ENSG00000205277)	1.2274177841127196	0.9111201462335617	0.13952250870554442	-0.5509006508139621	-1.5150425322707624	-0.21211725596710354
MAP1LC3B2 (ENSG00000258102)	0.7742005230946013	1.294745315052895	0.43491007684782174	-1.3076023714550091	-0.36385544169143536	-0.8323981018488773
LINC01465 (ENSG00000221949)	1.087265856657236	0.36888047287815995	1.0343239600455174	-0.2466344093451022	-0.9920606361983074	-1.2517752440375038
PTCH2 (ENSG00000117425)	1.0396488016032772	0.8654967792404329	0.41139510512756594	-0.008729424246221444	-0.7429754973810382	-1.564835764344014
C9orf163 (ENSG00000196366)	1.3601013840488856	0.44799649065506136	0.8021053374333127	-0.9281796479108625	-0.718677602450119	-0.9633459617762782
AC087222.1 (ENSG00000262663)	0.46749995567430885	0.6761223453146539	1.2851671434978535	-0.12809520713722758	-1.219782015902257	-1.0809122214473268
ADAMTSL4 (ENSG00000143382)	1.0772316588662523	1.0206994241475364	0.36654687287815846	-0.17062686030096585	-1.188144953639457	-1.1057061419515224
BTG3-AS1 (ENSG00000280594)	1.3209302336050497	0.30047371865766165	0.8217268157953952	-0.6444534138705018	-0.4214874514681309	-1.3771899027194698
XAF1 (ENSG00000132530)	-1.4596107428471654	0.0736068372464337	-0.9433154994690458	0.5395487143665015	0.6929918047016234	1.0967788860016545
RF00019 (ENSG00000200170)	-1.2691513795856022	-1.1543504653410248	0.03415901948635413	1.0800754798385488	0.5283217434895593	0.7809456021121668
AEBP1 (ENSG00000106624)	0.29753892414544625	0.9477738513887165	1.2280024194347303	-1.3499101797190853	-0.40056830012818384	-0.7228367151216261
DDX60L (ENSG00000181381)	-0.9496402265405951	0.04224830028588582	-1.436897829381869	1.0840140734557393	0.45337636313459045	0.8068993190462496
AC124312.2 (ENSG00000257647)	-1.0999507128322452	-1.3556255010187792	0.1462169763493176	0.7325913202916463	0.5134112770378021	1.0633566401722605
ADGRL1 (ENSG00000072071)	0.786477818733309	1.4183559782259243	0.29608650205027875	-0.5423967126446899	-0.7922454437454256	-1.1662781426193987
C10orf25 (ENSG00000165511)	0.41816086100998595	0.677269902245243	1.4383417910687857	-0.9497647686095249	-1.0575471262517149	-0.526460659462774
RNU6-476P (ENSG00000207457)	0.6007122713489828	1.2275083373434643	0.5969347403689093	-1.215318513321426	-1.1374525910294575	-0.07238424471046946
AC079781.5 (ENSG00000284707)	1.226849087063932	0.37987104948829226	0.8701790472503023	-0.23281384935342667	-1.2249162461019352	-1.0191690883471698
VTN (ENSG00000109072)	0.760347677232945	0.8863219587857575	0.517024426444469	-0.43760965418809455	0.05559935704849434	-1.781683765323572
CDC42P6 (ENSG00000237350)	-1.4793995236962345	0.024363060389222396	-0.8837785734934253	1.055458079967506	0.8564162553856249	0.4269407014473112
SMIM22 (ENSG00000267795)	1.3483388858946166	0.9513956323984226	0.0838885634927266	-0.5456311506338792	-0.5428505240768915	-1.295141407074992
SENCR (ENSG00000254703)	0.836739861566073	0.33701307371685774	1.3042934615939177	-0.3033370922572078	-0.9681626078710577	-1.2065466967485823
NLGN1 (ENSG00000169760)	-1.6102381914860608	0.042063817905634064	-0.7187044619841632	0.454680981219658	0.8735653239216546	0.9586325304232791
LINC02012 (ENSG00000272989)	1.5064501069808378	0.5685276494304032	0.4694481349308941	-0.9829838991660128	-0.8098323524236322	-0.7516096397524823
AC138028.2 (ENSG00000224888)	0.9663577720000835	1.3836044602224145	0.14250455358483138	-0.8806987234692015	-0.6371306290575979	-0.9746374332805257
BEAN1 (ENSG00000166546)	1.3528932832782254	0.7157893340481112	0.4031838809182423	-0.39724291698985054	-0.7332273332445249	-1.3413962480102015
UBE2V2P3 (ENSG00000238199)	0.8677892850547015	0.45012988835962653	0.935586717125959	-0.6562259448617876	-1.653835339975897	0.05655539429739871
FAM57B (ENSG00000149926)	0.8480306539126691	0.7301173127121685	0.5229989082082663	-1.7997129371028533	0.157379603926763	-0.4588135416570111
FRMPD3 (ENSG00000147234)	1.1342085751896314	0.07953956807559288	1.2766472654073555	-0.8658146274171494	-0.8761253275464325	-0.7484554537089925
Z98884.2 (ENSG00000269925)	-0.451366959393162	-1.1307379401210949	-0.9320694936707832	0.6046639595408073	0.4750613114816854	1.4344491221625457
HSPA12B (ENSG00000132622)	1.327321119321301	0.17743582812647998	0.8927744183034777	-0.756670750854806	-0.3249877743703512	-1.3158728405261038
RFTN2 (ENSG00000162944)	-0.9139802286072548	-0.16245026331603046	-1.3470460087239868	1.1797741675435054	0.9033225425011193	0.3403797906026474
LCTL (ENSG00000188501)	-1.344760828243243	-1.0789150514058672	0.07393854784267731	0.5553590830996074	0.6694026487693617	1.124975599937467
CAMK2N2 (ENSG00000163888)	1.3475467524855174	0.3807645748187263	0.6904767281865176	-0.5942060156653711	-1.4341853469474333	-0.39039669287795936
GTF2IRD2 (ENSG00000196275)	1.154587829594117	1.2685164668504616	0.051816516427629425	-0.8623942174665562	-0.7312194140658165	-0.8813071813398341
AC007537.1 (ENSG00000198134)	0.0932884198060268	-0.7415506582261945	-1.618106207657594	0.7110967252324459	1.0100563600429222	0.5452153608023953
FP565260.1 (ENSG00000275464)	0.7333522600095176	1.4890862970388028	0.2853692322009724	-0.7834975115098048	-0.6848283973413366	-1.0394818803981458
ARMC4 (ENSG00000169126)	0.611548154787553	0.45516940618437784	1.442725766399953	-0.4932729674215477	-1.18355932116893	-0.832611038781405
AP001362.2 (ENSG00000285533)	0.8367252305534372	1.372709629642566	0.30741379986241296	-0.5023951897935667	-0.8664368238510097	-1.1480166464138397
AC010201.2 (ENSG00000271327)	-1.2095597825471347	-0.49348165666433463	-0.8293993515851183	1.3930935663734478	0.6584766780344585	0.48087054638868193
AL805961.2 (ENSG00000284703)	0.14120601236878502	-0.52096390791295	-1.733377283946588	0.37713549216448	0.7021957068445415	1.033803980481732
AC104794.2 (ENSG00000260077)	1.2859210244163153	0.9624514995252493	0.22706410551913508	-0.846769265876376	-0.41107245022179617	-1.2175949133625354
AC132938.3 (ENSG00000265458)	0.3695437561891994	1.4734012699759542	0.7118950364032531	-0.9332360457264455	-0.8118641470931508	-0.8097398697488061
TMEM158 (ENSG00000249992)	1.2698381420204792	1.0549911396509943	0.1456100570778433	-0.44861688533520816	-0.9470270610904489	-1.0747953923236664
MTND6P4 (ENSG00000249119)	-1.6323047549830012	-0.6944634793867139	0.10565129613621775	0.9444505624378572	0.3783196460870621	0.8983467297085774
RTN1 (ENSG00000139970)	0.9326762536413044	0.8438844207160519	0.27733810021616234	0.020023124096091454	-0.2655723565537099	-1.8083495421159006
AC009152.3 (ENSG00000285850)	0.6501483060277464	1.4578212348723474	0.4122211016560105	-0.5266921391539873	-1.0908647118927381	-0.9026337915093763
RF00019 (ENSG00000252874)	0.24178656936665952	1.0875719930957197	1.2236096759664479	-0.9433841305077358	-0.6096617671531311	-0.9999223407679594
BOLA2B (ENSG00000169627)	1.932935776851021	0.10395126431743032	-0.561000211970809	-0.23626783802738283	-0.38097684867129605	-0.8586421424989642
AL590666.1 (ENSG00000223356)	1.2847291048139164	0.6686819414564368	0.4156549897640427	-0.5640304326606288	-0.2770741894373227	-1.527961413936442
NRL (ENSG00000129535)	0.15587835759311408	1.034555662219337	1.3130658180399217	-0.7467981849889367	-1.079033161491133	-0.6776684913723031
DAB2 (ENSG00000153071)	1.0346680672811608	1.2203590648855323	0.20417303711943147	-1.1578269445309448	-0.32576374023936533	-0.9756094845158075
Z82188.1 (ENSG00000226233)	-0.3185595528860126	-1.218547700296418	-0.9320790388974722	0.852716534245905	0.3026276935235118	1.3138420643104827
KCNT1 (ENSG00000107147)	0.18760425148704435	0.8873895193710095	1.3139326814653816	-1.3083581744416912	-0.8189509472452643	-0.2616173306364762
CARD14 (ENSG00000141527)	0.08966614677445359	1.1007817989282105	1.286478110176679	-1.0057212865562086	-0.8611341384838218	-0.6100706308393202
ZNF540 (ENSG00000171817)	-0.09144614250811968	-0.1165019601394766	-1.8688552797975428	0.6875004379263437	0.5402062530007861	0.8490966915180084
FAM27E3 (ENSG00000274026)	0.17263234026190952	-0.5506533372618533	-1.7453033218334073	0.9262982458579471	0.4461464684939527	0.7508796044814501
RPL12P25 (ENSG00000235330)	1.0639175617171879	0.7812128772072008	0.5449317656741346	-1.2915960977239276	-1.1363024102780714	0.03783630340347344
AL360268.1 (ENSG00000230536)	0.15063253168871327	-0.598888626549218	-1.698955400033374	0.4092367636843381	0.7040025327076043	1.0339721985019357
PSMD10P1 (ENSG00000228663)	0.2698458247076417	1.3369930888059132	0.9169736567633108	-1.0195833709328606	-0.4992420707045038	-1.0049871286394978
PHYHIP (ENSG00000168490)	1.4170323421775701	0.9101060090330843	0.17301146623205013	-0.8990108718082298	-0.9484713268518176	-0.6526676187826528
PAK3 (ENSG00000077264)	-1.5693723503501178	-0.7460385418263568	0.11784492010906575	0.8383445594332252	0.26727196798553654	1.091949444648647
COL6A6 (ENSG00000206384)	-0.8000064567666377	0.023749239156886082	-1.558064580105635	0.9190516446553635	0.5006209726911569	0.9146491803688682
SYCE1L (ENSG00000205078)	0.20602638576009352	1.1575434937664082	1.1292596802156247	-0.8427903772270102	-1.1929927500510875	-0.45704643246402643
PSMA6P1 (ENSG00000215414)	-1.8348720178018563	-0.22739217844367415	-0.10720134330912262	0.7395193839895112	0.6951813590710632	0.7347647964940812
MIR4477B (ENSG00000266017)	-1.1129111582865376	-0.7572604421783773	-0.637054942831431	0.17513226873781904	1.0392732992455773	1.2928209753129496
PILRA (ENSG00000085514)	0.8410116734929693	0.2300273945875331	1.423129161292934	-0.7563240614511597	-1.126228215975886	-0.6116159519463921
CACNA1D (ENSG00000157388)	0.5318279590526159	0.47720440215319315	1.1407558419784605	-1.7606982501486952	-0.11594069649988333	-0.27314925653569133
CSNK1G2-AS1 (ENSG00000180846)	0.023300509036305993	1.2276652862525885	1.1392749685443835	-1.231711342880525	-0.5238592257745864	-0.634670195178171
ACTG1P3 (ENSG00000215388)	0.261509216636724	1.2042092832063462	0.9308945072830964	-0.44769825267491237	-1.4820794131228077	-0.46683534132844995
MYL12BP1 (ENSG00000260490)	-0.09385936389629333	-0.6879146647634816	-1.5570436325773782	0.8635345375149224	0.37732439948077207	1.0979587242414603
RF00019 (ENSG00000202019)	-0.9400991098040609	-0.0644503755285225	-1.3618699453414664	1.1433524140900524	0.29359573255428834	0.9294712840297092
C16orf71 (ENSG00000166246)	1.4305388093764169	0.3518312656167592	0.6805099954577419	-1.2643465318341667	-0.44136466778841166	-0.7571688708283363
SENP3-EIF4A1 (ENSG00000277957)	0.6938433005236287	1.2220110331089928	0.41017287994948487	-1.6018249776099183	-0.48241533086999216	-0.24178690510219011
AC097359.2 (ENSG00000270194)	0.6919412293385994	1.1911243036545076	0.48537292129584664	-0.6428991989880993	-0.16822261167309438	-1.5573166436277601
GRTP1 (ENSG00000139835)	1.1463211102312305	0.15409459477529683	1.0738643563207175	-1.4391883047561929	-0.4842317880988134	-0.4508599684722405
LARGE-AS1 (ENSG00000224973)	-0.6246251672439964	-0.6618129199317416	-1.2592039306974327	0.5314844922511953	0.6360252047768123	1.3781323208451612
RF01241 (ENSG00000253092)	-1.4955985190079673	-0.10201179491500774	-0.7357167117830722	1.2893578431037855	0.5673724143246904	0.4765967682775701
AC005326.1 (ENSG00000226744)	0.8961734002834191	0.30971996588509715	1.1977336916761285	-0.16578388374810102	-1.378657463608103	-0.8591857104884423
BRD7P2 (ENSG00000184100)	-0.8522402276221185	-1.4980760737038756	0.07112604051357879	0.5427704064301309	0.5348789439802983	1.2015409104019852
SNORD59A (ENSG00000207031)	1.1726569169656713	0.6063440931631654	0.5186006778751686	-0.058716476486087146	-0.6302980397570678	-1.6085871717608522
AP002761.4 (ENSG00000260401)	-0.6160961164084753	-0.33462682165328217	-1.4582938534914183	0.5005588516825151	0.5604241424380262	1.348033797432635
AC006077.2 (ENSG00000279799)	1.431706159924455	0.9250480457703842	0.10826857953144396	-1.012717325466188	-0.6901697907760665	-0.7621356689840322
CEP164P1 (ENSG00000226937)	-0.7545299604139429	0.23316835466871194	-1.654240207620014	0.9009771371876198	0.5486766838156742	0.725947992361951
TSSK5P (ENSG00000227473)	1.226828819377198	0.8077778328439031	0.2552633299408655	-0.5109954861012189	-0.2060950826711989	-1.5727794133895545
RGS20 (ENSG00000147509)	-1.252561230989838	-0.42354614004035596	-0.7993256593551644	1.4413597175492536	0.4996315330203088	0.5344417798158004
MUC19 (ENSG00000205592)	1.029222051963067	1.0116045477653695	0.13868861796512233	-1.62162213772844	-0.5164786136408759	-0.04141446632424129
FAM32BP (ENSG00000203416)	-0.4941767423103853	-1.0157095401377334	-0.9689534318344375	0.1397320133892663	1.0470481962628393	1.2920595046304453
SRP54-AS1 (ENSG00000258704)	-1.8419183262777843	-0.16972882254320923	-0.08949902437786351	0.4656461079553563	0.7275768625659139	0.9079232026775844
AL391058.1 (ENSG00000232499)	-0.07786235736371175	-1.124979761495842	-1.188714869989404	0.47747396667370434	0.5996365232546955	1.3144464989205524
AL356489.2 (ENSG00000260947)	-0.6730916705873645	-1.4519006658871672	-0.30963330860147753	0.7970073392650514	0.3904741689379809	1.2471441368729799
ASXL3 (ENSG00000141431)	-0.3614111586956905	-0.2527143880884568	-1.6118345891143264	0.13527500548308238	1.0885003303230898	1.002184800092299
SNORD14E (ENSG00000200879)	0.09690406685889776	-1.0514548423016727	-1.3486605694797205	0.39244093954723397	0.7472562490368695	1.1635141563383922
AL592301.1 (ENSG00000227512)	1.2011043645894337	0.6604347866316181	0.48474231682639174	-1.1731958354963856	-1.227536445406866	0.05445081285580537
NKPD1 (ENSG00000179846)	0.18102156794064417	1.2271602297965598	0.8148087249547323	-1.6141185915486134	-0.24675424301750284	-0.3621176881258202
GNRHR2P1 (ENSG00000259169)	-1.812947889618936	0.0005815661157054536	-0.31656458437860363	0.9619721512766697	0.5255152273828075	0.6414435292223575
UCN (ENSG00000163794)	0.49286299044565457	1.3896537508086773	0.5236529760681364	-1.0978442799167205	-0.15887679212106975	-1.1494486452846782
SNORD12B (ENSG00000222365)	0.16886468604350435	1.3351608336560086	0.9355111024372444	-1.277304521674194	-0.5230183973831773	-0.6392137030793867
ANKRD20A3 (ENSG00000276203)	-0.4708966848223118	0.2483862647086501	-1.8104668813496794	0.8794639971358665	0.5738537764372871	0.5796595278901867
CCDC28B (ENSG00000160050)	0.8713844017254964	0.41341660030976934	0.7713415861960222	-0.29761584617802883	0.07990938538066786	-1.8384361274339216
IL9R (ENSG00000124334)	1.3796755396924432	0.918335355956599	0.17675696666953816	-0.6572663124371652	-1.1716743441892603	-0.6458272056921519
AC103591.4 (ENSG00000285928)	-0.1693668484861597	-1.7288669545187432	-0.32610399535946666	0.3750055995101118	0.8120914177841252	1.0372407810701312
TXLNB (ENSG00000164440)	0.3366660085897818	-1.4584784100579515	-1.069472798318999	0.7943436348312847	0.6313143175504753	0.7656272474054094
TMEM191C (ENSG00000206140)	0.2857593695170052	0.9581926196630959	0.8526610504392359	-0.11337684456867565	-0.18734500713363395	-1.7958911879170256
AC026202.2 (ENSG00000233912)	-1.572092985991753	-0.23761573587268492	-0.5279284178817438	1.244456505795139	0.3930324337271486	0.700148200223898
ABCB1 (ENSG00000085563)	0.49248015572883946	1.4973869310817023	0.5556250773109729	-1.0001186159385773	-0.6944259900309407	-0.8509475581519971
MARVELD2 (ENSG00000152939)	-1.080626076450786	-0.9658160015268769	-0.44116413211891414	1.481109436242504	0.5512999353155463	0.4551968385385242
AL031432.4 (ENSG00000284602)	-1.3405344699146344	-0.2979264205300991	-0.7354279060702779	0.1358050897616067	1.2777879025735508	0.9602958041798509
GAU1 (ENSG00000255474)	-0.3334329631940275	-1.5400062903441063	-0.5224685013215628	0.37531878148134207	1.1863280949594515	0.8342608784188994
AC007098.1 (ENSG00000231609)	-0.40746419919622234	-0.15728804910506394	-1.6706060258208428	0.26977190277995156	1.0657604422866365	0.8998259290555428
NFASC (ENSG00000163531)	1.45699784981854	0.7054171519306274	0.28560116063840446	-0.7416044838368845	-1.2353565069668804	-0.471055171583803
AL161452.1 (ENSG00000226706)	1.2274724545168663	1.1308931031098675	0.07249346033474985	-0.6135284187868394	-0.6075220720839747	-1.2098085270906642
CIRBP-AS1 (ENSG00000267493)	0.2652787788490657	0.7572943119076865	1.3592597069671284	-0.21796023242785592	-0.8371234548388435	-1.3267491104571811
AC099489.1 (ENSG00000188897)	0.1755890715343924	0.8347560451143508	1.3513790706193936	-0.21399953086754772	-1.2906214474174154	-0.8571032089831694
LHFPL1 (ENSG00000182508)	-1.8915625002875234	-0.2650870413940968	0.2496617131798848	0.42880568143138215	0.6584571644880873	0.8197249825822668
MSR1 (ENSG00000038945)	-1.0620119329632536	-1.4649747831733095	0.33459365307744526	0.6638549769742725	0.8148103898328631	0.7137276962519843
IL5RA (ENSG00000091181)	-0.6394862387121727	-1.6177844568775288	-0.00402358325283975	0.45649588058071955	1.1639116215793093	0.6408867766825128
PRDX3P1 (ENSG00000229598)	-0.017249906189565775	1.3135055982706256	1.1096793437295767	-0.7107222570835696	-0.6228643941174957	-1.07234838460957
TUBB6 (ENSG00000176014)	1.0931145824684467	0.594488903034526	0.4906244055895846	-1.733933238985131	0.007795928033470026	-0.45209058014089915
TNS2 (ENSG00000111077)	0.9538290339704688	1.3155018461054717	0.055448643743079416	-0.6498729672016108	-0.3218954956326515	-1.3530110609847557
LINC02528 (ENSG00000229922)	-1.6736964397169674	-0.14499404254592468	-0.39993900907872393	0.8197473953523304	0.2708711045224871	1.1280109914667968
CXCL12 (ENSG00000107562)	-0.2566370564543901	-1.4446963498175933	-0.6472664552871852	0.16666548638893688	1.190565934590508	0.9913684405797271
GLTPD2 (ENSG00000182327)	0.7459508934550328	0.7561180784688403	0.5797973795586946	-0.20531215550949067	-1.8690823429790302	-0.00747185299404468
GOLT1A (ENSG00000174567)	0.4886219388097517	0.6080377935560757	1.3859928881997703	-1.0631302546750512	-0.3018429654409983	-1.1176794004495487
MIR1244-3 (ENSG00000283429)	-0.8430001927294276	-0.7694041856719622	-0.8596109022779298	0.055782294819852	1.0735163714206994	1.342716614438766
AC104964.2 (ENSG00000261451)	-1.6394323908277009	-0.04370241408077317	-0.5666130910564703	0.9014146390158476	0.30827627425462134	1.0400569826944739
CHRNA7 (ENSG00000175344)	1.449525078653122	0.5728242515657345	0.4455097766167656	-0.34747912219180777	-1.102160708985146	-1.0182192756586705
PLXNB1 (ENSG00000164050)	1.1215453630797567	0.08035980975294975	1.1245711031871766	-0.18728680368820153	-0.7976793198098908	-1.3415101525217878
LBX2-AS1 (ENSG00000257702)	0.5441047868756747	1.4596044571576792	0.43697898423081977	-1.1306067742886885	-0.3042375123557515	-1.0058439416197351
AC003956.1 (ENSG00000268564)	0.28572200638339607	1.4109495556642175	0.8282562425555836	-1.040780156464763	-0.5732463555123204	-0.9109012926261144
CLDN20 (ENSG00000171217)	-0.9418733958571589	-0.42736456336794626	-1.1510407578866886	0.6009681930680019	0.5111577721150852	1.4081527519287067
RASA4DP (ENSG00000233297)	1.2767764534756065	1.0781098417612895	0.10566568492793195	-0.8878763691009519	-1.0790638586523895	-0.4936117524114842
AC007391.1 (ENSG00000232028)	-1.8322938925166279	0.2636483025148139	-0.44647152734777595	0.787442709202659	0.6039986876919372	0.6236757204549965
CCDC116 (ENSG00000161180)	0.919981623649884	1.1261454481402287	0.30310898535678715	-1.1051058272575343	0.009744302868437364	-1.2538745327578011
LINC01424 (ENSG00000236519)	0.0558218125336089	1.1673566594142446	1.1850923665008801	-0.6150873780758932	-0.5475698871146756	-1.245613573258162
GS1-124K5.4 (ENSG00000237310)	0.5043667399833613	1.3024454035499642	0.5694097357330328	-0.3378028361272726	-1.5356085249627076	-0.5028105181763739
FMR1-IT1 (ENSG00000236337)	-1.2427232786506006	0.12011067669888786	-1.1793572889980946	1.1863041898943643	0.6594597507884516	0.4562059502669946
TMPRSS11E (ENSG00000087128)	-1.309296861060067	-1.1334074127009874	0.12806058260998707	1.1161553437880192	0.7010772301642847	0.49741111719876446
DCHS1 (ENSG00000166341)	0.6534441491137248	0.3929847737278923	1.2133238626664729	-0.7705930718898842	0.0440286985321315	-1.5331884121503352
AC027237.1 (ENSG00000259191)	0.6174709844433278	0.593998144591677	1.0819846495263892	0.17781822748672985	-1.164950007889232	-1.3063219981588936
UBTD1 (ENSG00000165886)	1.3072341124421007	0.16344580775869155	0.8849615163136701	-1.2540535520104612	-0.9392970393339778	-0.16229084517002357
KLF1 (ENSG00000105610)	1.093614417862352	0.31047408261547854	0.8204869458319941	-1.489837351210411	0.15458839972456118	-0.8893264948239761
AC010435.1 (ENSG00000279557)	-1.9248486594400347	-0.23484297698488596	0.3291482000640553	0.6703606133100823	0.5127399695257615	0.6474428535250212
BATF3 (ENSG00000123685)	0.8062159251835325	1.4052726805526075	0.19165067659026827	-1.3200430671699093	-0.6102219330466598	-0.4728742821098415
ATF4P3 (ENSG00000228218)	-0.26429367136517756	-1.585692443266341	-0.4437366730110144	0.2177385525038407	1.1289886728634546	0.9469955622752415
AL355472.3 (ENSG00000236358)	-0.8425619702887306	-1.442077137225749	-0.040237348049381436	1.2295968755469908	0.7680447091686283	0.3272348708482472
HERC2P5 (ENSG00000260644)	-0.11350092097433406	-0.7043278112111627	-1.4858343365521276	0.4968285239540535	0.45387746253665223	1.3529570822469192
AL354718.3 (ENSG00000276832)	0.12621931547913112	1.3142271742676335	0.934429441307764	-0.22909219264338496	-0.9523927420536786	-1.1933909963574694
AC069236.1 (ENSG00000271711)	0.04124979718247439	0.957907769692358	1.4182163122480045	-0.6238174640550185	-1.086255271045035	-0.7073011440227784
AL139089.1 (ENSG00000273723)	0.11676586493414166	-1.3643253688274832	-1.0331352834725647	0.6686994651399857	0.4115422943815826	1.2004530278443368
ADAMTS13 (ENSG00000160323)	0.02418262490757888	1.1462233874471124	1.2403062576958788	-1.1549756864157414	-0.7392718687154258	-0.5164647149194028
KRT15 (ENSG00000171346)	-0.7174117541823428	-0.4399147361650269	-1.3063577629226957	0.6991664440230719	1.4016958734150455	0.36282193583194994
PITPNA-AS1 (ENSG00000236618)	0.2405862368817466	-0.3995878009013893	-1.8401126250512163	0.7526246779379554	0.4602701830135392	0.7862193281193652
1-Dec (ENSG00000173077)	-0.8077857191096786	0.1826469670447717	-1.564259306203736	0.6191174924681488	0.430867687825915	1.1394128779745791
CEP83-DT (ENSG00000278916)	-0.8948959972346977	-1.5709692672215758	0.29453204232766833	0.608089835153776	0.6190956947313534	0.94414769224347
FAM86B1 (ENSG00000186523)	1.340915123828092	0.9921474616000477	0.0791103949450564	-0.3805365165847454	-1.0529005025194245	-0.9787359612690252
AL008636.1 (ENSG00000280224)	-0.35882538419996823	-1.6788358600263185	-0.22398829886755472	1.198782280478811	0.513248805841068	0.5496184567739636
PEAK3 (ENSG00000188305)	0.22319519810022725	1.4592226970313895	0.7015287979690118	-1.3212628726758218	-0.6270663580449616	-0.43561746237984333
ERVFRD-1 (ENSG00000244476)	0.5907179878594763	0.45245935906693907	1.4314509833926736	-1.2632271071894452	-0.4215923780200846	-0.7898088451095557
